{
  "fio version" : "fio-3.39-28-gd2a4",
  "timestamp" : 1742404910,
  "timestamp_ms" : 1742404910434,
  "time" : "Wed Mar 19 10:21:50 2025",
  "jobs" : [
    {
      "jobname" : "FIOJOB",
      "groupid" : 0,
      "job_start" : 1742404880293,
      "error" : 0,
      "eta" : 0,
      "elapsed" : 31,
      "job options" : {
        "ioengine" : "libaio",
        "rw" : "randread",
        "size" : "10G",
        "bs" : "4k",
        "iodepth" : "1",
        "numjobs" : "2",
        "runtime" : "30",
        "loops" : "1",
        "direct" : "1",
        "log_avg_msec" : "1000",
        "invalidate" : "1",
        "write_bw_log" : "azuredisks/nvme0n14/4k/randread-iodepth-1-numjobs-2",
        "write_lat_log" : "azuredisks/nvme0n14/4k/randread-iodepth-1-numjobs-2",
        "write_iops_log" : "azuredisks/nvme0n14/4k/randread-iodepth-1-numjobs-2",
        "filename" : "/dev/nvme0n14"
      },
      "read" : {
        "io_bytes" : 39751680,
        "io_kbytes" : 38820,
        "bw_bytes" : 1325011,
        "bw" : 1293,
        "iops" : 323.489217,
        "runtime" : 30001,
        "total_ios" : 9705,
        "short_ios" : 0,
        "drop_ios" : 0,
        "slat_ns" : {
          "min" : 1515,
          "max" : 59403,
          "mean" : 4011.725605,
          "stddev" : 2895.470813,
          "N" : 9705
        },
        "clat_ns" : {
          "min" : 1422872,
          "max" : 162024490,
          "mean" : 3085801.150026,
          "stddev" : 2173822.918101,
          "N" : 9705,
          "percentile" : {
            "1.000000" : 2056192,
            "5.000000" : 2179072,
            "10.000000" : 2244608,
            "20.000000" : 2310144,
            "30.000000" : 2408448,
            "40.000000" : 2506752,
            "50.000000" : 2670592,
            "60.000000" : 2899968,
            "70.000000" : 3358720,
            "80.000000" : 3751936,
            "90.000000" : 4292608,
            "95.000000" : 4816896,
            "99.000000" : 6389760,
            "99.500000" : 7831552,
            "99.900000" : 13959168,
            "99.950000" : 26869760,
            "99.990000" : 162529280
          }
        },
        "lat_ns" : {
          "min" : 1425878,
          "max" : 162030083,
          "mean" : 3089812.875631,
          "stddev" : 2173842.422301,
          "N" : 9705
        },
        "bw_min" : 1088,
        "bw_max" : 1393,
        "bw_agg" : 52.212844,
        "bw_mean" : 1294.600000,
        "bw_dev" : 64.354407,
        "bw_samples" : 30,
        "iops_min" : 272,
        "iops_max" : 348,
        "iops_mean" : 323.500000,
        "iops_stddev" : 16.081152,
        "iops_samples" : 30
      },
      "write" : {
        "io_bytes" : 0,
        "io_kbytes" : 0,
        "bw_bytes" : 0,
        "bw" : 0,
        "iops" : 0.000000,
        "runtime" : 0,
        "total_ios" : 0,
        "short_ios" : 0,
        "drop_ios" : 0,
        "slat_ns" : {
          "min" : 0,
          "max" : 0,
          "mean" : 0.000000,
          "stddev" : 0.000000,
          "N" : 0
        },
        "clat_ns" : {
          "min" : 0,
          "max" : 0,
          "mean" : 0.000000,
          "stddev" : 0.000000,
          "N" : 0
        },
        "lat_ns" : {
          "min" : 0,
          "max" : 0,
          "mean" : 0.000000,
          "stddev" : 0.000000,
          "N" : 0
        },
        "bw_min" : 0,
        "bw_max" : 0,
        "bw_agg" : 0.000000,
        "bw_mean" : 0.000000,
        "bw_dev" : 0.000000,
        "bw_samples" : 0,
        "iops_min" : 0,
        "iops_max" : 0,
        "iops_mean" : 0.000000,
        "iops_stddev" : 0.000000,
        "iops_samples" : 0
      },
      "trim" : {
        "io_bytes" : 0,
        "io_kbytes" : 0,
        "bw_bytes" : 0,
        "bw" : 0,
        "iops" : 0.000000,
        "runtime" : 0,
        "total_ios" : 0,
        "short_ios" : 0,
        "drop_ios" : 0,
        "slat_ns" : {
          "min" : 0,
          "max" : 0,
          "mean" : 0.000000,
          "stddev" : 0.000000,
          "N" : 0
        },
        "clat_ns" : {
          "min" : 0,
          "max" : 0,
          "mean" : 0.000000,
          "stddev" : 0.000000,
          "N" : 0
        },
        "lat_ns" : {
          "min" : 0,
          "max" : 0,
          "mean" : 0.000000,
          "stddev" : 0.000000,
          "N" : 0
        },
        "bw_min" : 0,
        "bw_max" : 0,
        "bw_agg" : 0.000000,
        "bw_mean" : 0.000000,
        "bw_dev" : 0.000000,
        "bw_samples" : 0,
        "iops_min" : 0,
        "iops_max" : 0,
        "iops_mean" : 0.000000,
        "iops_stddev" : 0.000000,
        "iops_samples" : 0
      },
      "sync" : {
        "total_ios" : 0,
        "lat_ns" : {
          "min" : 0,
          "max" : 0,
          "mean" : 0.000000,
          "stddev" : 0.000000,
          "N" : 0
        }
      },
      "job_runtime" : 30000,
      "usr_cpu" : 0.186667,
      "sys_cpu" : 0.330000,
      "ctx" : 9705,
      "majf" : 0,
      "minf" : 46,
      "iodepth_level" : {
        "1" : 100.000000,
        "2" : 0.000000,
        "4" : 0.000000,
        "8" : 0.000000,
        "16" : 0.000000,
        "32" : 0.000000,
        ">=64" : 0.000000
      },
      "iodepth_submit" : {
        "0" : 0.000000,
        "4" : 100.000000,
        "8" : 0.000000,
        "16" : 0.000000,
        "32" : 0.000000,
        "64" : 0.000000,
        ">=64" : 0.000000
      },
      "iodepth_complete" : {
        "0" : 0.000000,
        "4" : 100.000000,
        "8" : 0.000000,
        "16" : 0.000000,
        "32" : 0.000000,
        "64" : 0.000000,
        ">=64" : 0.000000
      },
      "latency_ns" : {
        "2" : 0.000000,
        "4" : 0.000000,
        "10" : 0.000000,
        "20" : 0.000000,
        "50" : 0.000000,
        "100" : 0.000000,
        "250" : 0.000000,
        "500" : 0.000000,
        "750" : 0.000000,
        "1000" : 0.000000
      },
      "latency_us" : {
        "2" : 0.000000,
        "4" : 0.000000,
        "10" : 0.000000,
        "20" : 0.000000,
        "50" : 0.000000,
        "100" : 0.000000,
        "250" : 0.000000,
        "500" : 0.000000,
        "750" : 0.000000,
        "1000" : 0.000000
      },
      "latency_ms" : {
        "2" : 0.587326,
        "4" : 85.388975,
        "10" : 13.766100,
        "20" : 0.185471,
        "50" : 0.030912,
        "100" : 0.030912,
        "250" : 0.010304,
        "500" : 0.000000,
        "750" : 0.000000,
        "1000" : 0.000000,
        "2000" : 0.000000,
        ">=2000" : 0.000000
      },
      "latency_depth" : 1,
      "latency_target" : 0,
      "latency_percentile" : 100.000000,
      "latency_window" : 0
    },
    {
      "jobname" : "FIOJOB",
      "groupid" : 0,
      "job_start" : 1742404880293,
      "error" : 0,
      "eta" : 0,
      "elapsed" : 31,
      "job options" : {
        "ioengine" : "libaio",
        "rw" : "randread",
        "size" : "10G",
        "bs" : "4k",
        "iodepth" : "1",
        "numjobs" : "2",
        "runtime" : "30",
        "loops" : "1",
        "direct" : "1",
        "log_avg_msec" : "1000",
        "invalidate" : "1",
        "write_bw_log" : "azuredisks/nvme0n14/4k/randread-iodepth-1-numjobs-2",
        "write_lat_log" : "azuredisks/nvme0n14/4k/randread-iodepth-1-numjobs-2",
        "write_iops_log" : "azuredisks/nvme0n14/4k/randread-iodepth-1-numjobs-2",
        "filename" : "/dev/nvme0n14"
      },
      "read" : {
        "io_bytes" : 36384768,
        "io_kbytes" : 35532,
        "bw_bytes" : 1212785,
        "bw" : 1184,
        "iops" : 296.090130,
        "runtime" : 30001,
        "total_ios" : 8883,
        "short_ios" : 0,
        "drop_ios" : 0,
        "slat_ns" : {
          "min" : 1505,
          "max" : 63954,
          "mean" : 4030.581898,
          "stddev" : 2895.227114,
          "N" : 8883
        },
        "clat_ns" : {
          "min" : 1385831,
          "max" : 132513163,
          "mean" : 3371854.449961,