{
  "fio version" : "fio-3.39-28-gd2a4",
  "timestamp" : 1742404423,
  "timestamp_ms" : 1742404423717,
  "time" : "Wed Mar 19 10:13:43 2025",
  "jobs" : [
    {
      "jobname" : "FIOJOB",
      "groupid" : 0,
      "job_start" : 1742404363635,
      "error" : 0,
      "eta" : 0,
      "elapsed" : 61,
      "job options" : {
        "ioengine" : "libaio",
        "rw" : "randread",
        "bs" : "4k",
        "iodepth" : "1",
        "numjobs" : "1",
        "runtime" : "60",
        "loops" : "1",
        "direct" : "1",
        "log_avg_msec" : "1000",
        "invalidate" : "1",
        "write_bw_log" : "RAID_ARRAY/nvme0n13/4k/randread-iodepth-1-numjobs-1",
        "write_lat_log" : "RAID_ARRAY/nvme0n13/4k/randread-iodepth-1-numjobs-1",
        "write_iops_log" : "RAID_ARRAY/nvme0n13/4k/randread-iodepth-1-numjobs-1",
        "filename" : "/dev/nvme0n13"
      },
      "read" : {
        "io_bytes" : 89288704,
        "io_kbytes" : 87196,
        "bw_bytes" : 1488120,
        "bw" : 1453,
        "iops" : 363.310611,
        "runtime" : 60001,
        "total_ios" : 21799,
        "short_ios" : 0,
        "drop_ios" : 0,
        "slat_ns" : {
          "min" : 1542,
          "max" : 66814,
          "mean" : 2309.752466,
          "stddev" : 1755.868982,
          "N" : 21799
        },
        "clat_ns" : {
          "min" : 1779651,
          "max" : 159307967,
          "mean" : 2748887.051837,
          "stddev" : 1544581.919497,
          "N" : 21799,
          "percentile" : {
            "1.000000" : 1990656,
            "5.000000" : 2113536,
            "10.000000" : 2146304,
            "20.000000" : 2244608,
            "30.000000" : 2310144,
            "40.000000" : 2375680,
            "50.000000" : 2473984,
            "60.000000" : 2605056,
            "70.000000" : 2768896,
            "80.000000" : 3063808,
            "90.000000" : 3522560,
            "95.000000" : 4112384,
            "99.000000" : 6062080,
            "99.500000" : 7634944,
            "99.900000" : 11206656,
            "99.950000" : 13959168,
            "99.990000" : 76021760
          }
        },
        "lat_ns" : {
          "min" : 1781258,
          "max" : 159309762,
          "mean" : 2751196.804303,
          "stddev" : 1544584.137119,
          "N" : 21799
        },
        "bw_min" : 1129,
        "bw_max" : 1556,
        "bw_agg" : 99.983335,
        "bw_mean" : 1453.900000,
        "bw_dev" : 102.456721,
        "bw_samples" : 60,
        "iops_min" : 282,
        "iops_max" : 389,
        "iops_mean" : 363.300000,
        "iops_stddev" : 25.620635,
        "iops_samples" : 60
      },
      "write" : {
        "io_bytes" : 0,
        "io_kbytes" : 0,
        "bw_bytes" : 0,
        "bw" : 0,
        "iops" : 0.000000,
        "runtime" : 0,
        "total_ios" : 0,
        "short_ios" : 0,
        "drop_ios" : 0,
        "slat_ns" : {
          "min" : 0,
          "max" : 0,
          "mean" : 0.000000,
          "stddev" : 0.000000,
          "N" : 0
        },
        "clat_ns" : {
          "min" : 0,
          "max" : 0,
          "mean" : 0.000000,
          "stddev" : 0.000000,
          "N" : 0
        },
        "lat_ns" : {
          "min" : 0,
          "max" : 0,
          "mean" : 0.000000,
          "stddev" : 0.000000,
          "N" : 0
        },
        "bw_min" : 0,
        "bw_max" : 0,
        "bw_agg" : 0.000000,
        "bw_mean" : 0.000000,
        "bw_dev" : 0.000000,
        "bw_samples" : 0,
        "iops_min" : 0,
        "iops_max" : 0,
        "iops_mean" : 0.000000,
        "iops_stddev" : 0.000000,
        "iops_samples" : 0
      },
      "trim" : {
        "io_bytes" : 0,
        "io_kbytes" : 0,
        "bw_bytes" : 0,
        "bw" : 0,
        "iops" : 0.000000,
        "runtime" : 0,
        "total_ios" : 0,
        "short_ios" : 0,
        "drop_ios" : 0,
        "slat_ns" : {
          "min" : 0,
          "max" : 0,
          "mean" : 0.000000,
          "stddev" : 0.000000,
          "N" : 0
        },
        "clat_ns" : {
          "min" : 0,
          "max" : 0,
          "mean" : 0.000000,
          "stddev" : 0.000000,
          "N" : 0
        },
        "lat_ns" : {
          "min" : 0,
          "max" : 0,
          "mean" : 0.000000,
          "stddev" : 0.000000,
          "N" : 0
        },
        "bw_min" : 0,
        "bw_max" : 0,
        "bw_agg" : 0.000000,
        "bw_mean" : 0.000000,
        "bw_dev" : 0.000000,
        "bw_samples" : 0,
        "iops_min" : 0,
        "iops_max" : 0,
        "iops_mean" : 0.000000,
        "iops_stddev" : 0.000000,
        "iops_samples" : 0
      },
      "sync" : {
        "total_ios" : 0,
        "lat_ns" : {
          "min" : 0,
          "max" : 0,
          "mean" : 0.000000,
          "stddev" : 0.000000,
          "N" : 0
        }
      },
      "job_runtime" : 60000,
      "usr_cpu" : 0.118333,
      "sys_cpu" : 0.235000,
      "ctx" : 21799,
      "majf" : 0,
      "minf" : 45,
      "iodepth_level" : {
        "1" : 100.000000,
        "2" : 0.000000,
        "4" : 0.000000,
        "8" : 0.000000,
        "16" : 0.000000,
        "32" : 0.000000,
        ">=64" : 0.000000
      },
      "iodepth_submit" : {
        "0" : 0.000000,
        "4" : 100.000000,
        "8" : 0.000000,
        "16" : 0.000000,
        "32" : 0.000000,
        "64" : 0.000000,
        ">=64" : 0.000000
      },
      "iodepth_complete" : {
        "0" : 0.000000,
        "4" : 100.000000,
        "8" : 0.000000,
        "16" : 0.000000,
        "32" : 0.000000,
        "64" : 0.000000,
        ">=64" : 0.000000
      },
      "latency_ns" : {
        "2" : 0.000000,
        "4" : 0.000000,
        "10" : 0.000000,
        "20" : 0.000000,
        "50" : 0.000000,
        "100" : 0.000000,
        "250" : 0.000000,
        "500" : 0.000000,
        "750" : 0.000000,
        "1000" : 0.000000
      },
      "latency_us" : {
        "2" : 0.000000,
        "4" : 0.000000,
        "10" : 0.000000,
        "20" : 0.000000,
        "50" : 0.000000,
        "100" : 0.000000,
        "250" : 0.000000,
        "500" : 0.000000,
        "750" : 0.000000,
        "1000" : 0.000000
      },
      "latency_ms" : {
        "2" : 1.068856,
        "4" : 93.316207,
        "10" : 5.454379,
        "20" : 0.146796,
        "50" : 0.000000,
        "100" : 0.010000,
        "250" : 0.010000,
        "500" : 0.000000,
        "750" : 0.000000,
        "1000" : 0.000000,
        "2000" : 0.000000,
        ">=2000" : 0.000000
      },
      "latency_depth" : 1,
      "latency_target" : 0,
      "latency_percentile" : 100.000000,
      "latency_window" : 0
    }
  ],
  "disk_util" : [
    {
      "name" : "nvme0n13",
      "read_ios" : 21755,
      "write_ios" : 0,
      "read_sectors" : 174040,
      "write_sectors" : 0,
      "read_merges" : 0,
      "write_merges" : 0,
      "read_ticks" : 59639,
      "write_ticks" : 0,
      "in_queue" : 59639,
      "util" : 99.479254
    }
  ]
}
