{
  "fio version" : "fio-3.39-28-gd2a4",
  "timestamp" : 1742514099,
  "timestamp_ms" : 1742514099548,
  "time" : "Thu Mar 20 16:41:39 2025",
  "jobs" : [
    {
      "jobname" : "FIOJOB",
      "groupid" : 0,
      "job_start" : 1742513924697,
      "error" : 0,
      "eta" : 0,
      "elapsed" : 175,
      "job options" : {
        "ioengine" : "libaio",
        "rw" : "randread",
        "size" : "10G",
        "bs" : "4k",
        "iodepth" : "32",
        "numjobs" : "1",
        "runtime" : "180",
        "loops" : "1",
        "direct" : "1",
        "log_avg_msec" : "1000",
        "invalidate" : "1",
        "write_bw_log" : "../azuredisks/nvme0n11/4k/randread-iodepth-32-numjobs-1",
        "write_lat_log" : "../azuredisks/nvme0n11/4k/randread-iodepth-32-numjobs-1",
        "write_iops_log" : "../azuredisks/nvme0n11/4k/randread-iodepth-32-numjobs-1",
        "filename" : "/dev/nvme0n11"
      },
      "read" : {
        "io_bytes" : 10737418240,
        "io_kbytes" : 10485760,
        "bw_bytes" : 61496184,
        "bw" : 60054,
        "iops" : 15013.716832,
        "runtime" : 174603,
        "total_ios" : 2621440,
        "short_ios" : 0,
        "drop_ios" : 0,
        "slat_ns" : {
          "min" : 1038,
          "max" : 183982,
          "mean" : 1268.218338,
          "stddev" : 449.634659,
          "N" : 2621440
        },
        "clat_ns" : {
          "min" : 907757,
          "max" : 121525193,
          "mean" : 2129741.522541,
          "stddev" : 961448.304210,
          "N" : 2621440,
          "percentile" : {
            "1.000000" : 1105920,
            "5.000000" : 1466368,
            "10.000000" : 1695744,
            "20.000000" : 1777664,
            "30.000000" : 1843200,
            "40.000000" : 1892352,
            "50.000000" : 1957888,
            "60.000000" : 2039808,
            "70.000000" : 2146304,
            "80.000000" : 2375680,
            "90.000000" : 2736128,
            "95.000000" : 3129344,
            "99.000000" : 4816896,
            "99.500000" : 6127616,
            "99.900000" : 10158080,
            "99.950000" : 13828096,
            "99.990000" : 38535168
          }
        },
        "lat_ns" : {
          "min" : 909016,
          "max" : 121526715,
          "mean" : 2131009.740879,
          "stddev" : 961449.961253,
          "N" : 2621440
        },
        "bw_min" : 50306,
        "bw_max" : 73861,
        "bw_agg" : 100.000000,
        "bw_mean" : 60072.632184,
        "bw_dev" : 2496.848694,
        "bw_samples" : 174,
        "iops_min" : 12576,
        "iops_max" : 18465,
        "iops_mean" : 15017.931034,
        "iops_stddev" : 624.221898,
        "iops_samples" : 174
      },
      "write" : {
        "io_bytes" : 0,
        "io_kbytes" : 0,
        "bw_bytes" : 0,
        "bw" : 0,
        "iops" : 0.000000,
        "runtime" : 0,
        "total_ios" : 0,
        "short_ios" : 0,
        "drop_ios" : 0,
        "slat_ns" : {
          "min" : 0,
          "max" : 0,
          "mean" : 0.000000,
          "stddev" : 0.000000,
          "N" : 0
        },
        "clat_ns" : {
          "min" : 0,
          "max" : 0,
          "mean" : 0.000000,
          "stddev" : 0.000000,
          "N" : 0
        },
        "lat_ns" : {
          "min" : 0,
          "max" : 0,
          "mean" : 0.000000,
          "stddev" : 0.000000,
          "N" : 0
        },
        "bw_min" : 0,
        "bw_max" : 0,
        "bw_agg" : 0.000000,
        "bw_mean" : 0.000000,
        "bw_dev" : 0.000000,
        "bw_samples" : 0,
        "iops_min" : 0,
        "iops_max" : 0,
        "iops_mean" : 0.000000,
        "iops_stddev" : 0.000000,
        "iops_samples" : 0
      },
      "trim" : {
        "io_bytes" : 0,
        "io_kbytes" : 0,
        "bw_bytes" : 0,
        "bw" : 0,
        "iops" : 0.000000,
        "runtime" : 0,
        "total_ios" : 0,
        "short_ios" : 0,
        "drop_ios" : 0,
        "slat_ns" : {
          "min" : 0,
          "max" : 0,
          "mean" : 0.000000,
          "stddev" : 0.000000,
          "N" : 0
        },
        "clat_ns" : {
          "min" : 0,
          "max" : 0,
          "mean" : 0.000000,
          "stddev" : 0.000000,
          "N" : 0
        },
        "lat_ns" : {
          "min" : 0,
          "max" : 0,
          "mean" : 0.000000,
          "stddev" : 0.000000,
          "N" : 0
        },
        "bw_min" : 0,
        "bw_max" : 0,
        "bw_agg" : 0.000000,
        "bw_mean" : 0.000000,
        "bw_dev" : 0.000000,
        "bw_samples" : 0,
        "iops_min" : 0,
        "iops_max" : 0,
        "iops_mean" : 0.000000,
        "iops_stddev" : 0.000000,
        "iops_samples" : 0
      },
      "sync" : {
        "total_ios" : 0,
        "lat_ns" : {
          "min" : 0,
          "max" : 0,
          "mean" : 0.000000,
          "stddev" : 0.000000,
          "N" : 0
        }
      },
      "job_runtime" : 174602,
      "usr_cpu" : 1.777185,
      "sys_cpu" : 5.511392,
      "ctx" : 2257812,
      "majf" : 0,
      "minf" : 78,
      "iodepth_level" : {
        "1" : 0.100000,
        "2" : 0.100000,
        "4" : 0.100000,
        "8" : 0.100000,
        "16" : 0.100000,
        "32" : 99.998817,
        ">=64" : 0.000000
      },
      "iodepth_submit" : {
        "0" : 0.000000,
        "4" : 100.000000,
        "8" : 0.000000,
        "16" : 0.000000,
        "32" : 0.000000,
        "64" : 0.000000,
        ">=64" : 0.000000
      },
      "iodepth_complete" : {
        "0" : 0.000000,
        "4" : 99.999962,
        "8" : 0.000000,
        "16" : 0.000000,
        "32" : 0.100000,
        "64" : 0.000000,
        ">=64" : 0.000000
      },
      "latency_ns" : {
        "2" : 0.000000,
        "4" : 0.000000,
        "10" : 0.000000,
        "20" : 0.000000,
        "50" : 0.000000,
        "100" : 0.000000,
        "250" : 0.000000,
        "500" : 0.000000,
        "750" : 0.000000,
        "1000" : 0.000000
      },
      "latency_us" : {
        "2" : 0.000000,
        "4" : 0.000000,
        "10" : 0.000000,
        "20" : 0.000000,
        "50" : 0.000000,
        "100" : 0.000000,
        "250" : 0.000000,
        "500" : 0.000000,
        "750" : 0.000000,
        "1000" : 0.055962
      },
      "latency_ms" : {
        "2" : 55.747070,
        "4" : 42.398109,
        "10" : 1.694527,
        "20" : 0.075073,
        "50" : 0.023537,
        "100" : 0.010000,
        "250" : 0.010000,
        "500" : 0.000000,
        "750" : 0.000000,
        "1000" : 0.000000,
        "2000" : 0.000000,
        ">=2000" : 0.000000
      },
      "latency_depth" : 32,
      "latency_target" : 0,
      "latency_percentile" : 100.000000,
      "latency_window" : 0
    }
  ],
  "disk_util" : [
    {
      "name" : "nvme0n11",
      "read_ios" : 2621431,
      "write_ios" : 0,
      "read_sectors" : 20971448,
      "write_sectors" : 0,
      "read_merges" : 0,
      "write_merges" : 0,
      "read_ticks" : 5574070,
      "write_ticks" : 0,
      "in_queue" : 5574070,
      "util" : 100.000000
    }
  ]
}
