{
  "fio version" : "fio-3.39-28-gd2a4",
  "timestamp" : 1742514279,
  "timestamp_ms" : 1742514279208,
  "time" : "Thu Mar 20 16:44:39 2025",
  "jobs" : [
    {
      "jobname" : "FIOJOB",
      "groupid" : 0,
      "job_start" : 1742514099857,
      "error" : 0,
      "eta" : 0,
      "elapsed" : 180,
      "job options" : {
        "ioengine" : "libaio",
        "rw" : "randread",
        "size" : "10G",
        "bs" : "4k",
        "iodepth" : "32",
        "numjobs" : "2",
        "runtime" : "180",
        "loops" : "1",
        "direct" : "1",
        "log_avg_msec" : "1000",
        "invalidate" : "1",
        "write_bw_log" : "../azuredisks/nvme0n11/4k/randread-iodepth-32-numjobs-2",
        "write_lat_log" : "../azuredisks/nvme0n11/4k/randread-iodepth-32-numjobs-2",
        "write_iops_log" : "../azuredisks/nvme0n11/4k/randread-iodepth-32-numjobs-2",
        "filename" : "/dev/nvme0n11"
      },
      "read" : {
        "io_bytes" : 10737418240,
        "io_kbytes" : 10485760,
        "bw_bytes" : 59899575,
        "bw" : 58495,
        "iops" : 14623.919847,
        "runtime" : 179257,
        "total_ios" : 2621440,
        "short_ios" : 0,
        "drop_ios" : 0,
        "slat_ns" : {
          "min" : 1041,
          "max" : 79727,
          "mean" : 1280.050113,
          "stddev" : 368.839258,
          "N" : 2621440
        },
        "clat_ns" : {
          "min" : 895241,
          "max" : 825369250,
          "mean" : 2186533.261677,
          "stddev" : 2182668.580487,
          "N" : 2621440,
          "percentile" : {
            "1.000000" : 1089536,
            "5.000000" : 1351680,
            "10.000000" : 1679360,
            "20.000000" : 1777664,
            "30.000000" : 1843200,
            "40.000000" : 1892352,
            "50.000000" : 1974272,
            "60.000000" : 2072576,
            "70.000000" : 2211840,
            "80.000000" : 2441216,
            "90.000000" : 2834432,
            "95.000000" : 3293184,
            "99.000000" : 5734400,
            "99.500000" : 7569408,
            "99.900000" : 13697024,
            "99.950000" : 17432576,
            "99.990000" : 42729472
          }
        },
        "lat_ns" : {
          "min" : 896486,
          "max" : 825370573,
          "mean" : 2187813.311789,
          "stddev" : 2182670.432414,
          "N" : 2621440
        },
        "bw_min" : 32776,
        "bw_max" : 64600,
        "bw_agg" : 50.033610,
        "bw_mean" : 58535.480447,
        "bw_dev" : 2419.756356,
        "bw_samples" : 179,
        "iops_min" : 8194,
        "iops_max" : 16150,
        "iops_mean" : 14633.653631,
        "iops_stddev" : 604.919758,
        "iops_samples" : 179
      },
      "write" : {
        "io_bytes" : 0,
        "io_kbytes" : 0,
        "bw_bytes" : 0,
        "bw" : 0,
        "iops" : 0.000000,
        "runtime" : 0,
        "total_ios" : 0,
        "short_ios" : 0,
        "drop_ios" : 0,
        "slat_ns" : {
          "min" : 0,
          "max" : 0,
          "mean" : 0.000000,
          "stddev" : 0.000000,
          "N" : 0
        },
        "clat_ns" : {
          "min" : 0,
          "max" : 0,
          "mean" : 0.000000,
          "stddev" : 0.000000,
          "N" : 0
        },
        "lat_ns" : {
          "min" : 0,
          "max" : 0,
          "mean" : 0.000000,
          "stddev" : 0.000000,
          "N" : 0
        },
        "bw_min" : 0,
        "bw_max" : 0,
        "bw_agg" : 0.000000,
        "bw_mean" : 0.000000,
        "bw_dev" : 0.000000,
        "bw_samples" : 0,
        "iops_min" : 0,
        "iops_max" : 0,
        "iops_mean" : 0.000000,
        "iops_stddev" : 0.000000,
        "iops_samples" : 0
      },
      "trim" : {
        "io_bytes" : 0,
        "io_kbytes" : 0,
        "bw_bytes" : 0,
        "bw" : 0,
        "iops" : 0.000000,
        "runtime" : 0,
        "total_ios" : 0,
        "short_ios" : 0,
        "drop_ios" : 0,
        "slat_ns" : {
          "min" : 0,
          "max" : 0,
          "mean" : 0.000000,
          "stddev" : 0.000000,
          "N" : 0
        },
        "clat_ns" : {
          "min" : 0,
          "max" : 0,
          "mean" : 0.000000,
          "stddev" : 0.000000,
          "N" : 0
        },
        "lat_ns" : {
          "min" : 0,
          "max" : 0,
          "mean" : 0.000000,
          "stddev" : 0.000000,
          "N" : 0
        },
        "bw_min" : 0,
        "bw_max" : 0,
        "bw_agg" : 0.000000,
        "bw_mean" : 0.000000,
        "bw_dev" : 0.000000,
        "bw_samples" : 0,
        "iops_min" : 0,
        "iops_max" : 0,
        "iops_mean" : 0.000000,
        "iops_stddev" : 0.000000,
        "iops_samples" : 0
      },
      "sync" : {
        "total_ios" : 0,
        "lat_ns" : {
          "min" : 0,
          "max" : 0,
          "mean" : 0.000000,
          "stddev" : 0.000000,
          "N" : 0
        }
      },
      "job_runtime" : 179256,
      "usr_cpu" : 1.731044,
      "sys_cpu" : 5.365511,
      "ctx" : 2272081,
      "majf" : 0,
      "minf" : 80,
      "iodepth_level" : {
        "1" : 0.100000,
        "2" : 0.100000,
        "4" : 0.100000,
        "8" : 0.100000,
        "16" : 0.100000,
        "32" : 99.998817,
        ">=64" : 0.000000
      },
      "iodepth_submit" : {
        "0" : 0.000000,
        "4" : 100.000000,
        "8" : 0.000000,
        "16" : 0.000000,
        "32" : 0.000000,
        "64" : 0.000000,
        ">=64" : 0.000000
      },
      "iodepth_complete" : {
        "0" : 0.000000,
        "4" : 99.999962,
        "8" : 0.000000,
        "16" : 0.000000,
        "32" : 0.100000,
        "64" : 0.000000,
        ">=64" : 0.000000
      },
      "latency_ns" : {
        "2" : 0.000000,
        "4" : 0.000000,
        "10" : 0.000000,
        "20" : 0.000000,
        "50" : 0.000000,
        "100" : 0.000000,
        "250" : 0.000000,
        "500" : 0.000000,
        "750" : 0.000000,
        "1000" : 0.000000
      },
      "latency_us" : {
        "2" : 0.000000,
        "4" : 0.000000,
        "10" : 0.000000,
        "20" : 0.000000,
        "50" : 0.000000,
        "100" : 0.000000,
        "250" : 0.000000,
        "500" : 0.000000,
        "750" : 0.000000,
        "1000" : 0.092964
      },
      "latency_ms" : {
        "2" : 53.318176,
        "4" : 44.104462,
        "10" : 2.246552,
        "20" : 0.197983,
        "50" : 0.033264,
        "100" : 0.010000,
        "250" : 0.000000,
        "500" : 0.000000,
        "750" : 0.010000,
        "1000" : 0.010000,
        "2000" : 0.000000,
        ">=2000" : 0.000000
      },
      "latency_depth" : 32,
      "latency_target" : 0,
      "latency_percentile" : 100.000000,
      "latency_window" : 0
    },
    {
      "jobname" : "FIOJOB",
      "groupid" : 0,
      "job_start" : 1742514099857,
      "error" : 0,
      "eta" : 0,
      "elapsed" : 180,
      "job options" : {
        "ioengine" : "libaio",
        "rw" : "randread",
        "size" : "10G",
        "bs" : "4k",
        "iodepth" : "32",
        "numjobs" : "2",
        "runtime" : "180",
        "loops" : "1",
        "direct" : "1",
        "log_avg_msec" : "1000",
        "invalidate" : "1",
        "write_bw_log" : "../azuredisks/nvme0n11/4k/randread-iodepth-32-numjobs-2",
        "write_lat_log" : "../azuredisks/nvme0n11/4k/randread-iodepth-32-numjobs-2",
        "write_iops_log" : "../azuredisks/nvme0n11/4k/randread-iodepth-32-numjobs-2",
        "filename" : "/dev/nvme0n11"
      },
      "read" : {
        "io_bytes" : 10737418240,
        "io_kbytes" : 10485760,
        "bw_bytes" : 59916956,
        "bw" : 58512,
        "iops" : 14628.163277,
        "runtime" : 179205,
        "total_ios" : 2621440,
        "short_ios" : 0,
        "drop_ios" : 0,
        "slat_ns" : {
          "min" : 1048,
          "max" : 100812,
          "mean" : 1270.996496,
          "stddev" : 352.212066,
          "N" : 2621440
        },
        "clat_ns" : {
          "min" : 879191,