{
  "fio version" : "fio-3.39-28-gd2a4",
  "timestamp" : 1742511578,
  "timestamp_ms" : 1742511578133,
  "time" : "Thu Mar 20 15:59:38 2025",
  "jobs" : [
    {
      "jobname" : "FIOJOB",
      "groupid" : 0,
      "job_start" : 1742511398033,
      "error" : 0,
      "eta" : 0,
      "elapsed" : 181,
      "job options" : {
        "ioengine" : "libaio",
        "rw" : "randread",
        "size" : "10G",
        "bs" : "4k",
        "iodepth" : "8",
        "numjobs" : "1",
        "runtime" : "180",
        "loops" : "1",
        "direct" : "1",
        "log_avg_msec" : "1000",
        "invalidate" : "1",
        "write_bw_log" : "../azuredisks/nvme0n11/4k/randread-iodepth-8-numjobs-1",
        "write_lat_log" : "../azuredisks/nvme0n11/4k/randread-iodepth-8-numjobs-1",
        "write_iops_log" : "../azuredisks/nvme0n11/4k/randread-iodepth-8-numjobs-1",
        "filename" : "/dev/nvme0n11"
      },
      "read" : {
        "io_bytes" : 2593157120,
        "io_kbytes" : 2532380,
        "bw_bytes" : 14405868,
        "bw" : 14068,
        "iops" : 3517.057670,
        "runtime" : 180007,
        "total_ios" : 633095,
        "short_ios" : 0,
        "drop_ios" : 0,
        "slat_ns" : {
          "min" : 1143,
          "max" : 249265,
          "mean" : 2920.603822,
          "stddev" : 2483.930175,
          "N" : 633095
        },
        "clat_ns" : {
          "min" : 950745,
          "max" : 166859196,
          "mean" : 2270808.525890,
          "stddev" : 1233890.404315,
          "N" : 633095,
          "percentile" : {
            "1.000000" : 1449984,
            "5.000000" : 1761280,
            "10.000000" : 1826816,
            "20.000000" : 1892352,
            "30.000000" : 1957888,
            "40.000000" : 2007040,
            "50.000000" : 2072576,
            "60.000000" : 2146304,
            "70.000000" : 2277376,
            "80.000000" : 2473984,
            "90.000000" : 2801664,
            "95.000000" : 3194880,
            "99.000000" : 5210112,
            "99.500000" : 6979584,
            "99.900000" : 13959168,
            "99.950000" : 22151168,
            "99.990000" : 46399488
          }
        },
        "lat_ns" : {
          "min" : 951976,
          "max" : 166864488,
          "mean" : 2273729.129712,
          "stddev" : 1233915.809863,
          "N" : 633095
        },
        "bw_min" : 12032,
        "bw_max" : 14856,
        "bw_agg" : 100.000000,
        "bw_mean" : 14078.105556,
        "bw_dev" : 428.589678,
        "bw_samples" : 180,
        "iops_min" : 3008,
        "iops_max" : 3714,
        "iops_mean" : 3519.233333,
        "iops_stddev" : 107.068823,
        "iops_samples" : 180
      },
      "write" : {
        "io_bytes" : 0,
        "io_kbytes" : 0,
        "bw_bytes" : 0,
        "bw" : 0,
        "iops" : 0.000000,
        "runtime" : 0,
        "total_ios" : 0,
        "short_ios" : 0,
        "drop_ios" : 0,
        "slat_ns" : {
          "min" : 0,
          "max" : 0,
          "mean" : 0.000000,
          "stddev" : 0.000000,
          "N" : 0
        },
        "clat_ns" : {
          "min" : 0,
          "max" : 0,
          "mean" : 0.000000,
          "stddev" : 0.000000,
          "N" : 0
        },
        "lat_ns" : {
          "min" : 0,
          "max" : 0,
          "mean" : 0.000000,
          "stddev" : 0.000000,
          "N" : 0
        },
        "bw_min" : 0,
        "bw_max" : 0,
        "bw_agg" : 0.000000,
        "bw_mean" : 0.000000,
        "bw_dev" : 0.000000,
        "bw_samples" : 0,
        "iops_min" : 0,
        "iops_max" : 0,
        "iops_mean" : 0.000000,
        "iops_stddev" : 0.000000,
        "iops_samples" : 0
      },
      "trim" : {
        "io_bytes" : 0,
        "io_kbytes" : 0,
        "bw_bytes" : 0,
        "bw" : 0,
        "iops" : 0.000000,
        "runtime" : 0,
        "total_ios" : 0,
        "short_ios" : 0,
        "drop_ios" : 0,
        "slat_ns" : {
          "min" : 0,
          "max" : 0,
          "mean" : 0.000000,
          "stddev" : 0.000000,
          "N" : 0
        },
        "clat_ns" : {
          "min" : 0,
          "max" : 0,
          "mean" : 0.000000,
          "stddev" : 0.000000,
          "N" : 0
        },
        "lat_ns" : {
          "min" : 0,
          "max" : 0,
          "mean" : 0.000000,
          "stddev" : 0.000000,
          "N" : 0
        },
        "bw_min" : 0,
        "bw_max" : 0,
        "bw_agg" : 0.000000,
        "bw_mean" : 0.000000,
        "bw_dev" : 0.000000,
        "bw_samples" : 0,
        "iops_min" : 0,
        "iops_max" : 0,
        "iops_mean" : 0.000000,
        "iops_stddev" : 0.000000,
        "iops_samples" : 0
      },
      "sync" : {
        "total_ios" : 0,
        "lat_ns" : {
          "min" : 0,
          "max" : 0,
          "mean" : 0.000000,
          "stddev" : 0.000000,
          "N" : 0
        }
      },
      "job_runtime" : 180006,
      "usr_cpu" : 1.173294,
      "sys_cpu" : 2.862682,
      "ctx" : 587677,
      "majf" : 0,
      "minf" : 60,
      "iodepth_level" : {
        "1" : 0.100000,
        "2" : 0.100000,
        "4" : 0.100000,
        "8" : 99.998894,
        "16" : 0.000000,
        "32" : 0.000000,
        ">=64" : 0.000000
      },
      "iodepth_submit" : {
        "0" : 0.000000,
        "4" : 100.000000,
        "8" : 0.000000,
        "16" : 0.000000,
        "32" : 0.000000,
        "64" : 0.000000,
        ">=64" : 0.000000
      },
      "iodepth_complete" : {
        "0" : 0.000000,
        "4" : 99.999842,
        "8" : 0.100000,
        "16" : 0.000000,
        "32" : 0.000000,
        "64" : 0.000000,
        ">=64" : 0.000000
      },
      "latency_ns" : {
        "2" : 0.000000,
        "4" : 0.000000,
        "10" : 0.000000,
        "20" : 0.000000,
        "50" : 0.000000,
        "100" : 0.000000,
        "250" : 0.000000,
        "500" : 0.000000,
        "750" : 0.000000,
        "1000" : 0.000000
      },
      "latency_us" : {
        "2" : 0.000000,
        "4" : 0.000000,
        "10" : 0.000000,
        "20" : 0.000000,
        "50" : 0.000000,
        "100" : 0.000000,
        "250" : 0.000000,
        "500" : 0.000000,
        "750" : 0.000000,
        "1000" : 0.010000
      },
      "latency_ms" : {
        "2" : 38.718044,
        "4" : 59.298052,
        "10" : 1.795465,
        "20" : 0.127785,
        "50" : 0.051335,
        "100" : 0.010000,
        "250" : 0.010000,
        "500" : 0.000000,
        "750" : 0.000000,
        "1000" : 0.000000,
        "2000" : 0.000000,
        ">=2000" : 0.000000
      },
      "latency_depth" : 8,
      "latency_target" : 0,
      "latency_percentile" : 100.000000,
      "latency_window" : 0
    }
  ],
  "disk_util" : [
    {
      "name" : "nvme0n11",
      "read_ios" : 632555,
      "write_ios" : 0,
      "read_sectors" : 5060440,
      "write_sectors" : 0,
      "read_merges" : 0,
      "write_merges" : 0,
      "read_ticks" : 1431586,
      "write_ticks" : 0,
      "in_queue" : 1431586,
      "util" : 100.000000
    }
  ]
}
