{
  "fio version" : "fio-3.39-28-gd2a4",
  "timestamp" : 1742510315,
  "timestamp_ms" : 1742510315159,
  "time" : "Thu Mar 20 15:38:35 2025",
  "jobs" : [
    {
      "jobname" : "FIOJOB",
      "groupid" : 0,
      "job_start" : 1742510135059,
      "error" : 0,
      "eta" : 0,
      "elapsed" : 181,
      "job options" : {
        "ioengine" : "libaio",
        "rw" : "randread",
        "size" : "10G",
        "bs" : "4k",
        "iodepth" : "4",
        "numjobs" : "1",
        "runtime" : "180",
        "loops" : "1",
        "direct" : "1",
        "log_avg_msec" : "1000",
        "invalidate" : "1",
        "write_bw_log" : "../azuredisks/nvme0n11/4k/randread-iodepth-4-numjobs-1",
        "write_lat_log" : "../azuredisks/nvme0n11/4k/randread-iodepth-4-numjobs-1",
        "write_iops_log" : "../azuredisks/nvme0n11/4k/randread-iodepth-4-numjobs-1",
        "filename" : "/dev/nvme0n11"
      },
      "read" : {
        "io_bytes" : 1278447616,
        "io_kbytes" : 1248484,
        "bw_bytes" : 7102368,
        "bw" : 6935,
        "iops" : 1733.976656,
        "runtime" : 180003,
        "total_ios" : 312121,
        "short_ios" : 0,
        "drop_ios" : 0,
        "slat_ns" : {
          "min" : 1147,
          "max" : 68547,
          "mean" : 3386.055293,
          "stddev" : 2461.852591,
          "N" : 312121
        },
        "clat_ns" : {
          "min" : 961074,
          "max" : 118675261,
          "mean" : 2302379.709235,
          "stddev" : 1145920.916049,
          "N" : 312121,
          "percentile" : {
            "1.000000" : 1646592,
            "5.000000" : 1794048,
            "10.000000" : 1859584,
            "20.000000" : 1941504,
            "30.000000" : 1990656,
            "40.000000" : 2056192,
            "50.000000" : 2113536,
            "60.000000" : 2211840,
            "70.000000" : 2310144,
            "80.000000" : 2506752,
            "90.000000" : 2867200,
            "95.000000" : 3194880,
            "99.000000" : 4947968,
            "99.500000" : 6520832,
            "99.900000" : 10813440,
            "99.950000" : 14745600,
            "99.990000" : 50593792
          }
        },
        "lat_ns" : {
          "min" : 962868,
          "max" : 118680686,
          "mean" : 2305765.764527,
          "stddev" : 1145953.990005,
          "N" : 312121
        },
        "bw_min" : 6266,
        "bw_max" : 7236,
        "bw_agg" : 100.000000,
        "bw_mean" : 6940.344444,
        "bw_dev" : 162.201899,
        "bw_samples" : 180,
        "iops_min" : 1566,
        "iops_max" : 1809,
        "iops_mean" : 1734.677778,
        "iops_stddev" : 40.545258,
        "iops_samples" : 180
      },
      "write" : {
        "io_bytes" : 0,
        "io_kbytes" : 0,
        "bw_bytes" : 0,
        "bw" : 0,
        "iops" : 0.000000,
        "runtime" : 0,
        "total_ios" : 0,
        "short_ios" : 0,
        "drop_ios" : 0,
        "slat_ns" : {
          "min" : 0,
          "max" : 0,
          "mean" : 0.000000,
          "stddev" : 0.000000,
          "N" : 0
        },
        "clat_ns" : {
          "min" : 0,
          "max" : 0,
          "mean" : 0.000000,
          "stddev" : 0.000000,
          "N" : 0
        },
        "lat_ns" : {
          "min" : 0,
          "max" : 0,
          "mean" : 0.000000,
          "stddev" : 0.000000,
          "N" : 0
        },
        "bw_min" : 0,
        "bw_max" : 0,
        "bw_agg" : 0.000000,
        "bw_mean" : 0.000000,
        "bw_dev" : 0.000000,
        "bw_samples" : 0,
        "iops_min" : 0,
        "iops_max" : 0,
        "iops_mean" : 0.000000,
        "iops_stddev" : 0.000000,
        "iops_samples" : 0
      },
      "trim" : {
        "io_bytes" : 0,
        "io_kbytes" : 0,
        "bw_bytes" : 0,
        "bw" : 0,
        "iops" : 0.000000,
        "runtime" : 0,
        "total_ios" : 0,
        "short_ios" : 0,
        "drop_ios" : 0,
        "slat_ns" : {
          "min" : 0,
          "max" : 0,
          "mean" : 0.000000,
          "stddev" : 0.000000,
          "N" : 0
        },
        "clat_ns" : {
          "min" : 0,
          "max" : 0,
          "mean" : 0.000000,
          "stddev" : 0.000000,
          "N" : 0
        },
        "lat_ns" : {
          "min" : 0,
          "max" : 0,
          "mean" : 0.000000,
          "stddev" : 0.000000,
          "N" : 0
        },
        "bw_min" : 0,
        "bw_max" : 0,
        "bw_agg" : 0.000000,
        "bw_mean" : 0.000000,
        "bw_dev" : 0.000000,
        "bw_samples" : 0,
        "iops_min" : 0,
        "iops_max" : 0,
        "iops_mean" : 0.000000,
        "iops_stddev" : 0.000000,
        "iops_samples" : 0
      },
      "sync" : {
        "total_ios" : 0,
        "lat_ns" : {
          "min" : 0,
          "max" : 0,
          "mean" : 0.000000,
          "stddev" : 0.000000,
          "N" : 0
        }
      },
      "job_runtime" : 180002,
      "usr_cpu" : 0.736103,
      "sys_cpu" : 1.646093,
      "ctx" : 300506,
      "majf" : 0,
      "minf" : 55,
      "iodepth_level" : {
        "1" : 0.100000,
        "2" : 0.100000,
        "4" : 99.999039,
        "8" : 0.000000,
        "16" : 0.000000,
        "32" : 0.000000,
        ">=64" : 0.000000
      },
      "iodepth_submit" : {
        "0" : 0.000000,
        "4" : 100.000000,
        "8" : 0.000000,
        "16" : 0.000000,
        "32" : 0.000000,
        "64" : 0.000000,
        ">=64" : 0.000000
      },
      "iodepth_complete" : {
        "0" : 0.000000,
        "4" : 100.000000,
        "8" : 0.000000,
        "16" : 0.000000,
        "32" : 0.000000,
        "64" : 0.000000,
        ">=64" : 0.000000
      },
      "latency_ns" : {
        "2" : 0.000000,
        "4" : 0.000000,
        "10" : 0.000000,
        "20" : 0.000000,
        "50" : 0.000000,
        "100" : 0.000000,
        "250" : 0.000000,
        "500" : 0.000000,
        "750" : 0.000000,
        "1000" : 0.000000
      },
      "latency_us" : {
        "2" : 0.000000,
        "4" : 0.000000,
        "10" : 0.000000,
        "20" : 0.000000,
        "50" : 0.000000,
        "100" : 0.000000,
        "250" : 0.000000,
        "500" : 0.000000,
        "750" : 0.000000,
        "1000" : 0.010000
      },
      "latency_ms" : {
        "2" : 31.125749,
        "4" : 67.048036,
        "10" : 1.701263,
        "20" : 0.090350,
        "50" : 0.023388,
        "100" : 0.010000,
        "250" : 0.010000,
        "500" : 0.000000,
        "750" : 0.000000,
        "1000" : 0.000000,
        "2000" : 0.000000,
        ">=2000" : 0.000000
      },
      "latency_depth" : 4,
      "latency_target" : 0,
      "latency_percentile" : 100.000000,
      "latency_window" : 0
    }
  ],
  "disk_util" : [
    {
      "name" : "nvme0n11",
      "read_ios" : 311846,
      "write_ios" : 0,
      "read_sectors" : 2494768,
      "write_sectors" : 0,
      "read_merges" : 0,
      "write_merges" : 0,
      "read_ticks" : 715337,
      "write_ticks" : 0,
      "in_queue" : 715337,
      "util" : 100.000000
    }
  ]
}
