{
  "fio version" : "fio-3.39-28-gd2a4",
  "timestamp" : 1742515443,
  "timestamp_ms" : 1742515443158,
  "time" : "Thu Mar 20 17:04:03 2025",
  "jobs" : [
    {
      "jobname" : "FIOJOB",
      "groupid" : 0,
      "job_start" : 1742515271558,
      "error" : 0,
      "eta" : 0,
      "elapsed" : 172,
      "job options" : {
        "ioengine" : "libaio",
        "rw" : "randread",
        "size" : "10G",
        "bs" : "4k",
        "iodepth" : "64",
        "numjobs" : "2",
        "runtime" : "180",
        "loops" : "1",
        "direct" : "1",
        "log_avg_msec" : "1000",
        "invalidate" : "1",
        "write_bw_log" : "../azuredisks/nvme0n11/4k/randread-iodepth-64-numjobs-2",
        "write_lat_log" : "../azuredisks/nvme0n11/4k/randread-iodepth-64-numjobs-2",
        "write_iops_log" : "../azuredisks/nvme0n11/4k/randread-iodepth-64-numjobs-2",
        "filename" : "/dev/nvme0n11"
      },
      "read" : {
        "io_bytes" : 10737418240,
        "io_kbytes" : 10485760,
        "bw_bytes" : 62658541,
        "bw" : 61189,
        "iops" : 15297.495390,
        "runtime" : 171364,
        "total_ios" : 2621440,
        "short_ios" : 0,
        "drop_ios" : 0,
        "slat_ns" : {
          "min" : 1039,
          "max" : 85439,
          "mean" : 1386.738657,
          "stddev" : 792.630828,
          "N" : 2621440
        },
        "clat_ns" : {
          "min" : 892803,
          "max" : 192581264,
          "mean" : 4181868.361419,
          "stddev" : 6932965.431780,
          "N" : 2621440,
          "percentile" : {
            "1.000000" : 1138688,
            "5.000000" : 1564672,
            "10.000000" : 1728512,
            "20.000000" : 1843200,
            "30.000000" : 1908736,
            "40.000000" : 1990656,
            "50.000000" : 2088960,
            "60.000000" : 2244608,
            "70.000000" : 2441216,
            "80.000000" : 2768896,
            "90.000000" : 4292608,
            "95.000000" : 23199744,
            "99.000000" : 34340864,
            "99.500000" : 38535168,
            "99.900000" : 41156608,
            "99.950000" : 43778048,
            "99.990000" : 109576192
          }
        },
        "lat_ns" : {
          "min" : 893955,
          "max" : 192582548,
          "mean" : 4183255.100077,
          "stddev" : 6932958.262915,
          "N" : 2621440
        },
        "bw_min" : 54090,
        "bw_max" : 68632,
        "bw_agg" : 50.032700,
        "bw_mean" : 61230.421053,
        "bw_dev" : 1081.528020,
        "bw_samples" : 171,
        "iops_min" : 13522,
        "iops_max" : 17158,
        "iops_mean" : 15307.467836,
        "iops_stddev" : 270.410479,
        "iops_samples" : 171
      },
      "write" : {
        "io_bytes" : 0,
        "io_kbytes" : 0,
        "bw_bytes" : 0,
        "bw" : 0,
        "iops" : 0.000000,
        "runtime" : 0,
        "total_ios" : 0,
        "short_ios" : 0,
        "drop_ios" : 0,
        "slat_ns" : {
          "min" : 0,
          "max" : 0,
          "mean" : 0.000000,
          "stddev" : 0.000000,
          "N" : 0
        },
        "clat_ns" : {
          "min" : 0,
          "max" : 0,
          "mean" : 0.000000,
          "stddev" : 0.000000,
          "N" : 0
        },
        "lat_ns" : {
          "min" : 0,
          "max" : 0,
          "mean" : 0.000000,
          "stddev" : 0.000000,
          "N" : 0
        },
        "bw_min" : 0,
        "bw_max" : 0,
        "bw_agg" : 0.000000,
        "bw_mean" : 0.000000,
        "bw_dev" : 0.000000,
        "bw_samples" : 0,
        "iops_min" : 0,
        "iops_max" : 0,
        "iops_mean" : 0.000000,
        "iops_stddev" : 0.000000,
        "iops_samples" : 0
      },
      "trim" : {
        "io_bytes" : 0,
        "io_kbytes" : 0,
        "bw_bytes" : 0,
        "bw" : 0,
        "iops" : 0.000000,
        "runtime" : 0,
        "total_ios" : 0,
        "short_ios" : 0,
        "drop_ios" : 0,
        "slat_ns" : {
          "min" : 0,
          "max" : 0,
          "mean" : 0.000000,
          "stddev" : 0.000000,
          "N" : 0
        },
        "clat_ns" : {
          "min" : 0,
          "max" : 0,
          "mean" : 0.000000,
          "stddev" : 0.000000,
          "N" : 0
        },
        "lat_ns" : {
          "min" : 0,
          "max" : 0,
          "mean" : 0.000000,
          "stddev" : 0.000000,
          "N" : 0
        },
        "bw_min" : 0,
        "bw_max" : 0,
        "bw_agg" : 0.000000,
        "bw_mean" : 0.000000,
        "bw_dev" : 0.000000,
        "bw_samples" : 0,
        "iops_min" : 0,
        "iops_max" : 0,
        "iops_mean" : 0.000000,
        "iops_stddev" : 0.000000,
        "iops_samples" : 0
      },
      "sync" : {
        "total_ios" : 0,
        "lat_ns" : {
          "min" : 0,
          "max" : 0,
          "mean" : 0.000000,
          "stddev" : 0.000000,
          "N" : 0
        }
      },
      "job_runtime" : 171363,
      "usr_cpu" : 2.015021,
      "sys_cpu" : 5.240338,
      "ctx" : 1963376,
      "majf" : 0,
      "minf" : 112,
      "iodepth_level" : {
        "1" : 0.100000,
        "2" : 0.100000,
        "4" : 0.100000,
        "8" : 0.100000,
        "16" : 0.100000,
        "32" : 0.100000,
        ">=64" : 99.997597
      },
      "iodepth_submit" : {
        "0" : 0.000000,
        "4" : 100.000000,
        "8" : 0.000000,
        "16" : 0.000000,
        "32" : 0.000000,
        "64" : 0.000000,
        ">=64" : 0.000000
      },
      "iodepth_complete" : {
        "0" : 0.000000,
        "4" : 99.999962,
        "8" : 0.000000,
        "16" : 0.000000,
        "32" : 0.000000,
        "64" : 0.100000,
        ">=64" : 0.000000
      },
      "latency_ns" : {
        "2" : 0.000000,
        "4" : 0.000000,
        "10" : 0.000000,
        "20" : 0.000000,
        "50" : 0.000000,
        "100" : 0.000000,
        "250" : 0.000000,
        "500" : 0.000000,
        "750" : 0.000000,
        "1000" : 0.000000
      },
      "latency_us" : {
        "2" : 0.000000,
        "4" : 0.000000,
        "10" : 0.000000,
        "20" : 0.000000,
        "50" : 0.000000,
        "100" : 0.000000,
        "250" : 0.000000,
        "500" : 0.000000,
        "750" : 0.000000,
        "1000" : 0.061646
      },
      "latency_ms" : {
        "2" : 40.366631,
        "4" : 49.093246,
        "10" : 2.122192,
        "20" : 0.960388,
        "50" : 7.363167,
        "100" : 0.020485,
        "250" : 0.012245,
        "500" : 0.000000,
        "750" : 0.000000,
        "1000" : 0.000000,
        "2000" : 0.000000,
        ">=2000" : 0.000000
      },
      "latency_depth" : 64,
      "latency_target" : 0,
      "latency_percentile" : 100.000000,
      "latency_window" : 0
    },
    {
      "jobname" : "FIOJOB",
      "groupid" : 0,
      "job_start" : 1742515271558,
      "error" : 0,
      "eta" : 0,
      "elapsed" : 172,
      "job options" : {
        "ioengine" : "libaio",
        "rw" : "randread",
        "size" : "10G",
        "bs" : "4k",
        "iodepth" : "64",
        "numjobs" : "2",
        "runtime" : "180",
        "loops" : "1",
        "direct" : "1",
        "log_avg_msec" : "1000",
        "invalidate" : "1",
        "write_bw_log" : "../azuredisks/nvme0n11/4k/randread-iodepth-64-numjobs-2",
        "write_lat_log" : "../azuredisks/nvme0n11/4k/randread-iodepth-64-numjobs-2",
        "write_iops_log" : "../azuredisks/nvme0n11/4k/randread-iodepth-64-numjobs-2",
        "filename" : "/dev/nvme0n11"
      },
      "read" : {
        "io_bytes" : 10737418240,
        "io_kbytes" : 10485760,
        "bw_bytes" : 62672438,
        "bw" : 61203,
        "iops" : 15300.888365,
        "runtime" : 171326,
        "total_ios" : 2621440,
        "short_ios" : 0,
        "drop_ios" : 0,
        "slat_ns" : {
          "min" : 1042,
          "max" : 117708,
          "mean" : 1395.527674,
          "stddev" : 806.853890,
          "N" : 2621440
        },
        "clat_ns" : {
          "min" : 865771,