{
  "fio version" : "fio-3.39-28-gd2a4",
  "timestamp" : 1742509232,
  "timestamp_ms" : 1742509232592,
  "time" : "Thu Mar 20 15:20:32 2025",
  "jobs" : [
    {
      "jobname" : "FIOJOB",
      "groupid" : 0,
      "job_start" : 1742509052492,
      "error" : 0,
      "eta" : 0,
      "elapsed" : 181,
      "job options" : {
        "ioengine" : "libaio",
        "rw" : "randread",
        "size" : "10G",
        "bs" : "4k",
        "iodepth" : "2",
        "numjobs" : "2",
        "runtime" : "180",
        "loops" : "1",
        "direct" : "1",
        "log_avg_msec" : "1000",
        "invalidate" : "1",
        "write_bw_log" : "../azuredisks/nvme0n11/4k/randread-iodepth-2-numjobs-2",
        "write_lat_log" : "../azuredisks/nvme0n11/4k/randread-iodepth-2-numjobs-2",
        "write_iops_log" : "../azuredisks/nvme0n11/4k/randread-iodepth-2-numjobs-2",
        "filename" : "/dev/nvme0n11"
      },
      "read" : {
        "io_bytes" : 638992384,
        "io_kbytes" : 624016,
        "bw_bytes" : 3549898,
        "bw" : 3466,
        "iops" : 866.674444,
        "runtime" : 180003,
        "total_ios" : 156004,
        "short_ios" : 0,
        "drop_ios" : 0,
        "slat_ns" : {
          "min" : 1188,
          "max" : 110768,
          "mean" : 2528.376080,
          "stddev" : 1941.157702,
          "N" : 156004
        },
        "clat_ns" : {
          "min" : 955920,
          "max" : 111712049,
          "mean" : 2304326.996301,
          "stddev" : 975911.184674,
          "N" : 156004,
          "percentile" : {
            "1.000000" : 1646592,
            "5.000000" : 1794048,
            "10.000000" : 1859584,
            "20.000000" : 1941504,
            "30.000000" : 1990656,
            "40.000000" : 2056192,
            "50.000000" : 2113536,
            "60.000000" : 2211840,
            "70.000000" : 2342912,
            "80.000000" : 2539520,
            "90.000000" : 2867200,
            "95.000000" : 3227648,
            "99.000000" : 5013504,
            "99.500000" : 6520832,
            "99.900000" : 10420224,
            "99.950000" : 13303808,
            "99.990000" : 28442624
          }
        },
        "lat_ns" : {
          "min" : 957535,
          "max" : 111713775,
          "mean" : 2306855.372382,
          "stddev" : 975942.915412,
          "N" : 156004
        },
        "bw_min" : 3055,
        "bw_max" : 3663,
        "bw_agg" : 50.594608,
        "bw_mean" : 3468.644444,
        "bw_dev" : 90.234494,
        "bw_samples" : 180,
        "iops_min" : 763,
        "iops_max" : 915,
        "iops_mean" : 866.677778,
        "iops_stddev" : 22.580373,
        "iops_samples" : 180
      },
      "write" : {
        "io_bytes" : 0,
        "io_kbytes" : 0,
        "bw_bytes" : 0,
        "bw" : 0,
        "iops" : 0.000000,
        "runtime" : 0,
        "total_ios" : 0,
        "short_ios" : 0,
        "drop_ios" : 0,
        "slat_ns" : {
          "min" : 0,
          "max" : 0,
          "mean" : 0.000000,
          "stddev" : 0.000000,
          "N" : 0
        },
        "clat_ns" : {
          "min" : 0,
          "max" : 0,
          "mean" : 0.000000,
          "stddev" : 0.000000,
          "N" : 0
        },
        "lat_ns" : {
          "min" : 0,
          "max" : 0,
          "mean" : 0.000000,
          "stddev" : 0.000000,
          "N" : 0
        },
        "bw_min" : 0,
        "bw_max" : 0,
        "bw_agg" : 0.000000,
        "bw_mean" : 0.000000,
        "bw_dev" : 0.000000,
        "bw_samples" : 0,
        "iops_min" : 0,
        "iops_max" : 0,
        "iops_mean" : 0.000000,
        "iops_stddev" : 0.000000,
        "iops_samples" : 0
      },
      "trim" : {
        "io_bytes" : 0,
        "io_kbytes" : 0,
        "bw_bytes" : 0,
        "bw" : 0,
        "iops" : 0.000000,
        "runtime" : 0,
        "total_ios" : 0,
        "short_ios" : 0,
        "drop_ios" : 0,
        "slat_ns" : {
          "min" : 0,
          "max" : 0,
          "mean" : 0.000000,
          "stddev" : 0.000000,
          "N" : 0
        },
        "clat_ns" : {
          "min" : 0,
          "max" : 0,
          "mean" : 0.000000,
          "stddev" : 0.000000,
          "N" : 0
        },
        "lat_ns" : {
          "min" : 0,
          "max" : 0,
          "mean" : 0.000000,
          "stddev" : 0.000000,
          "N" : 0
        },
        "bw_min" : 0,
        "bw_max" : 0,
        "bw_agg" : 0.000000,
        "bw_mean" : 0.000000,
        "bw_dev" : 0.000000,
        "bw_samples" : 0,
        "iops_min" : 0,
        "iops_max" : 0,
        "iops_mean" : 0.000000,
        "iops_stddev" : 0.000000,
        "iops_samples" : 0
      },
      "sync" : {
        "total_ios" : 0,
        "lat_ns" : {
          "min" : 0,
          "max" : 0,
          "mean" : 0.000000,
          "stddev" : 0.000000,
          "N" : 0
        }
      },
      "job_runtime" : 180002,
      "usr_cpu" : 0.269441,
      "sys_cpu" : 0.649437,
      "ctx" : 154547,
      "majf" : 0,
      "minf" : 47,
      "iodepth_level" : {
        "1" : 0.100000,
        "2" : 99.999359,
        "4" : 0.000000,
        "8" : 0.000000,
        "16" : 0.000000,
        "32" : 0.000000,
        ">=64" : 0.000000
      },
      "iodepth_submit" : {
        "0" : 0.000000,
        "4" : 100.000000,
        "8" : 0.000000,
        "16" : 0.000000,
        "32" : 0.000000,
        "64" : 0.000000,
        ">=64" : 0.000000
      },
      "iodepth_complete" : {
        "0" : 0.000000,
        "4" : 100.000000,
        "8" : 0.000000,
        "16" : 0.000000,
        "32" : 0.000000,
        "64" : 0.000000,
        ">=64" : 0.000000
      },
      "latency_ns" : {
        "2" : 0.000000,
        "4" : 0.000000,
        "10" : 0.000000,
        "20" : 0.000000,
        "50" : 0.000000,
        "100" : 0.000000,
        "250" : 0.000000,
        "500" : 0.000000,
        "750" : 0.000000,
        "1000" : 0.000000
      },
      "latency_us" : {
        "2" : 0.000000,
        "4" : 0.000000,
        "10" : 0.000000,
        "20" : 0.000000,
        "50" : 0.000000,
        "100" : 0.000000,
        "250" : 0.000000,
        "500" : 0.000000,
        "750" : 0.000000,
        "1000" : 0.010000
      },
      "latency_ms" : {
        "2" : 31.272275,
        "4" : 66.825210,
        "10" : 1.779442,
        "20" : 0.099356,
        "50" : 0.016025,
        "100" : 0.010000,
        "250" : 0.010000,
        "500" : 0.000000,
        "750" : 0.000000,
        "1000" : 0.000000,
        "2000" : 0.000000,
        ">=2000" : 0.000000
      },
      "latency_depth" : 2,
      "latency_target" : 0,
      "latency_percentile" : 100.000000,
      "latency_window" : 0
    },
    {
      "jobname" : "FIOJOB",
      "groupid" : 0,
      "job_start" : 1742509052492,
      "error" : 0,
      "eta" : 0,
      "elapsed" : 181,
      "job options" : {
        "ioengine" : "libaio",
        "rw" : "randread",
        "size" : "10G",
        "bs" : "4k",
        "iodepth" : "2",
        "numjobs" : "2",
        "runtime" : "180",
        "loops" : "1",
        "direct" : "1",
        "log_avg_msec" : "1000",
        "invalidate" : "1",
        "write_bw_log" : "../azuredisks/nvme0n11/4k/randread-iodepth-2-numjobs-2",
        "write_lat_log" : "../azuredisks/nvme0n11/4k/randread-iodepth-2-numjobs-2",
        "write_iops_log" : "../azuredisks/nvme0n11/4k/randread-iodepth-2-numjobs-2",
        "filename" : "/dev/nvme0n11"
      },
      "read" : {
        "io_bytes" : 624447488,
        "io_kbytes" : 609812,
        "bw_bytes" : 3469094,
        "bw" : 3387,
        "iops" : 846.946995,
        "runtime" : 180003,
        "total_ios" : 152453,
        "short_ios" : 0,
        "drop_ios" : 0,
        "slat_ns" : {
          "min" : 1205,
          "max" : 204110,
          "mean" : 2546.053826,
          "stddev" : 2046.927539,
          "N" : 152453
        },
        "clat_ns" : {
          "min" : 1021148,
          "max" : 103469978,