{
  "fio version" : "fio-3.39-28-gd2a4",
  "timestamp" : 1742515271,
  "timestamp_ms" : 1742515271244,
  "time" : "Thu Mar 20 17:01:11 2025",
  "jobs" : [
    {
      "jobname" : "FIOJOB",
      "groupid" : 0,
      "job_start" : 1742515181894,
      "error" : 0,
      "eta" : 0,
      "elapsed" : 90,
      "job options" : {
        "ioengine" : "libaio",
        "rw" : "randread",
        "size" : "10G",
        "bs" : "4k",
        "iodepth" : "64",
        "numjobs" : "1",
        "runtime" : "180",
        "loops" : "1",
        "direct" : "1",
        "log_avg_msec" : "1000",
        "invalidate" : "1",
        "write_bw_log" : "../azuredisks/nvme0n11/4k/randread-iodepth-64-numjobs-1",
        "write_lat_log" : "../azuredisks/nvme0n11/4k/randread-iodepth-64-numjobs-1",
        "write_iops_log" : "../azuredisks/nvme0n11/4k/randread-iodepth-64-numjobs-1",
        "filename" : "/dev/nvme0n11"
      },
      "read" : {
        "io_bytes" : 10737418240,
        "io_kbytes" : 10485760,
        "bw_bytes" : 120262740,
        "bw" : 117444,
        "iops" : 29361.020575,
        "runtime" : 89283,
        "total_ios" : 2621440,
        "short_ios" : 0,
        "drop_ios" : 0,
        "slat_ns" : {
          "min" : 1123,
          "max" : 134561,
          "mean" : 1421.046906,
          "stddev" : 505.661561,
          "N" : 2621440
        },
        "clat_ns" : {
          "min" : 879378,
          "max" : 193849448,
          "mean" : 2177948.644788,
          "stddev" : 1444314.699833,
          "N" : 2621440,
          "percentile" : {
            "1.000000" : 1073152,
            "5.000000" : 1335296,
            "10.000000" : 1662976,
            "20.000000" : 1761280,
            "30.000000" : 1826816,
            "40.000000" : 1892352,
            "50.000000" : 1974272,
            "60.000000" : 2056192,
            "70.000000" : 2211840,
            "80.000000" : 2408448,
            "90.000000" : 2801664,
            "95.000000" : 3260416,
            "99.000000" : 5734400,
            "99.500000" : 7634944,
            "99.900000" : 13959168,
            "99.950000" : 17956864,
            "99.990000" : 48496640
          }
        },
        "lat_ns" : {
          "min" : 880731,
          "max" : 193850856,
          "mean" : 2179369.691693,
          "stddev" : 1444320.336145,
          "N" : 2621440
        },
        "bw_min" : 82174,
        "bw_max" : 129688,
        "bw_agg" : 100.000000,
        "bw_mean" : 117543.348315,
        "bw_dev" : 5901.139605,
        "bw_samples" : 89,
        "iops_min" : 20543,
        "iops_max" : 32422,
        "iops_mean" : 29385.595506,
        "iops_stddev" : 1475.312014,
        "iops_samples" : 89
      },
      "write" : {
        "io_bytes" : 0,
        "io_kbytes" : 0,
        "bw_bytes" : 0,
        "bw" : 0,
        "iops" : 0.000000,
        "runtime" : 0,
        "total_ios" : 0,
        "short_ios" : 0,
        "drop_ios" : 0,
        "slat_ns" : {
          "min" : 0,
          "max" : 0,
          "mean" : 0.000000,
          "stddev" : 0.000000,
          "N" : 0
        },
        "clat_ns" : {
          "min" : 0,
          "max" : 0,
          "mean" : 0.000000,
          "stddev" : 0.000000,
          "N" : 0
        },
        "lat_ns" : {
          "min" : 0,
          "max" : 0,
          "mean" : 0.000000,
          "stddev" : 0.000000,
          "N" : 0
        },
        "bw_min" : 0,
        "bw_max" : 0,
        "bw_agg" : 0.000000,
        "bw_mean" : 0.000000,
        "bw_dev" : 0.000000,
        "bw_samples" : 0,
        "iops_min" : 0,
        "iops_max" : 0,
        "iops_mean" : 0.000000,
        "iops_stddev" : 0.000000,
        "iops_samples" : 0
      },
      "trim" : {
        "io_bytes" : 0,
        "io_kbytes" : 0,
        "bw_bytes" : 0,
        "bw" : 0,
        "iops" : 0.000000,
        "runtime" : 0,
        "total_ios" : 0,
        "short_ios" : 0,
        "drop_ios" : 0,
        "slat_ns" : {
          "min" : 0,
          "max" : 0,
          "mean" : 0.000000,
          "stddev" : 0.000000,
          "N" : 0
        },
        "clat_ns" : {
          "min" : 0,
          "max" : 0,
          "mean" : 0.000000,
          "stddev" : 0.000000,
          "N" : 0
        },
        "lat_ns" : {
          "min" : 0,
          "max" : 0,
          "mean" : 0.000000,
          "stddev" : 0.000000,
          "N" : 0
        },
        "bw_min" : 0,
        "bw_max" : 0,
        "bw_agg" : 0.000000,
        "bw_mean" : 0.000000,
        "bw_dev" : 0.000000,
        "bw_samples" : 0,
        "iops_min" : 0,
        "iops_max" : 0,
        "iops_mean" : 0.000000,
        "iops_stddev" : 0.000000,
        "iops_samples" : 0
      },
      "sync" : {
        "total_ios" : 0,
        "lat_ns" : {
          "min" : 0,
          "max" : 0,
          "mean" : 0.000000,
          "stddev" : 0.000000,
          "N" : 0
        }
      },
      "job_runtime" : 89282,
      "usr_cpu" : 3.271656,
      "sys_cpu" : 10.462355,
      "ctx" : 1964650,
      "majf" : 0,
      "minf" : 115,
      "iodepth_level" : {
        "1" : 0.100000,
        "2" : 0.100000,
        "4" : 0.100000,
        "8" : 0.100000,
        "16" : 0.100000,
        "32" : 0.100000,
        ">=64" : 99.997597
      },
      "iodepth_submit" : {
        "0" : 0.000000,
        "4" : 100.000000,
        "8" : 0.000000,
        "16" : 0.000000,
        "32" : 0.000000,
        "64" : 0.000000,
        ">=64" : 0.000000
      },
      "iodepth_complete" : {
        "0" : 0.000000,
        "4" : 99.999962,
        "8" : 0.000000,
        "16" : 0.000000,
        "32" : 0.000000,
        "64" : 0.100000,
        ">=64" : 0.000000
      },
      "latency_ns" : {
        "2" : 0.000000,
        "4" : 0.000000,
        "10" : 0.000000,
        "20" : 0.000000,
        "50" : 0.000000,
        "100" : 0.000000,
        "250" : 0.000000,
        "500" : 0.000000,
        "750" : 0.000000,
        "1000" : 0.000000
      },
      "latency_us" : {
        "2" : 0.000000,
        "4" : 0.000000,
        "10" : 0.000000,
        "20" : 0.000000,
        "50" : 0.000000,
        "100" : 0.000000,
        "250" : 0.000000,
        "500" : 0.000000,
        "750" : 0.000000,
        "1000" : 0.164146
      },
      "latency_ms" : {
        "2" : 53.705139,
        "4" : 43.714523,
        "10" : 2.166405,
        "20" : 0.206375,
        "50" : 0.033913,
        "100" : 0.010000,
        "250" : 0.010000,
        "500" : 0.000000,
        "750" : 0.000000,
        "1000" : 0.000000,
        "2000" : 0.000000,
        ">=2000" : 0.000000
      },
      "latency_depth" : 64,
      "latency_target" : 0,
      "latency_percentile" : 100.000000,
      "latency_window" : 0
    }
  ],
  "disk_util" : [
    {
      "name" : "nvme0n11",
      "read_ios" : 2616443,
      "write_ios" : 0,
      "read_sectors" : 20931544,
      "write_sectors" : 0,
      "read_merges" : 0,
      "write_merges" : 0,
      "read_ticks" : 5687977,
      "write_ticks" : 0,
      "in_queue" : 5687977,
      "util" : 99.945035
    }
  ]
}
