{
  "fio version" : "fio-3.39-28-gd2a4",
  "timestamp" : 1742513022,
  "timestamp_ms" : 1742513022012,
  "time" : "Thu Mar 20 16:23:42 2025",
  "jobs" : [
    {
      "jobname" : "FIOJOB",
      "groupid" : 0,
      "job_start" : 1742512841913,
      "error" : 0,
      "eta" : 0,
      "elapsed" : 181,
      "job options" : {
        "ioengine" : "libaio",
        "rw" : "randread",
        "size" : "10G",
        "bs" : "4k",
        "iodepth" : "16",
        "numjobs" : "2",
        "runtime" : "180",
        "loops" : "1",
        "direct" : "1",
        "log_avg_msec" : "1000",
        "invalidate" : "1",
        "write_bw_log" : "../azuredisks/nvme0n11/4k/randread-iodepth-16-numjobs-2",
        "write_lat_log" : "../azuredisks/nvme0n11/4k/randread-iodepth-16-numjobs-2",
        "write_iops_log" : "../azuredisks/nvme0n11/4k/randread-iodepth-16-numjobs-2",
        "filename" : "/dev/nvme0n11"
      },
      "read" : {
        "io_bytes" : 5594628096,
        "io_kbytes" : 5463504,
        "bw_bytes" : 31080749,
        "bw" : 30352,
        "iops" : 7588.073532,
        "runtime" : 180003,
        "total_ios" : 1365876,
        "short_ios" : 0,
        "drop_ios" : 0,
        "slat_ns" : {
          "min" : 1121,
          "max" : 121859,
          "mean" : 1368.076559,
          "stddev" : 470.377775,
          "N" : 1365876
        },
        "clat_ns" : {
          "min" : 900830,
          "max" : 121386340,
          "mean" : 2106799.675547,
          "stddev" : 910293.658892,
          "N" : 1365876,
          "percentile" : {
            "1.000000" : 1138688,
            "5.000000" : 1646592,
            "10.000000" : 1712128,
            "20.000000" : 1777664,
            "30.000000" : 1826816,
            "40.000000" : 1875968,
            "50.000000" : 1941504,
            "60.000000" : 2007040,
            "70.000000" : 2113536,
            "80.000000" : 2310144,
            "90.000000" : 2637824,
            "95.000000" : 2998272,
            "99.000000" : 4620288,
            "99.500000" : 6127616,
            "99.900000" : 9895936,
            "99.950000" : 12517376,
            "99.990000" : 31850496
          }
        },
        "lat_ns" : {
          "min" : 902171,
          "max" : 121387793,
          "mean" : 2108167.752106,
          "stddev" : 910296.143814,
          "N" : 1365876
        },
        "bw_min" : 26950,
        "bw_max" : 31403,
        "bw_agg" : 50.046738,
        "bw_mean" : 30371.727778,
        "bw_dev" : 536.088803,
        "bw_samples" : 180,
        "iops_min" : 6737,
        "iops_max" : 7850,
        "iops_mean" : 7592.611111,
        "iops_stddev" : 133.955274,
        "iops_samples" : 180
      },
      "write" : {
        "io_bytes" : 0,
        "io_kbytes" : 0,
        "bw_bytes" : 0,
        "bw" : 0,
        "iops" : 0.000000,
        "runtime" : 0,
        "total_ios" : 0,
        "short_ios" : 0,
        "drop_ios" : 0,
        "slat_ns" : {
          "min" : 0,
          "max" : 0,
          "mean" : 0.000000,
          "stddev" : 0.000000,
          "N" : 0
        },
        "clat_ns" : {
          "min" : 0,
          "max" : 0,
          "mean" : 0.000000,
          "stddev" : 0.000000,
          "N" : 0
        },
        "lat_ns" : {
          "min" : 0,
          "max" : 0,
          "mean" : 0.000000,
          "stddev" : 0.000000,
          "N" : 0
        },
        "bw_min" : 0,
        "bw_max" : 0,
        "bw_agg" : 0.000000,
        "bw_mean" : 0.000000,
        "bw_dev" : 0.000000,
        "bw_samples" : 0,
        "iops_min" : 0,
        "iops_max" : 0,
        "iops_mean" : 0.000000,
        "iops_stddev" : 0.000000,
        "iops_samples" : 0
      },
      "trim" : {
        "io_bytes" : 0,
        "io_kbytes" : 0,
        "bw_bytes" : 0,
        "bw" : 0,
        "iops" : 0.000000,
        "runtime" : 0,
        "total_ios" : 0,
        "short_ios" : 0,
        "drop_ios" : 0,
        "slat_ns" : {
          "min" : 0,
          "max" : 0,
          "mean" : 0.000000,
          "stddev" : 0.000000,
          "N" : 0
        },
        "clat_ns" : {
          "min" : 0,
          "max" : 0,
          "mean" : 0.000000,
          "stddev" : 0.000000,
          "N" : 0
        },
        "lat_ns" : {
          "min" : 0,
          "max" : 0,
          "mean" : 0.000000,
          "stddev" : 0.000000,
          "N" : 0
        },
        "bw_min" : 0,
        "bw_max" : 0,
        "bw_agg" : 0.000000,
        "bw_mean" : 0.000000,
        "bw_dev" : 0.000000,
        "bw_samples" : 0,
        "iops_min" : 0,
        "iops_max" : 0,
        "iops_mean" : 0.000000,
        "iops_stddev" : 0.000000,
        "iops_samples" : 0
      },
      "sync" : {
        "total_ios" : 0,
        "lat_ns" : {
          "min" : 0,
          "max" : 0,
          "mean" : 0.000000,
          "stddev" : 0.000000,
          "N" : 0
        }
      },
      "job_runtime" : 180002,
      "usr_cpu" : 0.891657,
      "sys_cpu" : 2.979411,
      "ctx" : 1268360,
      "majf" : 0,
      "minf" : 70,
      "iodepth_level" : {
        "1" : 0.100000,
        "2" : 0.100000,
        "4" : 0.100000,
        "8" : 0.100000,
        "16" : 99.998902,
        "32" : 0.000000,
        ">=64" : 0.000000
      },
      "iodepth_submit" : {
        "0" : 0.000000,
        "4" : 100.000000,
        "8" : 0.000000,
        "16" : 0.000000,
        "32" : 0.000000,
        "64" : 0.000000,
        ">=64" : 0.000000
      },
      "iodepth_complete" : {
        "0" : 0.000000,
        "4" : 99.999927,
        "8" : 0.000000,
        "16" : 0.100000,
        "32" : 0.000000,
        "64" : 0.000000,
        ">=64" : 0.000000
      },
      "latency_ns" : {
        "2" : 0.000000,
        "4" : 0.000000,
        "10" : 0.000000,
        "20" : 0.000000,
        "50" : 0.000000,
        "100" : 0.000000,
        "250" : 0.000000,
        "500" : 0.000000,
        "750" : 0.000000,
        "1000" : 0.000000
      },
      "latency_us" : {
        "2" : 0.000000,
        "4" : 0.000000,
        "10" : 0.000000,
        "20" : 0.000000,
        "50" : 0.000000,
        "100" : 0.000000,
        "250" : 0.000000,
        "500" : 0.000000,
        "750" : 0.000000,
        "1000" : 0.047296
      },
      "latency_ms" : {
        "2" : 58.170800,
        "4" : 40.309809,
        "10" : 1.375015,
        "20" : 0.076434,
        "50" : 0.016327,
        "100" : 0.010000,
        "250" : 0.010000,
        "500" : 0.000000,
        "750" : 0.000000,
        "1000" : 0.000000,
        "2000" : 0.000000,
        ">=2000" : 0.000000
      },
      "latency_depth" : 16,
      "latency_target" : 0,
      "latency_percentile" : 100.000000,
      "latency_window" : 0
    },
    {
      "jobname" : "FIOJOB",
      "groupid" : 0,
      "job_start" : 1742512841913,
      "error" : 0,
      "eta" : 0,
      "elapsed" : 181,
      "job options" : {
        "ioengine" : "libaio",
        "rw" : "randread",
        "size" : "10G",
        "bs" : "4k",
        "iodepth" : "16",
        "numjobs" : "2",
        "runtime" : "180",
        "loops" : "1",
        "direct" : "1",
        "log_avg_msec" : "1000",
        "invalidate" : "1",
        "write_bw_log" : "../azuredisks/nvme0n11/4k/randread-iodepth-16-numjobs-2",
        "write_lat_log" : "../azuredisks/nvme0n11/4k/randread-iodepth-16-numjobs-2",
        "write_iops_log" : "../azuredisks/nvme0n11/4k/randread-iodepth-16-numjobs-2",
        "filename" : "/dev/nvme0n11"
      },
      "read" : {
        "io_bytes" : 5591130112,
        "io_kbytes" : 5460088,
        "bw_bytes" : 31061143,
        "bw" : 30333,
        "iops" : 7583.287038,
        "runtime" : 180004,
        "total_ios" : 1365022,
        "short_ios" : 0,
        "drop_ios" : 0,
        "slat_ns" : {
          "min" : 1119,
          "max" : 122069,
          "mean" : 1371.816352,
          "stddev" : 460.472067,
          "N" : 1365022
        },
        "clat_ns" : {
          "min" : 901054,