{
  "fio version" : "fio-3.39-28-gd2a4",
  "timestamp" : 1742507789,
  "timestamp_ms" : 1742507789204,
  "time" : "Thu Mar 20 14:56:29 2025",
  "jobs" : [
    {
      "jobname" : "FIOJOB",
      "groupid" : 0,
      "job_start" : 1742507609117,
      "error" : 0,
      "eta" : 0,
      "elapsed" : 181,
      "job options" : {
        "ioengine" : "libaio",
        "rw" : "randread",
        "size" : "10G",
        "bs" : "4k",
        "iodepth" : "1",
        "numjobs" : "1",
        "runtime" : "180",
        "loops" : "1",
        "direct" : "1",
        "log_avg_msec" : "1000",
        "invalidate" : "1",
        "write_bw_log" : "../azuredisks/nvme0n11/4k/randread-iodepth-1-numjobs-1",
        "write_lat_log" : "../azuredisks/nvme0n11/4k/randread-iodepth-1-numjobs-1",
        "write_iops_log" : "../azuredisks/nvme0n11/4k/randread-iodepth-1-numjobs-1",
        "filename" : "/dev/nvme0n11"
      },
      "read" : {
        "io_bytes" : 242049024,
        "io_kbytes" : 236376,
        "bw_bytes" : 1344709,
        "bw" : 1313,
        "iops" : 328.298176,
        "runtime" : 180001,
        "total_ios" : 59094,
        "short_ios" : 0,
        "drop_ios" : 0,
        "slat_ns" : {
          "min" : 1515,
          "max" : 78208,
          "mean" : 3980.190916,
          "stddev" : 2742.644908,
          "N" : 59094
        },
        "clat_ns" : {
          "min" : 1291363,
          "max" : 123482697,
          "mean" : 3040645.095560,
          "stddev" : 1456917.988834,
          "N" : 59094,
          "percentile" : {
            "1.000000" : 2007040,
            "5.000000" : 2113536,
            "10.000000" : 2179072,
            "20.000000" : 2277376,
            "30.000000" : 2375680,
            "40.000000" : 2473984,
            "50.000000" : 2605056,
            "60.000000" : 2834432,
            "70.000000" : 3358720,
            "80.000000" : 3751936,
            "90.000000" : 4292608,
            "95.000000" : 4882432,
            "99.000000" : 6848512,
            "99.500000" : 8224768,
            "99.900000" : 12779520,
            "99.950000" : 16711680,
            "99.990000" : 52690944
          }
        },
        "lat_ns" : {
          "min" : 1293642,
          "max" : 123488458,
          "mean" : 3044625.286476,
          "stddev" : 1456950.075914,
          "N" : 59094
        },
        "bw_min" : 816,
        "bw_max" : 1569,
        "bw_agg" : 99.985350,
        "bw_mean" : 1313.844444,
        "bw_dev" : 180.279232,
        "bw_samples" : 180,
        "iops_min" : 204,
        "iops_max" : 392,
        "iops_mean" : 328.300000,
        "iops_stddev" : 45.021026,
        "iops_samples" : 180
      },
      "write" : {
        "io_bytes" : 0,
        "io_kbytes" : 0,
        "bw_bytes" : 0,
        "bw" : 0,
        "iops" : 0.000000,
        "runtime" : 0,
        "total_ios" : 0,
        "short_ios" : 0,
        "drop_ios" : 0,
        "slat_ns" : {
          "min" : 0,
          "max" : 0,
          "mean" : 0.000000,
          "stddev" : 0.000000,
          "N" : 0
        },
        "clat_ns" : {
          "min" : 0,
          "max" : 0,
          "mean" : 0.000000,
          "stddev" : 0.000000,
          "N" : 0
        },
        "lat_ns" : {
          "min" : 0,
          "max" : 0,
          "mean" : 0.000000,
          "stddev" : 0.000000,
          "N" : 0
        },
        "bw_min" : 0,
        "bw_max" : 0,
        "bw_agg" : 0.000000,
        "bw_mean" : 0.000000,
        "bw_dev" : 0.000000,
        "bw_samples" : 0,
        "iops_min" : 0,
        "iops_max" : 0,
        "iops_mean" : 0.000000,
        "iops_stddev" : 0.000000,
        "iops_samples" : 0
      },
      "trim" : {
        "io_bytes" : 0,
        "io_kbytes" : 0,
        "bw_bytes" : 0,
        "bw" : 0,
        "iops" : 0.000000,
        "runtime" : 0,
        "total_ios" : 0,
        "short_ios" : 0,
        "drop_ios" : 0,
        "slat_ns" : {
          "min" : 0,
          "max" : 0,
          "mean" : 0.000000,
          "stddev" : 0.000000,
          "N" : 0
        },
        "clat_ns" : {
          "min" : 0,
          "max" : 0,
          "mean" : 0.000000,
          "stddev" : 0.000000,
          "N" : 0
        },
        "lat_ns" : {
          "min" : 0,
          "max" : 0,
          "mean" : 0.000000,
          "stddev" : 0.000000,
          "N" : 0
        },
        "bw_min" : 0,
        "bw_max" : 0,
        "bw_agg" : 0.000000,
        "bw_mean" : 0.000000,
        "bw_dev" : 0.000000,
        "bw_samples" : 0,
        "iops_min" : 0,
        "iops_max" : 0,
        "iops_mean" : 0.000000,
        "iops_stddev" : 0.000000,
        "iops_samples" : 0
      },
      "sync" : {
        "total_ios" : 0,
        "lat_ns" : {
          "min" : 0,
          "max" : 0,
          "mean" : 0.000000,
          "stddev" : 0.000000,
          "N" : 0
        }
      },
      "job_runtime" : 180000,
      "usr_cpu" : 0.160000,
      "sys_cpu" : 0.356667,
      "ctx" : 59094,
      "majf" : 0,
      "minf" : 45,
      "iodepth_level" : {
        "1" : 100.000000,
        "2" : 0.000000,
        "4" : 0.000000,
        "8" : 0.000000,
        "16" : 0.000000,
        "32" : 0.000000,
        ">=64" : 0.000000
      },
      "iodepth_submit" : {
        "0" : 0.000000,
        "4" : 100.000000,
        "8" : 0.000000,
        "16" : 0.000000,
        "32" : 0.000000,
        "64" : 0.000000,
        ">=64" : 0.000000
      },
      "iodepth_complete" : {
        "0" : 0.000000,
        "4" : 100.000000,
        "8" : 0.000000,
        "16" : 0.000000,
        "32" : 0.000000,
        "64" : 0.000000,
        ">=64" : 0.000000
      },
      "latency_ns" : {
        "2" : 0.000000,
        "4" : 0.000000,
        "10" : 0.000000,
        "20" : 0.000000,
        "50" : 0.000000,
        "100" : 0.000000,
        "250" : 0.000000,
        "500" : 0.000000,
        "750" : 0.000000,
        "1000" : 0.000000
      },
      "latency_us" : {
        "2" : 0.000000,
        "4" : 0.000000,
        "10" : 0.000000,
        "20" : 0.000000,
        "50" : 0.000000,
        "100" : 0.000000,
        "250" : 0.000000,
        "500" : 0.000000,
        "750" : 0.000000,
        "1000" : 0.000000
      },
      "latency_ms" : {
        "2" : 0.918875,
        "4" : 84.940942,
        "10" : 13.884658,
        "20" : 0.214912,
        "50" : 0.028768,
        "100" : 0.010153,
        "250" : 0.010000,
        "500" : 0.000000,
        "750" : 0.000000,
        "1000" : 0.000000,
        "2000" : 0.000000,
        ">=2000" : 0.000000
      },
      "latency_depth" : 1,
      "latency_target" : 0,
      "latency_percentile" : 100.000000,
      "latency_window" : 0
    }
  ],
  "disk_util" : [
    {
      "name" : "nvme0n11",
      "read_ios" : 59029,
      "write_ios" : 0,
      "read_sectors" : 472232,
      "write_sectors" : 0,
      "read_merges" : 0,
      "write_merges" : 0,
      "read_ticks" : 178992,
      "write_ticks" : 0,
      "in_queue" : 178992,
      "util" : 99.493829
    }
  ]
}
