{
  "fio version" : "fio-3.39-28-gd2a4",
  "timestamp" : 1742507969,
  "timestamp_ms" : 1742507969618,
  "time" : "Thu Mar 20 14:59:29 2025",
  "jobs" : [
    {
      "jobname" : "FIOJOB",
      "groupid" : 0,
      "job_start" : 1742507789553,
      "error" : 0,
      "eta" : 0,
      "elapsed" : 181,
      "job options" : {
        "ioengine" : "libaio",
        "rw" : "randread",
        "size" : "10G",
        "bs" : "4k",
        "iodepth" : "1",
        "numjobs" : "2",
        "runtime" : "180",
        "loops" : "1",
        "direct" : "1",
        "log_avg_msec" : "1000",
        "invalidate" : "1",
        "write_bw_log" : "../azuredisks/nvme0n11/4k/randread-iodepth-1-numjobs-2",
        "write_lat_log" : "../azuredisks/nvme0n11/4k/randread-iodepth-1-numjobs-2",
        "write_iops_log" : "../azuredisks/nvme0n11/4k/randread-iodepth-1-numjobs-2",
        "filename" : "/dev/nvme0n11"
      },
      "read" : {
        "io_bytes" : 302751744,
        "io_kbytes" : 295656,
        "bw_bytes" : 1681944,
        "bw" : 1642,
        "iops" : 410.631052,
        "runtime" : 180001,
        "total_ios" : 73914,
        "short_ios" : 0,
        "drop_ios" : 0,
        "slat_ns" : {
          "min" : 1568,
          "max" : 133531,
          "mean" : 3606.689274,
          "stddev" : 2648.616253,
          "N" : 73914
        },
        "clat_ns" : {
          "min" : 1135264,
          "max" : 98611533,
          "mean" : 2430493.827367,
          "stddev" : 976027.833530,
          "N" : 73914,
          "percentile" : {
            "1.000000" : 1777664,
            "5.000000" : 1908736,
            "10.000000" : 1974272,
            "20.000000" : 2056192,
            "30.000000" : 2113536,
            "40.000000" : 2179072,
            "50.000000" : 2244608,
            "60.000000" : 2342912,
            "70.000000" : 2441216,
            "80.000000" : 2637824,
            "90.000000" : 2998272,
            "95.000000" : 3391488,
            "99.000000" : 5275648,
            "99.500000" : 6782976,
            "99.900000" : 11468800,
            "99.950000" : 14483456,
            "99.990000" : 32374784
          }
        },
        "lat_ns" : {
          "min" : 1137357,
          "max" : 98616912,
          "mean" : 2434100.516641,
          "stddev" : 976040.973270,
          "N" : 73914
        },
        "bw_min" : 1457,
        "bw_max" : 1769,
        "bw_agg" : 51.122026,
        "bw_mean" : 1643.005556,
        "bw_dev" : 54.931496,
        "bw_samples" : 180,
        "iops_min" : 364,
        "iops_max" : 442,
        "iops_mean" : 410.627778,
        "iops_stddev" : 13.730051,
        "iops_samples" : 180
      },
      "write" : {
        "io_bytes" : 0,
        "io_kbytes" : 0,
        "bw_bytes" : 0,
        "bw" : 0,
        "iops" : 0.000000,
        "runtime" : 0,
        "total_ios" : 0,
        "short_ios" : 0,
        "drop_ios" : 0,
        "slat_ns" : {
          "min" : 0,
          "max" : 0,
          "mean" : 0.000000,
          "stddev" : 0.000000,
          "N" : 0
        },
        "clat_ns" : {
          "min" : 0,
          "max" : 0,
          "mean" : 0.000000,
          "stddev" : 0.000000,
          "N" : 0
        },
        "lat_ns" : {
          "min" : 0,
          "max" : 0,
          "mean" : 0.000000,
          "stddev" : 0.000000,
          "N" : 0
        },
        "bw_min" : 0,
        "bw_max" : 0,
        "bw_agg" : 0.000000,
        "bw_mean" : 0.000000,
        "bw_dev" : 0.000000,
        "bw_samples" : 0,
        "iops_min" : 0,
        "iops_max" : 0,
        "iops_mean" : 0.000000,
        "iops_stddev" : 0.000000,
        "iops_samples" : 0
      },
      "trim" : {
        "io_bytes" : 0,
        "io_kbytes" : 0,
        "bw_bytes" : 0,
        "bw" : 0,
        "iops" : 0.000000,
        "runtime" : 0,
        "total_ios" : 0,
        "short_ios" : 0,
        "drop_ios" : 0,
        "slat_ns" : {
          "min" : 0,
          "max" : 0,
          "mean" : 0.000000,
          "stddev" : 0.000000,
          "N" : 0
        },
        "clat_ns" : {
          "min" : 0,
          "max" : 0,
          "mean" : 0.000000,
          "stddev" : 0.000000,
          "N" : 0
        },
        "lat_ns" : {
          "min" : 0,
          "max" : 0,
          "mean" : 0.000000,
          "stddev" : 0.000000,
          "N" : 0
        },
        "bw_min" : 0,
        "bw_max" : 0,
        "bw_agg" : 0.000000,
        "bw_mean" : 0.000000,
        "bw_dev" : 0.000000,
        "bw_samples" : 0,
        "iops_min" : 0,
        "iops_max" : 0,
        "iops_mean" : 0.000000,
        "iops_stddev" : 0.000000,
        "iops_samples" : 0
      },
      "sync" : {
        "total_ios" : 0,
        "lat_ns" : {
          "min" : 0,
          "max" : 0,
          "mean" : 0.000000,
          "stddev" : 0.000000,
          "N" : 0
        }
      },
      "job_runtime" : 180000,
      "usr_cpu" : 0.169444,
      "sys_cpu" : 0.430556,
      "ctx" : 73914,
      "majf" : 0,
      "minf" : 45,
      "iodepth_level" : {
        "1" : 100.000000,
        "2" : 0.000000,
        "4" : 0.000000,
        "8" : 0.000000,
        "16" : 0.000000,
        "32" : 0.000000,
        ">=64" : 0.000000
      },
      "iodepth_submit" : {
        "0" : 0.000000,
        "4" : 100.000000,
        "8" : 0.000000,
        "16" : 0.000000,
        "32" : 0.000000,
        "64" : 0.000000,
        ">=64" : 0.000000
      },
      "iodepth_complete" : {
        "0" : 0.000000,
        "4" : 100.000000,
        "8" : 0.000000,
        "16" : 0.000000,
        "32" : 0.000000,
        "64" : 0.000000,
        ">=64" : 0.000000
      },
      "latency_ns" : {
        "2" : 0.000000,
        "4" : 0.000000,
        "10" : 0.000000,
        "20" : 0.000000,
        "50" : 0.000000,
        "100" : 0.000000,
        "250" : 0.000000,
        "500" : 0.000000,
        "750" : 0.000000,
        "1000" : 0.000000
      },
      "latency_us" : {
        "2" : 0.000000,
        "4" : 0.000000,
        "10" : 0.000000,
        "20" : 0.000000,
        "50" : 0.000000,
        "100" : 0.000000,
        "250" : 0.000000,
        "500" : 0.000000,
        "750" : 0.000000,
        "1000" : 0.000000
      },
      "latency_ms" : {
        "2" : 13.273534,
        "4" : 84.477907,
        "10" : 2.111914,
        "20" : 0.116351,
        "50" : 0.014882,
        "100" : 0.010000,
        "250" : 0.000000,
        "500" : 0.000000,
        "750" : 0.000000,
        "1000" : 0.000000,
        "2000" : 0.000000,
        ">=2000" : 0.000000
      },
      "latency_depth" : 1,
      "latency_target" : 0,
      "latency_percentile" : 100.000000,
      "latency_window" : 0
    },
    {
      "jobname" : "FIOJOB",
      "groupid" : 0,
      "job_start" : 1742507789553,
      "error" : 0,
      "eta" : 0,
      "elapsed" : 181,
      "job options" : {
        "ioengine" : "libaio",
        "rw" : "randread",
        "size" : "10G",
        "bs" : "4k",
        "iodepth" : "1",
        "numjobs" : "2",
        "runtime" : "180",
        "loops" : "1",
        "direct" : "1",
        "log_avg_msec" : "1000",
        "invalidate" : "1",
        "write_bw_log" : "../azuredisks/nvme0n11/4k/randread-iodepth-1-numjobs-2",
        "write_lat_log" : "../azuredisks/nvme0n11/4k/randread-iodepth-1-numjobs-2",
        "write_iops_log" : "../azuredisks/nvme0n11/4k/randread-iodepth-1-numjobs-2",
        "filename" : "/dev/nvme0n11"
      },
      "read" : {
        "io_bytes" : 289640448,
        "io_kbytes" : 282852,
        "bw_bytes" : 1609086,
        "bw" : 1571,
        "iops" : 392.843453,
        "runtime" : 180003,
        "total_ios" : 70713,
        "short_ios" : 0,
        "drop_ios" : 0,
        "slat_ns" : {
          "min" : 1561,
          "max" : 207525,
          "mean" : 3628.298220,
          "stddev" : 2806.190396,
          "N" : 70713
        },
        "clat_ns" : {
          "min" : 1258594,
          "max" : 72927958,