{
  "fio version" : "fio-3.39-28-gd2a4",
  "timestamp" : 1742405944,
  "timestamp_ms" : 1742405944783,
  "time" : "Wed Mar 19 10:39:04 2025",
  "jobs" : [
    {
      "jobname" : "FIOJOB",
      "groupid" : 0,
      "job_start" : 1742405914642,
      "error" : 0,
      "eta" : 0,
      "elapsed" : 31,
      "job options" : {
        "ioengine" : "libaio",
        "rw" : "randread",
        "size" : "10G",
        "bs" : "4k",
        "iodepth" : "32",
        "numjobs" : "1",
        "runtime" : "30",
        "loops" : "1",
        "direct" : "1",
        "log_avg_msec" : "1000",
        "invalidate" : "1",
        "write_bw_log" : "azuredisks/nvme0n14/4k/randread-iodepth-32-numjobs-1",
        "write_lat_log" : "azuredisks/nvme0n14/4k/randread-iodepth-32-numjobs-1",
        "write_iops_log" : "azuredisks/nvme0n14/4k/randread-iodepth-32-numjobs-1",
        "filename" : "/dev/nvme0n14"
      },
      "read" : {
        "io_bytes" : 1707487232,
        "io_kbytes" : 1667468,
        "bw_bytes" : 56910550,
        "bw" : 55576,
        "iops" : 13894.177249,
        "runtime" : 30003,
        "total_ios" : 416867,
        "short_ios" : 0,
        "drop_ios" : 0,
        "slat_ns" : {
          "min" : 1047,
          "max" : 46528,
          "mean" : 1475.257895,
          "stddev" : 1126.018173,
          "N" : 416867
        },
        "clat_ns" : {
          "min" : 992766,
          "max" : 110373292,
          "mean" : 2301219.316367,
          "stddev" : 1290288.442996,
          "N" : 416867,
          "percentile" : {
            "1.000000" : 1220608,
            "5.000000" : 1744896,
            "10.000000" : 1810432,
            "20.000000" : 1892352,
            "30.000000" : 1957888,
            "40.000000" : 2023424,
            "50.000000" : 2113536,
            "60.000000" : 2211840,
            "70.000000" : 2342912,
            "80.000000" : 2539520,
            "90.000000" : 2899968,
            "95.000000" : 3260416,
            "99.000000" : 5013504,
            "99.500000" : 6782976,
            "99.900000" : 15794176,
            "99.950000" : 23724032,
            "99.990000" : 45350912
          }
        },
        "lat_ns" : {
          "min" : 994066,
          "max" : 110374513,
          "mean" : 2302694.574262,
          "stddev" : 1290298.472521,
          "N" : 416867
        },
        "bw_min" : 48796,
        "bw_max" : 58824,
        "bw_agg" : 100.000000,
        "bw_mean" : 55613.066667,
        "bw_dev" : 2446.080396,
        "bw_samples" : 30,
        "iops_min" : 12199,
        "iops_max" : 14706,
        "iops_mean" : 13903.033333,
        "iops_stddev" : 611.558297,
        "iops_samples" : 30
      },
      "write" : {
        "io_bytes" : 0,
        "io_kbytes" : 0,
        "bw_bytes" : 0,
        "bw" : 0,
        "iops" : 0.000000,
        "runtime" : 0,
        "total_ios" : 0,
        "short_ios" : 0,
        "drop_ios" : 0,
        "slat_ns" : {
          "min" : 0,
          "max" : 0,
          "mean" : 0.000000,
          "stddev" : 0.000000,
          "N" : 0
        },
        "clat_ns" : {
          "min" : 0,
          "max" : 0,
          "mean" : 0.000000,
          "stddev" : 0.000000,
          "N" : 0
        },
        "lat_ns" : {
          "min" : 0,
          "max" : 0,
          "mean" : 0.000000,
          "stddev" : 0.000000,
          "N" : 0
        },
        "bw_min" : 0,
        "bw_max" : 0,
        "bw_agg" : 0.000000,
        "bw_mean" : 0.000000,
        "bw_dev" : 0.000000,
        "bw_samples" : 0,
        "iops_min" : 0,
        "iops_max" : 0,
        "iops_mean" : 0.000000,
        "iops_stddev" : 0.000000,
        "iops_samples" : 0
      },
      "trim" : {
        "io_bytes" : 0,
        "io_kbytes" : 0,
        "bw_bytes" : 0,
        "bw" : 0,
        "iops" : 0.000000,
        "runtime" : 0,
        "total_ios" : 0,
        "short_ios" : 0,
        "drop_ios" : 0,
        "slat_ns" : {
          "min" : 0,
          "max" : 0,
          "mean" : 0.000000,
          "stddev" : 0.000000,
          "N" : 0
        },
        "clat_ns" : {
          "min" : 0,
          "max" : 0,
          "mean" : 0.000000,
          "stddev" : 0.000000,
          "N" : 0
        },
        "lat_ns" : {
          "min" : 0,
          "max" : 0,
          "mean" : 0.000000,
          "stddev" : 0.000000,
          "N" : 0
        },
        "bw_min" : 0,
        "bw_max" : 0,
        "bw_agg" : 0.000000,
        "bw_mean" : 0.000000,
        "bw_dev" : 0.000000,
        "bw_samples" : 0,
        "iops_min" : 0,
        "iops_max" : 0,
        "iops_mean" : 0.000000,
        "iops_stddev" : 0.000000,
        "iops_samples" : 0
      },
      "sync" : {
        "total_ios" : 0,
        "lat_ns" : {
          "min" : 0,
          "max" : 0,
          "mean" : 0.000000,
          "stddev" : 0.000000,
          "N" : 0
        }
      },
      "job_runtime" : 30002,
      "usr_cpu" : 2.019865,
      "sys_cpu" : 5.619625,
      "ctx" : 357040,
      "majf" : 0,
      "minf" : 76,
      "iodepth_level" : {
        "1" : 0.100000,
        "2" : 0.100000,
        "4" : 0.100000,
        "8" : 0.100000,
        "16" : 0.100000,
        "32" : 99.992564,
        ">=64" : 0.000000
      },
      "iodepth_submit" : {
        "0" : 0.000000,
        "4" : 100.000000,
        "8" : 0.000000,
        "16" : 0.000000,
        "32" : 0.000000,
        "64" : 0.000000,
        ">=64" : 0.000000
      },
      "iodepth_complete" : {
        "0" : 0.000000,
        "4" : 99.999760,
        "8" : 0.000000,
        "16" : 0.000000,
        "32" : 0.100000,
        "64" : 0.000000,
        ">=64" : 0.000000
      },
      "latency_ns" : {
        "2" : 0.000000,
        "4" : 0.000000,
        "10" : 0.000000,
        "20" : 0.000000,
        "50" : 0.000000,
        "100" : 0.000000,
        "250" : 0.000000,
        "500" : 0.000000,
        "750" : 0.000000,
        "1000" : 0.000000
      },
      "latency_us" : {
        "2" : 0.000000,
        "4" : 0.000000,
        "10" : 0.000000,
        "20" : 0.000000,
        "50" : 0.000000,
        "100" : 0.000000,
        "250" : 0.000000,
        "500" : 0.000000,
        "750" : 0.000000,
        "1000" : 0.010000
      },
      "latency_ms" : {
        "2" : 35.989896,
        "4" : 62.031055,
        "10" : 1.784022,
        "20" : 0.123061,
        "50" : 0.063330,
        "100" : 0.010000,
        "250" : 0.010000,
        "500" : 0.000000,
        "750" : 0.000000,
        "1000" : 0.000000,
        "2000" : 0.000000,
        ">=2000" : 0.000000
      },
      "latency_depth" : 32,
      "latency_target" : 0,
      "latency_percentile" : 100.000000,
      "latency_window" : 0
    }
  ],
  "disk_util" : [
    {
      "name" : "nvme0n14",
      "read_ios" : 415337,
      "write_ios" : 0,
      "read_sectors" : 3322696,
      "write_sectors" : 0,
      "read_merges" : 0,
      "write_merges" : 0,
      "read_ticks" : 954024,
      "write_ticks" : 0,
      "in_queue" : 954025,
      "util" : 99.726420
    }
  ]
}
