{
  "fio version" : "fio-3.39-28-gd2a4",
  "timestamp" : 1742405549,
  "timestamp_ms" : 1742405549284,
  "time" : "Wed Mar 19 10:32:29 2025",
  "jobs" : [
    {
      "jobname" : "FIOJOB",
      "groupid" : 0,
      "job_start" : 1742405519143,
      "error" : 0,
      "eta" : 0,
      "elapsed" : 31,
      "job options" : {
        "ioengine" : "libaio",
        "rw" : "randread",
        "size" : "10G",
        "bs" : "4k",
        "iodepth" : "8",
        "numjobs" : "2",
        "runtime" : "30",
        "loops" : "1",
        "direct" : "1",
        "log_avg_msec" : "1000",
        "invalidate" : "1",
        "write_bw_log" : "azuredisks/nvme0n14/4k/randread-iodepth-8-numjobs-2",
        "write_lat_log" : "azuredisks/nvme0n14/4k/randread-iodepth-8-numjobs-2",
        "write_iops_log" : "azuredisks/nvme0n14/4k/randread-iodepth-8-numjobs-2",
        "filename" : "/dev/nvme0n14"
      },
      "read" : {
        "io_bytes" : 433053696,
        "io_kbytes" : 422904,
        "bw_bytes" : 14433679,
        "bw" : 14095,
        "iops" : 3523.847615,
        "runtime" : 30003,
        "total_ios" : 105726,
        "short_ios" : 0,
        "drop_ios" : 0,
        "slat_ns" : {
          "min" : 1055,
          "max" : 43926,
          "mean" : 2120.388447,
          "stddev" : 1810.742126,
          "N" : 105726
        },
        "clat_ns" : {
          "min" : 997451,
          "max" : 110378512,
          "mean" : 2267383.313423,
          "stddev" : 1192803.114024,
          "N" : 105726,
          "percentile" : {
            "1.000000" : 1286144,
            "5.000000" : 1794048,
            "10.000000" : 1843200,
            "20.000000" : 1908736,
            "30.000000" : 1974272,
            "40.000000" : 2023424,
            "50.000000" : 2088960,
            "60.000000" : 2179072,
            "70.000000" : 2310144,
            "80.000000" : 2506752,
            "90.000000" : 2834432,
            "95.000000" : 3162112,
            "99.000000" : 4554752,
            "99.500000" : 5734400,
            "99.900000" : 9895936,
            "99.950000" : 12517376,
            "99.990000" : 51642368
          }
        },
        "lat_ns" : {
          "min" : 998768,
          "max" : 110380280,
          "mean" : 2269503.701871,
          "stddev" : 1192817.699892,
          "N" : 105726
        },
        "bw_min" : 12808,
        "bw_max" : 14524,
        "bw_agg" : 50.606841,
        "bw_mean" : 14104.933333,
        "bw_dev" : 353.100936,
        "bw_samples" : 30,
        "iops_min" : 3202,
        "iops_max" : 3631,
        "iops_mean" : 3525.933333,
        "iops_stddev" : 88.236334,
        "iops_samples" : 30
      },
      "write" : {
        "io_bytes" : 0,
        "io_kbytes" : 0,
        "bw_bytes" : 0,
        "bw" : 0,
        "iops" : 0.000000,
        "runtime" : 0,
        "total_ios" : 0,
        "short_ios" : 0,
        "drop_ios" : 0,
        "slat_ns" : {
          "min" : 0,
          "max" : 0,
          "mean" : 0.000000,
          "stddev" : 0.000000,
          "N" : 0
        },
        "clat_ns" : {
          "min" : 0,
          "max" : 0,
          "mean" : 0.000000,
          "stddev" : 0.000000,
          "N" : 0
        },
        "lat_ns" : {
          "min" : 0,
          "max" : 0,
          "mean" : 0.000000,
          "stddev" : 0.000000,
          "N" : 0
        },
        "bw_min" : 0,
        "bw_max" : 0,
        "bw_agg" : 0.000000,
        "bw_mean" : 0.000000,
        "bw_dev" : 0.000000,
        "bw_samples" : 0,
        "iops_min" : 0,
        "iops_max" : 0,
        "iops_mean" : 0.000000,
        "iops_stddev" : 0.000000,
        "iops_samples" : 0
      },
      "trim" : {
        "io_bytes" : 0,
        "io_kbytes" : 0,
        "bw_bytes" : 0,
        "bw" : 0,
        "iops" : 0.000000,
        "runtime" : 0,
        "total_ios" : 0,
        "short_ios" : 0,
        "drop_ios" : 0,
        "slat_ns" : {
          "min" : 0,
          "max" : 0,
          "mean" : 0.000000,
          "stddev" : 0.000000,
          "N" : 0
        },
        "clat_ns" : {
          "min" : 0,
          "max" : 0,
          "mean" : 0.000000,
          "stddev" : 0.000000,
          "N" : 0
        },
        "lat_ns" : {
          "min" : 0,
          "max" : 0,
          "mean" : 0.000000,
          "stddev" : 0.000000,
          "N" : 0
        },
        "bw_min" : 0,
        "bw_max" : 0,
        "bw_agg" : 0.000000,
        "bw_mean" : 0.000000,
        "bw_dev" : 0.000000,
        "bw_samples" : 0,
        "iops_min" : 0,
        "iops_max" : 0,
        "iops_mean" : 0.000000,
        "iops_stddev" : 0.000000,
        "iops_samples" : 0
      },
      "sync" : {
        "total_ios" : 0,
        "lat_ns" : {
          "min" : 0,
          "max" : 0,
          "mean" : 0.000000,
          "stddev" : 0.000000,
          "N" : 0
        }
      },
      "job_runtime" : 30002,
      "usr_cpu" : 0.826612,
      "sys_cpu" : 2.203186,
      "ctx" : 100203,
      "majf" : 0,
      "minf" : 51,
      "iodepth_level" : {
        "1" : 0.100000,
        "2" : 0.100000,
        "4" : 0.100000,
        "8" : 99.993379,
        "16" : 0.000000,
        "32" : 0.000000,
        ">=64" : 0.000000
      },
      "iodepth_submit" : {
        "0" : 0.000000,
        "4" : 100.000000,
        "8" : 0.000000,
        "16" : 0.000000,
        "32" : 0.000000,
        "64" : 0.000000,
        ">=64" : 0.000000
      },
      "iodepth_complete" : {
        "0" : 0.000000,
        "4" : 99.999054,
        "8" : 0.100000,
        "16" : 0.000000,
        "32" : 0.000000,
        "64" : 0.000000,
        ">=64" : 0.000000
      },
      "latency_ns" : {
        "2" : 0.000000,
        "4" : 0.000000,
        "10" : 0.000000,
        "20" : 0.000000,
        "50" : 0.000000,
        "100" : 0.000000,
        "250" : 0.000000,
        "500" : 0.000000,
        "750" : 0.000000,
        "1000" : 0.000000
      },
      "latency_us" : {
        "2" : 0.000000,
        "4" : 0.000000,
        "10" : 0.000000,
        "20" : 0.000000,
        "50" : 0.000000,
        "100" : 0.000000,
        "250" : 0.000000,
        "500" : 0.000000,
        "750" : 0.000000,
        "1000" : 0.010000
      },
      "latency_ms" : {
        "2" : 35.830354,
        "4" : 62.635492,
        "10" : 1.436733,
        "20" : 0.063371,
        "50" : 0.021754,
        "100" : 0.010000,
        "250" : 0.010000,
        "500" : 0.000000,
        "750" : 0.000000,
        "1000" : 0.000000,
        "2000" : 0.000000,
        ">=2000" : 0.000000
      },
      "latency_depth" : 8,
      "latency_target" : 0,
      "latency_percentile" : 100.000000,
      "latency_window" : 0
    },
    {
      "jobname" : "FIOJOB",
      "groupid" : 0,
      "job_start" : 1742405519143,
      "error" : 0,
      "eta" : 0,
      "elapsed" : 31,
      "job options" : {
        "ioengine" : "libaio",
        "rw" : "randread",
        "size" : "10G",
        "bs" : "4k",
        "iodepth" : "8",
        "numjobs" : "2",
        "runtime" : "30",
        "loops" : "1",
        "direct" : "1",
        "log_avg_msec" : "1000",
        "invalidate" : "1",
        "write_bw_log" : "azuredisks/nvme0n14/4k/randread-iodepth-8-numjobs-2",
        "write_lat_log" : "azuredisks/nvme0n14/4k/randread-iodepth-8-numjobs-2",
        "write_iops_log" : "azuredisks/nvme0n14/4k/randread-iodepth-8-numjobs-2",
        "filename" : "/dev/nvme0n14"
      },
      "read" : {
        "io_bytes" : 423219200,
        "io_kbytes" : 413300,
        "bw_bytes" : 14105425,
        "bw" : 13774,
        "iops" : 3443.707506,
        "runtime" : 30004,
        "total_ios" : 103325,
        "short_ios" : 0,
        "drop_ios" : 0,
        "slat_ns" : {
          "min" : 1060,
          "max" : 46255,
          "mean" : 2133.441278,
          "stddev" : 1788.550499,
          "N" : 103325
        },
        "clat_ns" : {
          "min" : 1025693,
          "max" : 110218170,
          "mean" : 2320174.671454,