{
  "fio version" : "fio-3.39-28-gd2a4",
  "timestamp" : 1742405305,
  "timestamp_ms" : 1742405305923,
  "time" : "Wed Mar 19 10:28:25 2025",
  "jobs" : [
    {
      "jobname" : "FIOJOB",
      "groupid" : 0,
      "job_start" : 1742405275781,
      "error" : 0,
      "eta" : 0,
      "elapsed" : 31,
      "job options" : {
        "ioengine" : "libaio",
        "rw" : "randread",
        "size" : "10G",
        "bs" : "4k",
        "iodepth" : "4",
        "numjobs" : "1",
        "runtime" : "30",
        "loops" : "1",
        "direct" : "1",
        "log_avg_msec" : "1000",
        "invalidate" : "1",
        "write_bw_log" : "azuredisks/nvme0n14/4k/randread-iodepth-4-numjobs-1",
        "write_lat_log" : "azuredisks/nvme0n14/4k/randread-iodepth-4-numjobs-1",
        "write_iops_log" : "azuredisks/nvme0n14/4k/randread-iodepth-4-numjobs-1",
        "filename" : "/dev/nvme0n14"
      },
      "read" : {
        "io_bytes" : 200200192,
        "io_kbytes" : 195508,
        "bw_bytes" : 6672227,
        "bw" : 6515,
        "iops" : 1628.961840,
        "runtime" : 30005,
        "total_ios" : 48877,
        "short_ios" : 0,
        "drop_ios" : 0,
        "slat_ns" : {
          "min" : 1092,
          "max" : 82112,
          "mean" : 2821.642879,
          "stddev" : 2282.939210,
          "N" : 48877
        },
        "clat_ns" : {
          "min" : 1122880,
          "max" : 72034819,
          "mean" : 2451747.057716,
          "stddev" : 898328.680066,
          "N" : 48877,
          "percentile" : {
            "1.000000" : 1794048,
            "5.000000" : 1908736,
            "10.000000" : 1974272,
            "20.000000" : 2056192,
            "30.000000" : 2113536,
            "40.000000" : 2211840,
            "50.000000" : 2277376,
            "60.000000" : 2375680,
            "70.000000" : 2506752,
            "80.000000" : 2670592,
            "90.000000" : 3031040,
            "95.000000" : 3457024,
            "99.000000" : 5341184,
            "99.500000" : 6782976,
            "99.900000" : 10027008,
            "99.950000" : 12124160,
            "99.990000" : 27656192
          }
        },
        "lat_ns" : {
          "min" : 1128388,
          "max" : 72036276,
          "mean" : 2454568.700595,
          "stddev" : 898361.337992,
          "N" : 48877
        },
        "bw_min" : 5940,
        "bw_max" : 6910,
        "bw_agg" : 100.000000,
        "bw_mean" : 6520.066667,
        "bw_dev" : 208.935221,
        "bw_samples" : 30,
        "iops_min" : 1485,
        "iops_max" : 1727,
        "iops_mean" : 1629.733333,
        "iops_stddev" : 52.239457,
        "iops_samples" : 30
      },
      "write" : {
        "io_bytes" : 0,
        "io_kbytes" : 0,
        "bw_bytes" : 0,
        "bw" : 0,
        "iops" : 0.000000,
        "runtime" : 0,
        "total_ios" : 0,
        "short_ios" : 0,
        "drop_ios" : 0,
        "slat_ns" : {
          "min" : 0,
          "max" : 0,
          "mean" : 0.000000,
          "stddev" : 0.000000,
          "N" : 0
        },
        "clat_ns" : {
          "min" : 0,
          "max" : 0,
          "mean" : 0.000000,
          "stddev" : 0.000000,
          "N" : 0
        },
        "lat_ns" : {
          "min" : 0,
          "max" : 0,
          "mean" : 0.000000,
          "stddev" : 0.000000,
          "N" : 0
        },
        "bw_min" : 0,
        "bw_max" : 0,
        "bw_agg" : 0.000000,
        "bw_mean" : 0.000000,
        "bw_dev" : 0.000000,
        "bw_samples" : 0,
        "iops_min" : 0,
        "iops_max" : 0,
        "iops_mean" : 0.000000,
        "iops_stddev" : 0.000000,
        "iops_samples" : 0
      },
      "trim" : {
        "io_bytes" : 0,
        "io_kbytes" : 0,
        "bw_bytes" : 0,
        "bw" : 0,
        "iops" : 0.000000,
        "runtime" : 0,
        "total_ios" : 0,
        "short_ios" : 0,
        "drop_ios" : 0,
        "slat_ns" : {
          "min" : 0,
          "max" : 0,
          "mean" : 0.000000,
          "stddev" : 0.000000,
          "N" : 0
        },
        "clat_ns" : {
          "min" : 0,
          "max" : 0,
          "mean" : 0.000000,
          "stddev" : 0.000000,
          "N" : 0
        },
        "lat_ns" : {
          "min" : 0,
          "max" : 0,
          "mean" : 0.000000,
          "stddev" : 0.000000,
          "N" : 0
        },
        "bw_min" : 0,
        "bw_max" : 0,
        "bw_agg" : 0.000000,
        "bw_mean" : 0.000000,
        "bw_dev" : 0.000000,
        "bw_samples" : 0,
        "iops_min" : 0,
        "iops_max" : 0,
        "iops_mean" : 0.000000,
        "iops_stddev" : 0.000000,
        "iops_samples" : 0
      },
      "sync" : {
        "total_ios" : 0,
        "lat_ns" : {
          "min" : 0,
          "max" : 0,
          "mean" : 0.000000,
          "stddev" : 0.000000,
          "N" : 0
        }
      },
      "job_runtime" : 30004,
      "usr_cpu" : 0.536595,
      "sys_cpu" : 1.353153,
      "ctx" : 47393,
      "majf" : 0,
      "minf" : 47,
      "iodepth_level" : {
        "1" : 0.100000,
        "2" : 0.100000,
        "4" : 99.993862,
        "8" : 0.000000,
        "16" : 0.000000,
        "32" : 0.000000,
        ">=64" : 0.000000
      },
      "iodepth_submit" : {
        "0" : 0.000000,
        "4" : 100.000000,
        "8" : 0.000000,
        "16" : 0.000000,
        "32" : 0.000000,
        "64" : 0.000000,
        ">=64" : 0.000000
      },
      "iodepth_complete" : {
        "0" : 0.000000,
        "4" : 100.000000,
        "8" : 0.000000,
        "16" : 0.000000,
        "32" : 0.000000,
        "64" : 0.000000,
        ">=64" : 0.000000
      },
      "latency_ns" : {
        "2" : 0.000000,
        "4" : 0.000000,
        "10" : 0.000000,
        "20" : 0.000000,
        "50" : 0.000000,
        "100" : 0.000000,
        "250" : 0.000000,
        "500" : 0.000000,
        "750" : 0.000000,
        "1000" : 0.000000
      },
      "latency_us" : {
        "2" : 0.000000,
        "4" : 0.000000,
        "10" : 0.000000,
        "20" : 0.000000,
        "50" : 0.000000,
        "100" : 0.000000,
        "250" : 0.000000,
        "500" : 0.000000,
        "750" : 0.000000,
        "1000" : 0.000000
      },
      "latency_ms" : {
        "2" : 13.241402,
        "4" : 84.225709,
        "10" : 2.432637,
        "20" : 0.085930,
        "50" : 0.010000,
        "100" : 0.010000,
        "250" : 0.000000,
        "500" : 0.000000,
        "750" : 0.000000,
        "1000" : 0.000000,
        "2000" : 0.000000,
        ">=2000" : 0.000000
      },
      "latency_depth" : 4,
      "latency_target" : 0,
      "latency_percentile" : 100.000000,
      "latency_window" : 0
    }
  ],
  "disk_util" : [
    {
      "name" : "nvme0n14",
      "read_ios" : 48703,
      "write_ios" : 0,
      "read_sectors" : 389624,
      "write_sectors" : 0,
      "read_merges" : 0,
      "write_merges" : 0,
      "read_ticks" : 119025,
      "write_ticks" : 0,
      "in_queue" : 119025,
      "util" : 99.743059
    }
  ]
}
