{
  "fio version" : "fio-3.39-28-gd2a4",
  "timestamp" : 1742405092,
  "timestamp_ms" : 1742405092970,
  "time" : "Wed Mar 19 10:24:52 2025",
  "jobs" : [
    {
      "jobname" : "FIOJOB",
      "groupid" : 0,
      "job_start" : 1742405062829,
      "error" : 0,
      "eta" : 0,
      "elapsed" : 31,
      "job options" : {
        "ioengine" : "libaio",
        "rw" : "randread",
        "size" : "10G",
        "bs" : "4k",
        "iodepth" : "2",
        "numjobs" : "1",
        "runtime" : "30",
        "loops" : "1",
        "direct" : "1",
        "log_avg_msec" : "1000",
        "invalidate" : "1",
        "write_bw_log" : "azuredisks/nvme0n14/4k/randread-iodepth-2-numjobs-1",
        "write_lat_log" : "azuredisks/nvme0n14/4k/randread-iodepth-2-numjobs-1",
        "write_iops_log" : "azuredisks/nvme0n14/4k/randread-iodepth-2-numjobs-1",
        "filename" : "/dev/nvme0n14"
      },
      "read" : {
        "io_bytes" : 93442048,
        "io_kbytes" : 91252,
        "bw_bytes" : 3114527,
        "bw" : 3041,
        "iops" : 760.382641,
        "runtime" : 30002,
        "total_ios" : 22813,
        "short_ios" : 0,
        "drop_ios" : 0,
        "slat_ns" : {
          "min" : 1326,
          "max" : 91076,
          "mean" : 3408.819971,
          "stddev" : 2438.405035,
          "N" : 22813
        },
        "clat_ns" : {
          "min" : 1211132,
          "max" : 957709250,
          "mean" : 2625635.701048,
          "stddev" : 9176253.122476,
          "N" : 22813,
          "percentile" : {
            "1.000000" : 1859584,
            "5.000000" : 1974272,
            "10.000000" : 2023424,
            "20.000000" : 2113536,
            "30.000000" : 2179072,
            "40.000000" : 2277376,
            "50.000000" : 2342912,
            "60.000000" : 2441216,
            "70.000000" : 2572288,
            "80.000000" : 2768896,
            "90.000000" : 3129344,
            "95.000000" : 3489792,
            "99.000000" : 5472256,
            "99.500000" : 6914048,
            "99.900000" : 11993088,
            "99.950000" : 18743296,
            "99.990000" : 193986560
          }
        },
        "lat_ns" : {
          "min" : 1212783,
          "max" : 957710941,
          "mean" : 2629044.521019,
          "stddev" : 9176257.234069,
          "N" : 22813
        },
        "bw_min" : 496,
        "bw_max" : 3339,
        "bw_agg" : 100.000000,
        "bw_mean" : 3043.400000,
        "bw_dev" : 510.008763,
        "bw_samples" : 30,
        "iops_min" : 124,
        "iops_max" : 834,
        "iops_mean" : 760.333333,
        "iops_stddev" : 127.394671,
        "iops_samples" : 30
      },
      "write" : {
        "io_bytes" : 0,
        "io_kbytes" : 0,
        "bw_bytes" : 0,
        "bw" : 0,
        "iops" : 0.000000,
        "runtime" : 0,
        "total_ios" : 0,
        "short_ios" : 0,
        "drop_ios" : 0,
        "slat_ns" : {
          "min" : 0,
          "max" : 0,
          "mean" : 0.000000,
          "stddev" : 0.000000,
          "N" : 0
        },
        "clat_ns" : {
          "min" : 0,
          "max" : 0,
          "mean" : 0.000000,
          "stddev" : 0.000000,
          "N" : 0
        },
        "lat_ns" : {
          "min" : 0,
          "max" : 0,
          "mean" : 0.000000,
          "stddev" : 0.000000,
          "N" : 0
        },
        "bw_min" : 0,
        "bw_max" : 0,
        "bw_agg" : 0.000000,
        "bw_mean" : 0.000000,
        "bw_dev" : 0.000000,
        "bw_samples" : 0,
        "iops_min" : 0,
        "iops_max" : 0,
        "iops_mean" : 0.000000,
        "iops_stddev" : 0.000000,
        "iops_samples" : 0
      },
      "trim" : {
        "io_bytes" : 0,
        "io_kbytes" : 0,
        "bw_bytes" : 0,
        "bw" : 0,
        "iops" : 0.000000,
        "runtime" : 0,
        "total_ios" : 0,
        "short_ios" : 0,
        "drop_ios" : 0,
        "slat_ns" : {
          "min" : 0,
          "max" : 0,
          "mean" : 0.000000,
          "stddev" : 0.000000,
          "N" : 0
        },
        "clat_ns" : {
          "min" : 0,
          "max" : 0,
          "mean" : 0.000000,
          "stddev" : 0.000000,
          "N" : 0
        },
        "lat_ns" : {
          "min" : 0,
          "max" : 0,
          "mean" : 0.000000,
          "stddev" : 0.000000,
          "N" : 0
        },
        "bw_min" : 0,
        "bw_max" : 0,
        "bw_agg" : 0.000000,
        "bw_mean" : 0.000000,
        "bw_dev" : 0.000000,
        "bw_samples" : 0,
        "iops_min" : 0,
        "iops_max" : 0,
        "iops_mean" : 0.000000,
        "iops_stddev" : 0.000000,
        "iops_samples" : 0
      },
      "sync" : {
        "total_ios" : 0,
        "lat_ns" : {
          "min" : 0,
          "max" : 0,
          "mean" : 0.000000,
          "stddev" : 0.000000,
          "N" : 0
        }
      },
      "job_runtime" : 30001,
      "usr_cpu" : 0.319989,
      "sys_cpu" : 0.726642,
      "ctx" : 22510,
      "majf" : 0,
      "minf" : 46,
      "iodepth_level" : {
        "1" : 0.100000,
        "2" : 99.995617,
        "4" : 0.000000,
        "8" : 0.000000,
        "16" : 0.000000,
        "32" : 0.000000,
        ">=64" : 0.000000
      },
      "iodepth_submit" : {
        "0" : 0.000000,
        "4" : 100.000000,
        "8" : 0.000000,
        "16" : 0.000000,
        "32" : 0.000000,
        "64" : 0.000000,
        ">=64" : 0.000000
      },
      "iodepth_complete" : {
        "0" : 0.000000,
        "4" : 100.000000,
        "8" : 0.000000,
        "16" : 0.000000,
        "32" : 0.000000,
        "64" : 0.000000,
        ">=64" : 0.000000
      },
      "latency_ns" : {
        "2" : 0.000000,
        "4" : 0.000000,
        "10" : 0.000000,
        "20" : 0.000000,
        "50" : 0.000000,
        "100" : 0.000000,
        "250" : 0.000000,
        "500" : 0.000000,
        "750" : 0.000000,
        "1000" : 0.000000
      },
      "latency_us" : {
        "2" : 0.000000,
        "4" : 0.000000,
        "10" : 0.000000,
        "20" : 0.000000,
        "50" : 0.000000,
        "100" : 0.000000,
        "250" : 0.000000,
        "500" : 0.000000,
        "750" : 0.000000,
        "1000" : 0.000000
      },
      "latency_ms" : {
        "2" : 7.429974,
        "4" : 89.922413,
        "10" : 2.494192,
        "20" : 0.105203,
        "50" : 0.013150,
        "100" : 0.017534,
        "250" : 0.010000,
        "500" : 0.000000,
        "750" : 0.000000,
        "1000" : 0.010000,
        "2000" : 0.000000,
        ">=2000" : 0.000000
      },
      "latency_depth" : 2,
      "latency_target" : 0,
      "latency_percentile" : 100.000000,
      "latency_window" : 0
    }
  ],
  "disk_util" : [
    {
      "name" : "nvme0n14",
      "read_ios" : 22724,
      "write_ios" : 0,
      "read_sectors" : 181792,
      "write_sectors" : 0,
      "read_merges" : 0,
      "write_merges" : 0,
      "read_ticks" : 59493,
      "write_ticks" : 0,
      "in_queue" : 59493,
      "util" : 99.739722
    }
  ]
}
