{
  "fio version" : "fio-3.39-28-gd2a4",
  "timestamp" : 1742406157,
  "timestamp_ms" : 1742406157963,
  "time" : "Wed Mar 19 10:42:37 2025",
  "jobs" : [
    {
      "jobname" : "FIOJOB",
      "groupid" : 0,
      "job_start" : 1742406127821,
      "error" : 0,
      "eta" : 0,
      "elapsed" : 31,
      "job options" : {
        "ioengine" : "libaio",
        "rw" : "randread",
        "size" : "10G",
        "bs" : "4k",
        "iodepth" : "64",
        "numjobs" : "1",
        "runtime" : "30",
        "loops" : "1",
        "direct" : "1",
        "log_avg_msec" : "1000",
        "invalidate" : "1",
        "write_bw_log" : "azuredisks/nvme0n14/4k/randread-iodepth-64-numjobs-1",
        "write_lat_log" : "azuredisks/nvme0n14/4k/randread-iodepth-64-numjobs-1",
        "write_iops_log" : "azuredisks/nvme0n14/4k/randread-iodepth-64-numjobs-1",
        "filename" : "/dev/nvme0n14"
      },
      "read" : {
        "io_bytes" : 3367882752,
        "io_kbytes" : 3288948,
        "bw_bytes" : 112240310,
        "bw" : 109609,
        "iops" : 27402.419516,
        "runtime" : 30006,
        "total_ios" : 822237,
        "short_ios" : 0,
        "drop_ios" : 0,
        "slat_ns" : {
          "min" : 1047,
          "max" : 46518,
          "mean" : 1329.186950,
          "stddev" : 500.706463,
          "N" : 822237
        },
        "clat_ns" : {
          "min" : 952164,
          "max" : 108765500,
          "mean" : 2333803.348847,
          "stddev" : 1624761.550655,
          "N" : 822237,
          "percentile" : {
            "1.000000" : 1187840,
            "5.000000" : 1728512,
            "10.000000" : 1810432,
            "20.000000" : 1892352,
            "30.000000" : 1957888,
            "40.000000" : 2039808,
            "50.000000" : 2113536,
            "60.000000" : 2244608,
            "70.000000" : 2375680,
            "80.000000" : 2572288,
            "90.000000" : 2932736,
            "95.000000" : 3358720,
            "99.000000" : 5275648,
            "99.500000" : 7241728,
            "99.900000" : 16056320,
            "99.950000" : 32374784,
            "99.990000" : 80216064
          }
        },
        "lat_ns" : {
          "min" : 953528,
          "max" : 108766780,
          "mean" : 2335132.535797,
          "stddev" : 1624766.018106,
          "N" : 822237
        },
        "bw_min" : 98538,
        "bw_max" : 116576,
        "bw_agg" : 100.000000,
        "bw_mean" : 109688.366667,
        "bw_dev" : 4037.736029,
        "bw_samples" : 30,
        "iops_min" : 24634,
        "iops_max" : 29144,
        "iops_mean" : 27421.766667,
        "iops_stddev" : 1009.460173,
        "iops_samples" : 30
      },
      "write" : {
        "io_bytes" : 0,
        "io_kbytes" : 0,
        "bw_bytes" : 0,
        "bw" : 0,
        "iops" : 0.000000,
        "runtime" : 0,
        "total_ios" : 0,
        "short_ios" : 0,
        "drop_ios" : 0,
        "slat_ns" : {
          "min" : 0,
          "max" : 0,
          "mean" : 0.000000,
          "stddev" : 0.000000,
          "N" : 0
        },
        "clat_ns" : {
          "min" : 0,
          "max" : 0,
          "mean" : 0.000000,
          "stddev" : 0.000000,
          "N" : 0
        },
        "lat_ns" : {
          "min" : 0,
          "max" : 0,
          "mean" : 0.000000,
          "stddev" : 0.000000,
          "N" : 0
        },
        "bw_min" : 0,
        "bw_max" : 0,
        "bw_agg" : 0.000000,
        "bw_mean" : 0.000000,
        "bw_dev" : 0.000000,
        "bw_samples" : 0,
        "iops_min" : 0,
        "iops_max" : 0,
        "iops_mean" : 0.000000,
        "iops_stddev" : 0.000000,
        "iops_samples" : 0
      },
      "trim" : {
        "io_bytes" : 0,
        "io_kbytes" : 0,
        "bw_bytes" : 0,
        "bw" : 0,
        "iops" : 0.000000,
        "runtime" : 0,
        "total_ios" : 0,
        "short_ios" : 0,
        "drop_ios" : 0,
        "slat_ns" : {
          "min" : 0,
          "max" : 0,
          "mean" : 0.000000,
          "stddev" : 0.000000,
          "N" : 0
        },
        "clat_ns" : {
          "min" : 0,
          "max" : 0,
          "mean" : 0.000000,
          "stddev" : 0.000000,
          "N" : 0
        },
        "lat_ns" : {
          "min" : 0,
          "max" : 0,
          "mean" : 0.000000,
          "stddev" : 0.000000,
          "N" : 0
        },
        "bw_min" : 0,
        "bw_max" : 0,
        "bw_agg" : 0.000000,
        "bw_mean" : 0.000000,
        "bw_dev" : 0.000000,
        "bw_samples" : 0,
        "iops_min" : 0,
        "iops_max" : 0,
        "iops_mean" : 0.000000,
        "iops_stddev" : 0.000000,
        "iops_samples" : 0
      },
      "sync" : {
        "total_ios" : 0,
        "lat_ns" : {
          "min" : 0,
          "max" : 0,
          "mean" : 0.000000,
          "stddev" : 0.000000,
          "N" : 0
        }
      },
      "job_runtime" : 30005,
      "usr_cpu" : 3.282786,
      "sys_cpu" : 9.281786,
      "ctx" : 627062,
      "majf" : 0,
      "minf" : 110,
      "iodepth_level" : {
        "1" : 0.100000,
        "2" : 0.100000,
        "4" : 0.100000,
        "8" : 0.100000,
        "16" : 0.100000,
        "32" : 0.100000,
        ">=64" : 99.992338
      },
      "iodepth_submit" : {
        "0" : 0.000000,
        "4" : 100.000000,
        "8" : 0.000000,
        "16" : 0.000000,
        "32" : 0.000000,
        "64" : 0.000000,
        ">=64" : 0.000000
      },
      "iodepth_complete" : {
        "0" : 0.000000,
        "4" : 99.999878,
        "8" : 0.000000,
        "16" : 0.000000,
        "32" : 0.000000,
        "64" : 0.100000,
        ">=64" : 0.000000
      },
      "latency_ns" : {
        "2" : 0.000000,
        "4" : 0.000000,
        "10" : 0.000000,
        "20" : 0.000000,
        "50" : 0.000000,
        "100" : 0.000000,
        "250" : 0.000000,
        "500" : 0.000000,
        "750" : 0.000000,
        "1000" : 0.000000
      },
      "latency_us" : {
        "2" : 0.000000,
        "4" : 0.000000,
        "10" : 0.000000,
        "20" : 0.000000,
        "50" : 0.000000,
        "100" : 0.000000,
        "250" : 0.000000,
        "500" : 0.000000,
        "750" : 0.000000,
        "1000" : 0.010000
      },
      "latency_ms" : {
        "2" : 35.007911,
        "4" : 62.748453,
        "10" : 2.002950,
        "20" : 0.155065,
        "50" : 0.055215,
        "100" : 0.025662,
        "250" : 0.010000,
        "500" : 0.000000,
        "750" : 0.000000,
        "1000" : 0.000000,
        "2000" : 0.000000,
        ">=2000" : 0.000000
      },
      "latency_depth" : 64,
      "latency_target" : 0,
      "latency_percentile" : 100.000000,
      "latency_window" : 0
    }
  ],
  "disk_util" : [
    {
      "name" : "nvme0n14",
      "read_ios" : 819402,
      "write_ios" : 0,
      "read_sectors" : 6555216,
      "write_sectors" : 0,
      "read_merges" : 0,
      "write_merges" : 0,
      "read_ticks" : 1908701,
      "write_ticks" : 0,
      "in_queue" : 1908701,
      "util" : 99.729757
    }
  ]
}
