{
  "fio version" : "fio-3.39-28-gd2a4",
  "timestamp" : 1742405518,
  "timestamp_ms" : 1742405518875,
  "time" : "Wed Mar 19 10:31:58 2025",
  "jobs" : [
    {
      "jobname" : "FIOJOB",
      "groupid" : 0,
      "job_start" : 1742405488733,
      "error" : 0,
      "eta" : 0,
      "elapsed" : 31,
      "job options" : {
        "ioengine" : "libaio",
        "rw" : "randread",
        "size" : "10G",
        "bs" : "4k",
        "iodepth" : "8",
        "numjobs" : "1",
        "runtime" : "30",
        "loops" : "1",
        "direct" : "1",
        "log_avg_msec" : "1000",
        "invalidate" : "1",
        "write_bw_log" : "azuredisks/nvme0n14/4k/randread-iodepth-8-numjobs-1",
        "write_lat_log" : "azuredisks/nvme0n14/4k/randread-iodepth-8-numjobs-1",
        "write_iops_log" : "azuredisks/nvme0n14/4k/randread-iodepth-8-numjobs-1",
        "filename" : "/dev/nvme0n14"
      },
      "read" : {
        "io_bytes" : 411013120,
        "io_kbytes" : 401380,
        "bw_bytes" : 13699067,
        "bw" : 13377,
        "iops" : 3344.498883,
        "runtime" : 30003,
        "total_ios" : 100345,
        "short_ios" : 0,
        "drop_ios" : 0,
        "slat_ns" : {
          "min" : 1048,
          "max" : 197003,
          "mean" : 2641.384484,
          "stddev" : 2355.401525,
          "N" : 100345
        },
        "clat_ns" : {
          "min" : 1061899,
          "max" : 39804215,
          "mean" : 2388442.146295,
          "stddev" : 757315.844620,
          "N" : 100345,
          "percentile" : {
            "1.000000" : 1712128,
            "5.000000" : 1859584,
            "10.000000" : 1925120,
            "20.000000" : 2007040,
            "30.000000" : 2072576,
            "40.000000" : 2146304,
            "50.000000" : 2211840,
            "60.000000" : 2310144,
            "70.000000" : 2441216,
            "80.000000" : 2637824,
            "90.000000" : 2998272,
            "95.000000" : 3358720,
            "99.000000" : 4816896,
            "99.500000" : 6258688,
            "99.900000" : 10289152,
            "99.950000" : 12779520,
            "99.990000" : 23199744
          }
        },
        "lat_ns" : {
          "min" : 1063362,
          "max" : 39805781,
          "mean" : 2391083.530779,
          "stddev" : 757339.777122,
          "N" : 100345
        },
        "bw_min" : 12824,
        "bw_max" : 13788,
        "bw_agg" : 100.000000,
        "bw_mean" : 13387.300000,
        "bw_dev" : 251.712774,
        "bw_samples" : 30,
        "iops_min" : 3206,
        "iops_max" : 3447,
        "iops_mean" : 3346.666667,
        "iops_stddev" : 62.940220,
        "iops_samples" : 30
      },
      "write" : {
        "io_bytes" : 0,
        "io_kbytes" : 0,
        "bw_bytes" : 0,
        "bw" : 0,
        "iops" : 0.000000,
        "runtime" : 0,
        "total_ios" : 0,
        "short_ios" : 0,
        "drop_ios" : 0,
        "slat_ns" : {
          "min" : 0,
          "max" : 0,
          "mean" : 0.000000,
          "stddev" : 0.000000,
          "N" : 0
        },
        "clat_ns" : {
          "min" : 0,
          "max" : 0,
          "mean" : 0.000000,
          "stddev" : 0.000000,
          "N" : 0
        },
        "lat_ns" : {
          "min" : 0,
          "max" : 0,
          "mean" : 0.000000,
          "stddev" : 0.000000,
          "N" : 0
        },
        "bw_min" : 0,
        "bw_max" : 0,
        "bw_agg" : 0.000000,
        "bw_mean" : 0.000000,
        "bw_dev" : 0.000000,
        "bw_samples" : 0,
        "iops_min" : 0,
        "iops_max" : 0,
        "iops_mean" : 0.000000,
        "iops_stddev" : 0.000000,
        "iops_samples" : 0
      },
      "trim" : {
        "io_bytes" : 0,
        "io_kbytes" : 0,
        "bw_bytes" : 0,
        "bw" : 0,
        "iops" : 0.000000,
        "runtime" : 0,
        "total_ios" : 0,
        "short_ios" : 0,
        "drop_ios" : 0,
        "slat_ns" : {
          "min" : 0,
          "max" : 0,
          "mean" : 0.000000,
          "stddev" : 0.000000,
          "N" : 0
        },
        "clat_ns" : {
          "min" : 0,
          "max" : 0,
          "mean" : 0.000000,
          "stddev" : 0.000000,
          "N" : 0
        },
        "lat_ns" : {
          "min" : 0,
          "max" : 0,
          "mean" : 0.000000,
          "stddev" : 0.000000,
          "N" : 0
        },
        "bw_min" : 0,
        "bw_max" : 0,
        "bw_agg" : 0.000000,
        "bw_mean" : 0.000000,
        "bw_dev" : 0.000000,
        "bw_samples" : 0,
        "iops_min" : 0,
        "iops_max" : 0,
        "iops_mean" : 0.000000,
        "iops_stddev" : 0.000000,
        "iops_samples" : 0
      },
      "sync" : {
        "total_ios" : 0,
        "lat_ns" : {
          "min" : 0,
          "max" : 0,
          "mean" : 0.000000,
          "stddev" : 0.000000,
          "N" : 0
        }
      },
      "job_runtime" : 30002,
      "usr_cpu" : 1.049930,
      "sys_cpu" : 2.559829,
      "ctx" : 93919,
      "majf" : 0,
      "minf" : 52,
      "iodepth_level" : {
        "1" : 0.100000,
        "2" : 0.100000,
        "4" : 0.100000,
        "8" : 99.993024,
        "16" : 0.000000,
        "32" : 0.000000,
        ">=64" : 0.000000
      },
      "iodepth_submit" : {
        "0" : 0.000000,
        "4" : 100.000000,
        "8" : 0.000000,
        "16" : 0.000000,
        "32" : 0.000000,
        "64" : 0.000000,
        ">=64" : 0.000000
      },
      "iodepth_complete" : {
        "0" : 0.000000,
        "4" : 99.999003,
        "8" : 0.100000,
        "16" : 0.000000,
        "32" : 0.000000,
        "64" : 0.000000,
        ">=64" : 0.000000
      },
      "latency_ns" : {
        "2" : 0.000000,
        "4" : 0.000000,
        "10" : 0.000000,
        "20" : 0.000000,
        "50" : 0.000000,
        "100" : 0.000000,
        "250" : 0.000000,
        "500" : 0.000000,
        "750" : 0.000000,
        "1000" : 0.000000
      },
      "latency_us" : {
        "2" : 0.000000,
        "4" : 0.000000,
        "10" : 0.000000,
        "20" : 0.000000,
        "50" : 0.000000,
        "100" : 0.000000,
        "250" : 0.000000,
        "500" : 0.000000,
        "750" : 0.000000,
        "1000" : 0.000000
      },
      "latency_ms" : {
        "2" : 19.551547,
        "4" : 78.470278,
        "10" : 1.865564,
        "20" : 0.095670,
        "50" : 0.016942,
        "100" : 0.000000,
        "250" : 0.000000,
        "500" : 0.000000,
        "750" : 0.000000,
        "1000" : 0.000000,
        "2000" : 0.000000,
        ">=2000" : 0.000000
      },
      "latency_depth" : 8,
      "latency_target" : 0,
      "latency_percentile" : 100.000000,
      "latency_window" : 0
    }
  ],
  "disk_util" : [
    {
      "name" : "nvme0n14",
      "read_ios" : 99985,
      "write_ios" : 0,
      "read_sectors" : 799880,
      "write_sectors" : 0,
      "read_merges" : 0,
      "write_merges" : 0,
      "read_ticks" : 238057,
      "write_ticks" : 0,
      "in_queue" : 238056,
      "util" : 99.746388
    }
  ]
}
