{
  "fio version" : "fio-3.39-28-gd2a4",
  "timestamp" : 1742404880,
  "timestamp_ms" : 1742404880025,
  "time" : "Wed Mar 19 10:21:20 2025",
  "jobs" : [
    {
      "jobname" : "FIOJOB",
      "groupid" : 0,
      "job_start" : 1742404849884,
      "error" : 0,
      "eta" : 0,
      "elapsed" : 31,
      "job options" : {
        "ioengine" : "libaio",
        "rw" : "randread",
        "size" : "10G",
        "bs" : "4k",
        "iodepth" : "1",
        "numjobs" : "1",
        "runtime" : "30",
        "loops" : "1",
        "direct" : "1",
        "log_avg_msec" : "1000",
        "invalidate" : "1",
        "write_bw_log" : "azuredisks/nvme0n14/4k/randread-iodepth-1-numjobs-1",
        "write_lat_log" : "azuredisks/nvme0n14/4k/randread-iodepth-1-numjobs-1",
        "write_iops_log" : "azuredisks/nvme0n14/4k/randread-iodepth-1-numjobs-1",
        "filename" : "/dev/nvme0n14"
      },
      "read" : {
        "io_bytes" : 30208000,
        "io_kbytes" : 29500,
        "bw_bytes" : 1006866,
        "bw" : 983,
        "iops" : 245.816946,
        "runtime" : 30002,
        "total_ios" : 7375,
        "short_ios" : 0,
        "drop_ios" : 0,
        "slat_ns" : {
          "min" : 1516,
          "max" : 58447,
          "mean" : 3580.243932,
          "stddev" : 2858.166104,
          "N" : 7375
        },
        "clat_ns" : {
          "min" : 1641647,
          "max" : 92048481,
          "mean" : 4063263.440542,
          "stddev" : 1525460.657689,
          "N" : 7375,
          "percentile" : {
            "1.000000" : 2244608,
            "5.000000" : 2408448,
            "10.000000" : 2605056,
            "20.000000" : 3391488,
            "30.000000" : 3653632,
            "40.000000" : 3817472,
            "50.000000" : 3948544,
            "60.000000" : 4145152,
            "70.000000" : 4423680,
            "80.000000" : 4685824,
            "90.000000" : 5275648,
            "95.000000" : 5734400,
            "99.000000" : 7569408,
            "99.500000" : 8978432,
            "99.900000" : 11730944,
            "99.950000" : 19529728,
            "99.990000" : 91750400
          }
        },
        "lat_ns" : {
          "min" : 1647340,
          "max" : 92050084,
          "mean" : 4066843.684475,
          "stddev" : 1525417.532438,
          "N" : 7375
        },
        "bw_min" : 788,
        "bw_max" : 1089,
        "bw_agg" : 99.972787,
        "bw_mean" : 983.433333,
        "bw_dev" : 56.592118,
        "bw_samples" : 30,
        "iops_min" : 197,
        "iops_max" : 272,
        "iops_mean" : 245.800000,
        "iops_stddev" : 14.086922,
        "iops_samples" : 30
      },
      "write" : {
        "io_bytes" : 0,
        "io_kbytes" : 0,
        "bw_bytes" : 0,
        "bw" : 0,
        "iops" : 0.000000,
        "runtime" : 0,
        "total_ios" : 0,
        "short_ios" : 0,
        "drop_ios" : 0,
        "slat_ns" : {
          "min" : 0,
          "max" : 0,
          "mean" : 0.000000,
          "stddev" : 0.000000,
          "N" : 0
        },
        "clat_ns" : {
          "min" : 0,
          "max" : 0,
          "mean" : 0.000000,
          "stddev" : 0.000000,
          "N" : 0
        },
        "lat_ns" : {
          "min" : 0,
          "max" : 0,
          "mean" : 0.000000,
          "stddev" : 0.000000,
          "N" : 0
        },
        "bw_min" : 0,
        "bw_max" : 0,
        "bw_agg" : 0.000000,
        "bw_mean" : 0.000000,
        "bw_dev" : 0.000000,
        "bw_samples" : 0,
        "iops_min" : 0,
        "iops_max" : 0,
        "iops_mean" : 0.000000,
        "iops_stddev" : 0.000000,
        "iops_samples" : 0
      },
      "trim" : {
        "io_bytes" : 0,
        "io_kbytes" : 0,
        "bw_bytes" : 0,
        "bw" : 0,
        "iops" : 0.000000,
        "runtime" : 0,
        "total_ios" : 0,
        "short_ios" : 0,
        "drop_ios" : 0,
        "slat_ns" : {
          "min" : 0,
          "max" : 0,
          "mean" : 0.000000,
          "stddev" : 0.000000,
          "N" : 0
        },
        "clat_ns" : {
          "min" : 0,
          "max" : 0,
          "mean" : 0.000000,
          "stddev" : 0.000000,
          "N" : 0
        },
        "lat_ns" : {
          "min" : 0,
          "max" : 0,
          "mean" : 0.000000,
          "stddev" : 0.000000,
          "N" : 0
        },
        "bw_min" : 0,
        "bw_max" : 0,
        "bw_agg" : 0.000000,
        "bw_mean" : 0.000000,
        "bw_dev" : 0.000000,
        "bw_samples" : 0,
        "iops_min" : 0,
        "iops_max" : 0,
        "iops_mean" : 0.000000,
        "iops_stddev" : 0.000000,
        "iops_samples" : 0
      },
      "sync" : {
        "total_ios" : 0,
        "lat_ns" : {
          "min" : 0,
          "max" : 0,
          "mean" : 0.000000,
          "stddev" : 0.000000,
          "N" : 0
        }
      },
      "job_runtime" : 30001,
      "usr_cpu" : 0.113330,
      "sys_cpu" : 0.239992,
      "ctx" : 7375,
      "majf" : 0,
      "minf" : 45,
      "iodepth_level" : {
        "1" : 100.000000,
        "2" : 0.000000,
        "4" : 0.000000,
        "8" : 0.000000,
        "16" : 0.000000,
        "32" : 0.000000,
        ">=64" : 0.000000
      },
      "iodepth_submit" : {
        "0" : 0.000000,
        "4" : 100.000000,
        "8" : 0.000000,
        "16" : 0.000000,
        "32" : 0.000000,
        "64" : 0.000000,
        ">=64" : 0.000000
      },
      "iodepth_complete" : {
        "0" : 0.000000,
        "4" : 100.000000,
        "8" : 0.000000,
        "16" : 0.000000,
        "32" : 0.000000,
        "64" : 0.000000,
        ">=64" : 0.000000
      },
      "latency_ns" : {
        "2" : 0.000000,
        "4" : 0.000000,
        "10" : 0.000000,
        "20" : 0.000000,
        "50" : 0.000000,
        "100" : 0.000000,
        "250" : 0.000000,
        "500" : 0.000000,
        "750" : 0.000000,
        "1000" : 0.000000
      },
      "latency_us" : {
        "2" : 0.000000,
        "4" : 0.000000,
        "10" : 0.000000,
        "20" : 0.000000,
        "50" : 0.000000,
        "100" : 0.000000,
        "250" : 0.000000,
        "500" : 0.000000,
        "750" : 0.000000,
        "1000" : 0.000000
      },
      "latency_ms" : {
        "2" : 0.081356,
        "4" : 52.366102,
        "10" : 47.240678,
        "20" : 0.284746,
        "50" : 0.013559,
        "100" : 0.013559,
        "250" : 0.000000,
        "500" : 0.000000,
        "750" : 0.000000,
        "1000" : 0.000000,
        "2000" : 0.000000,
        ">=2000" : 0.000000
      },
      "latency_depth" : 1,
      "latency_target" : 0,
      "latency_percentile" : 100.000000,
      "latency_window" : 0
    }
  ],
  "disk_util" : [
    {
      "name" : "nvme0n14",
      "read_ios" : 7343,
      "write_ios" : 0,
      "read_sectors" : 58744,
      "write_sectors" : 0,
      "read_merges" : 0,
      "write_merges" : 0,
      "read_ticks" : 29793,
      "write_ticks" : 0,
      "in_queue" : 29793,
      "util" : 99.439383
    }
  ]
}
