{
  "fio version" : "fio-3.39-28-gd2a4",
  "timestamp" : 1742405123,
  "timestamp_ms" : 1742405123379,
  "time" : "Wed Mar 19 10:25:23 2025",
  "jobs" : [
    {
      "jobname" : "FIOJOB",
      "groupid" : 0,
      "job_start" : 1742405093238,
      "error" : 0,
      "eta" : 0,
      "elapsed" : 31,
      "job options" : {
        "ioengine" : "libaio",
        "rw" : "randread",
        "size" : "10G",
        "bs" : "4k",
        "iodepth" : "2",
        "numjobs" : "2",
        "runtime" : "30",
        "loops" : "1",
        "direct" : "1",
        "log_avg_msec" : "1000",
        "invalidate" : "1",
        "write_bw_log" : "azuredisks/nvme0n14/4k/randread-iodepth-2-numjobs-2",
        "write_lat_log" : "azuredisks/nvme0n14/4k/randread-iodepth-2-numjobs-2",
        "write_iops_log" : "azuredisks/nvme0n14/4k/randread-iodepth-2-numjobs-2",
        "filename" : "/dev/nvme0n14"
      },
      "read" : {
        "io_bytes" : 100179968,
        "io_kbytes" : 97832,
        "bw_bytes" : 3339109,
        "bw" : 3260,
        "iops" : 815.212319,
        "runtime" : 30002,
        "total_ios" : 24458,
        "short_ios" : 0,
        "drop_ios" : 0,
        "slat_ns" : {
          "min" : 1346,
          "max" : 68391,
          "mean" : 3534.636479,
          "stddev" : 2436.880298,
          "N" : 24458
        },
        "clat_ns" : {
          "min" : 1204023,
          "max" : 184252946,
          "mean" : 2448608.621760,
          "stddev" : 2843813.705906,
          "N" : 24458,
          "percentile" : {
            "1.000000" : 1794048,
            "5.000000" : 1892352,
            "10.000000" : 1941504,
            "20.000000" : 2023424,
            "30.000000" : 2072576,
            "40.000000" : 2146304,
            "50.000000" : 2211840,
            "60.000000" : 2310144,
            "70.000000" : 2441216,
            "80.000000" : 2637824,
            "90.000000" : 2998272,
            "95.000000" : 3358720,
            "99.000000" : 5144576,
            "99.500000" : 6389760,
            "99.900000" : 11862016,
            "99.950000" : 19005440,
            "99.990000" : 177209344
          }
        },
        "lat_ns" : {
          "min" : 1205625,
          "max" : 184255719,
          "mean" : 2452143.258239,
          "stddev" : 2843821.610636,
          "N" : 24458
        },
        "bw_min" : 2712,
        "bw_max" : 3463,
        "bw_agg" : 50.833421,
        "bw_mean" : 3262.766667,
        "bw_dev" : 193.123988,
        "bw_samples" : 30,
        "iops_min" : 678,
        "iops_max" : 865,
        "iops_mean" : 815.200000,
        "iops_stddev" : 48.190284,
        "iops_samples" : 30
      },
      "write" : {
        "io_bytes" : 0,
        "io_kbytes" : 0,
        "bw_bytes" : 0,
        "bw" : 0,
        "iops" : 0.000000,
        "runtime" : 0,
        "total_ios" : 0,
        "short_ios" : 0,
        "drop_ios" : 0,
        "slat_ns" : {
          "min" : 0,
          "max" : 0,
          "mean" : 0.000000,
          "stddev" : 0.000000,
          "N" : 0
        },
        "clat_ns" : {
          "min" : 0,
          "max" : 0,
          "mean" : 0.000000,
          "stddev" : 0.000000,
          "N" : 0
        },
        "lat_ns" : {
          "min" : 0,
          "max" : 0,
          "mean" : 0.000000,
          "stddev" : 0.000000,
          "N" : 0
        },
        "bw_min" : 0,
        "bw_max" : 0,
        "bw_agg" : 0.000000,
        "bw_mean" : 0.000000,
        "bw_dev" : 0.000000,
        "bw_samples" : 0,
        "iops_min" : 0,
        "iops_max" : 0,
        "iops_mean" : 0.000000,
        "iops_stddev" : 0.000000,
        "iops_samples" : 0
      },
      "trim" : {
        "io_bytes" : 0,
        "io_kbytes" : 0,
        "bw_bytes" : 0,
        "bw" : 0,
        "iops" : 0.000000,
        "runtime" : 0,
        "total_ios" : 0,
        "short_ios" : 0,
        "drop_ios" : 0,
        "slat_ns" : {
          "min" : 0,
          "max" : 0,
          "mean" : 0.000000,
          "stddev" : 0.000000,
          "N" : 0
        },
        "clat_ns" : {
          "min" : 0,
          "max" : 0,
          "mean" : 0.000000,
          "stddev" : 0.000000,
          "N" : 0
        },
        "lat_ns" : {
          "min" : 0,
          "max" : 0,
          "mean" : 0.000000,
          "stddev" : 0.000000,
          "N" : 0
        },
        "bw_min" : 0,
        "bw_max" : 0,
        "bw_agg" : 0.000000,
        "bw_mean" : 0.000000,
        "bw_dev" : 0.000000,
        "bw_samples" : 0,
        "iops_min" : 0,
        "iops_max" : 0,
        "iops_mean" : 0.000000,
        "iops_stddev" : 0.000000,
        "iops_samples" : 0
      },
      "sync" : {
        "total_ios" : 0,
        "lat_ns" : {
          "min" : 0,
          "max" : 0,
          "mean" : 0.000000,
          "stddev" : 0.000000,
          "N" : 0
        }
      },
      "job_runtime" : 30001,
      "usr_cpu" : 0.373321,
      "sys_cpu" : 0.773308,
      "ctx" : 24162,
      "majf" : 0,
      "minf" : 46,
      "iodepth_level" : {
        "1" : 0.100000,
        "2" : 99.995911,
        "4" : 0.000000,
        "8" : 0.000000,
        "16" : 0.000000,
        "32" : 0.000000,
        ">=64" : 0.000000
      },
      "iodepth_submit" : {
        "0" : 0.000000,
        "4" : 100.000000,
        "8" : 0.000000,
        "16" : 0.000000,
        "32" : 0.000000,
        "64" : 0.000000,
        ">=64" : 0.000000
      },
      "iodepth_complete" : {
        "0" : 0.000000,
        "4" : 100.000000,
        "8" : 0.000000,
        "16" : 0.000000,
        "32" : 0.000000,
        "64" : 0.000000,
        ">=64" : 0.000000
      },
      "latency_ns" : {
        "2" : 0.000000,
        "4" : 0.000000,
        "10" : 0.000000,
        "20" : 0.000000,
        "50" : 0.000000,
        "100" : 0.000000,
        "250" : 0.000000,
        "500" : 0.000000,
        "750" : 0.000000,
        "1000" : 0.000000
      },
      "latency_us" : {
        "2" : 0.000000,
        "4" : 0.000000,
        "10" : 0.000000,
        "20" : 0.000000,
        "50" : 0.000000,
        "100" : 0.000000,
        "250" : 0.000000,
        "500" : 0.000000,
        "750" : 0.000000,
        "1000" : 0.000000
      },
      "latency_ms" : {
        "2" : 17.568894,
        "4" : 80.300924,
        "10" : 1.974814,
        "20" : 0.106305,
        "50" : 0.020443,
        "100" : 0.010000,
        "250" : 0.024532,
        "500" : 0.000000,
        "750" : 0.000000,
        "1000" : 0.000000,
        "2000" : 0.000000,
        ">=2000" : 0.000000
      },
      "latency_depth" : 2,
      "latency_target" : 0,
      "latency_percentile" : 100.000000,
      "latency_window" : 0
    },
    {
      "jobname" : "FIOJOB",
      "groupid" : 0,
      "job_start" : 1742405093238,
      "error" : 0,
      "eta" : 0,
      "elapsed" : 31,
      "job options" : {
        "ioengine" : "libaio",
        "rw" : "randread",
        "size" : "10G",
        "bs" : "4k",
        "iodepth" : "2",
        "numjobs" : "2",
        "runtime" : "30",
        "loops" : "1",
        "direct" : "1",
        "log_avg_msec" : "1000",
        "invalidate" : "1",
        "write_bw_log" : "azuredisks/nvme0n14/4k/randread-iodepth-2-numjobs-2",
        "write_lat_log" : "azuredisks/nvme0n14/4k/randread-iodepth-2-numjobs-2",
        "write_iops_log" : "azuredisks/nvme0n14/4k/randread-iodepth-2-numjobs-2",
        "filename" : "/dev/nvme0n14"
      },
      "read" : {
        "io_bytes" : 96964608,
        "io_kbytes" : 94692,
        "bw_bytes" : 3231938,
        "bw" : 3156,
        "iops" : 789.047397,
        "runtime" : 30002,
        "total_ios" : 23673,
        "short_ios" : 0,
        "drop_ios" : 0,
        "slat_ns" : {
          "min" : 1322,
          "max" : 66365,
          "mean" : 3533.681198,
          "stddev" : 2544.000980,
          "N" : 23673
        },
        "clat_ns" : {
          "min" : 1061046,
          "max" : 192096349,
          "mean" : 2529983.948507,