{
  "fio version" : "fio-3.39-28-gd2a4",
  "timestamp" : 1742405975,
  "timestamp_ms" : 1742405975193,
  "time" : "Wed Mar 19 10:39:35 2025",
  "jobs" : [
    {
      "jobname" : "FIOJOB",
      "groupid" : 0,
      "job_start" : 1742405945053,
      "error" : 0,
      "eta" : 0,
      "elapsed" : 31,
      "job options" : {
        "ioengine" : "libaio",
        "rw" : "randread",
        "size" : "10G",
        "bs" : "4k",
        "iodepth" : "32",
        "numjobs" : "2",
        "runtime" : "30",
        "loops" : "1",
        "direct" : "1",
        "log_avg_msec" : "1000",
        "invalidate" : "1",
        "write_bw_log" : "azuredisks/nvme0n14/4k/randread-iodepth-32-numjobs-2",
        "write_lat_log" : "azuredisks/nvme0n14/4k/randread-iodepth-32-numjobs-2",
        "write_iops_log" : "azuredisks/nvme0n14/4k/randread-iodepth-32-numjobs-2",
        "filename" : "/dev/nvme0n14"
      },
      "read" : {
        "io_bytes" : 1683386368,
        "io_kbytes" : 1643932,
        "bw_bytes" : 56107268,
        "bw" : 54792,
        "iops" : 13698.063527,
        "runtime" : 30003,
        "total_ios" : 410983,
        "short_ios" : 0,
        "drop_ios" : 0,
        "slat_ns" : {
          "min" : 1039,
          "max" : 48278,
          "mean" : 1305.964417,
          "stddev" : 479.865971,
          "N" : 410983
        },
        "clat_ns" : {
          "min" : 992073,
          "max" : 113339231,
          "mean" : 2334345.105464,
          "stddev" : 1741086.506081,
          "N" : 410983,
          "percentile" : {
            "1.000000" : 1187840,
            "5.000000" : 1728512,
            "10.000000" : 1810432,
            "20.000000" : 1875968,
            "30.000000" : 1941504,
            "40.000000" : 2023424,
            "50.000000" : 2113536,
            "60.000000" : 2211840,
            "70.000000" : 2342912,
            "80.000000" : 2572288,
            "90.000000" : 2932736,
            "95.000000" : 3358720,
            "99.000000" : 5734400,
            "99.500000" : 7962624,
            "99.900000" : 17170432,
            "99.950000" : 32112640,
            "99.990000" : 88604672
          }
        },
        "lat_ns" : {
          "min" : 993317,
          "max" : 113340463,
          "mean" : 2335651.069881,
          "stddev" : 1741093.642980,
          "N" : 410983
        },
        "bw_min" : 48992,
        "bw_max" : 57201,
        "bw_agg" : 50.473726,
        "bw_mean" : 54826.166667,
        "bw_dev" : 1942.281880,
        "bw_samples" : 30,
        "iops_min" : 12248,
        "iops_max" : 14300,
        "iops_mean" : 13706.233333,
        "iops_stddev" : 485.511865,
        "iops_samples" : 30
      },
      "write" : {
        "io_bytes" : 0,
        "io_kbytes" : 0,
        "bw_bytes" : 0,
        "bw" : 0,
        "iops" : 0.000000,
        "runtime" : 0,
        "total_ios" : 0,
        "short_ios" : 0,
        "drop_ios" : 0,
        "slat_ns" : {
          "min" : 0,
          "max" : 0,
          "mean" : 0.000000,
          "stddev" : 0.000000,
          "N" : 0
        },
        "clat_ns" : {
          "min" : 0,
          "max" : 0,
          "mean" : 0.000000,
          "stddev" : 0.000000,
          "N" : 0
        },
        "lat_ns" : {
          "min" : 0,
          "max" : 0,
          "mean" : 0.000000,
          "stddev" : 0.000000,
          "N" : 0
        },
        "bw_min" : 0,
        "bw_max" : 0,
        "bw_agg" : 0.000000,
        "bw_mean" : 0.000000,
        "bw_dev" : 0.000000,
        "bw_samples" : 0,
        "iops_min" : 0,
        "iops_max" : 0,
        "iops_mean" : 0.000000,
        "iops_stddev" : 0.000000,
        "iops_samples" : 0
      },
      "trim" : {
        "io_bytes" : 0,
        "io_kbytes" : 0,
        "bw_bytes" : 0,
        "bw" : 0,
        "iops" : 0.000000,
        "runtime" : 0,
        "total_ios" : 0,
        "short_ios" : 0,
        "drop_ios" : 0,
        "slat_ns" : {
          "min" : 0,
          "max" : 0,
          "mean" : 0.000000,
          "stddev" : 0.000000,
          "N" : 0
        },
        "clat_ns" : {
          "min" : 0,
          "max" : 0,
          "mean" : 0.000000,
          "stddev" : 0.000000,
          "N" : 0
        },
        "lat_ns" : {
          "min" : 0,
          "max" : 0,
          "mean" : 0.000000,
          "stddev" : 0.000000,
          "N" : 0
        },
        "bw_min" : 0,
        "bw_max" : 0,
        "bw_agg" : 0.000000,
        "bw_mean" : 0.000000,
        "bw_dev" : 0.000000,
        "bw_samples" : 0,
        "iops_min" : 0,
        "iops_max" : 0,
        "iops_mean" : 0.000000,
        "iops_stddev" : 0.000000,
        "iops_samples" : 0
      },
      "sync" : {
        "total_ios" : 0,
        "lat_ns" : {
          "min" : 0,
          "max" : 0,
          "mean" : 0.000000,
          "stddev" : 0.000000,
          "N" : 0
        }
      },
      "job_runtime" : 30002,
      "usr_cpu" : 1.559896,
      "sys_cpu" : 5.369642,
      "ctx" : 356961,
      "majf" : 0,
      "minf" : 76,
      "iodepth_level" : {
        "1" : 0.100000,
        "2" : 0.100000,
        "4" : 0.100000,
        "8" : 0.100000,
        "16" : 0.100000,
        "32" : 99.992457,
        ">=64" : 0.000000
      },
      "iodepth_submit" : {
        "0" : 0.000000,
        "4" : 100.000000,
        "8" : 0.000000,
        "16" : 0.000000,
        "32" : 0.000000,
        "64" : 0.000000,
        ">=64" : 0.000000
      },
      "iodepth_complete" : {
        "0" : 0.000000,
        "4" : 99.999757,
        "8" : 0.000000,
        "16" : 0.000000,
        "32" : 0.100000,
        "64" : 0.000000,
        ">=64" : 0.000000
      },
      "latency_ns" : {
        "2" : 0.000000,
        "4" : 0.000000,
        "10" : 0.000000,
        "20" : 0.000000,
        "50" : 0.000000,
        "100" : 0.000000,
        "250" : 0.000000,
        "500" : 0.000000,
        "750" : 0.000000,
        "1000" : 0.000000
      },
      "latency_us" : {
        "2" : 0.000000,
        "4" : 0.000000,
        "10" : 0.000000,
        "20" : 0.000000,
        "50" : 0.000000,
        "100" : 0.000000,
        "250" : 0.000000,
        "500" : 0.000000,
        "750" : 0.000000,
        "1000" : 0.010000
      },
      "latency_ms" : {
        "2" : 37.439018,
        "4" : 60.105649,
        "10" : 2.161890,
        "20" : 0.205605,
        "50" : 0.058883,
        "100" : 0.023602,
        "250" : 0.010000,
        "500" : 0.000000,
        "750" : 0.000000,
        "1000" : 0.000000,
        "2000" : 0.000000,
        ">=2000" : 0.000000
      },
      "latency_depth" : 32,
      "latency_target" : 0,
      "latency_percentile" : 100.000000,
      "latency_window" : 0
    },
    {
      "jobname" : "FIOJOB",
      "groupid" : 0,
      "job_start" : 1742405945053,
      "error" : 0,
      "eta" : 0,
      "elapsed" : 31,
      "job options" : {
        "ioengine" : "libaio",
        "rw" : "randread",
        "size" : "10G",
        "bs" : "4k",
        "iodepth" : "32",
        "numjobs" : "2",
        "runtime" : "30",
        "loops" : "1",
        "direct" : "1",
        "log_avg_msec" : "1000",
        "invalidate" : "1",
        "write_bw_log" : "azuredisks/nvme0n14/4k/randread-iodepth-32-numjobs-2",
        "write_lat_log" : "azuredisks/nvme0n14/4k/randread-iodepth-32-numjobs-2",
        "write_iops_log" : "azuredisks/nvme0n14/4k/randread-iodepth-32-numjobs-2",
        "filename" : "/dev/nvme0n14"
      },
      "read" : {
        "io_bytes" : 1653952512,
        "io_kbytes" : 1615188,
        "bw_bytes" : 55124400,
        "bw" : 53832,
        "iops" : 13458.105586,
        "runtime" : 30004,
        "total_ios" : 403797,
        "short_ios" : 0,
        "drop_ios" : 0,
        "slat_ns" : {
          "min" : 1046,
          "max" : 49418,
          "mean" : 1289.035008,
          "stddev" : 447.536605,
          "N" : 403797
        },
        "clat_ns" : {
          "min" : 995060,
          "max" : 114455303,