{
  "fio version" : "fio-3.39-28-gd2a4",
  "timestamp" : 1742405731,
  "timestamp_ms" : 1742405731836,
  "time" : "Wed Mar 19 10:35:31 2025",
  "jobs" : [
    {
      "jobname" : "FIOJOB",
      "groupid" : 0,
      "job_start" : 1742405701695,
      "error" : 0,
      "eta" : 0,
      "elapsed" : 31,
      "job options" : {
        "ioengine" : "libaio",
        "rw" : "randread",
        "size" : "10G",
        "bs" : "4k",
        "iodepth" : "16",
        "numjobs" : "1",
        "runtime" : "30",
        "loops" : "1",
        "direct" : "1",
        "log_avg_msec" : "1000",
        "invalidate" : "1",
        "write_bw_log" : "azuredisks/nvme0n14/4k/randread-iodepth-16-numjobs-1",
        "write_lat_log" : "azuredisks/nvme0n14/4k/randread-iodepth-16-numjobs-1",
        "write_iops_log" : "azuredisks/nvme0n14/4k/randread-iodepth-16-numjobs-1",
        "filename" : "/dev/nvme0n14"
      },
      "read" : {
        "io_bytes" : 833519616,
        "io_kbytes" : 813984,
        "bw_bytes" : 27779357,
        "bw" : 27128,
        "iops" : 6782.069655,
        "runtime" : 30005,
        "total_ios" : 203496,
        "short_ios" : 0,
        "drop_ios" : 0,
        "slat_ns" : {
          "min" : 1049,
          "max" : 53704,
          "mean" : 2118.368951,
          "stddev" : 2000.570814,
          "N" : 203496
        },
        "clat_ns" : {
          "min" : 1042831,
          "max" : 94617745,
          "mean" : 2356367.621270,
          "stddev" : 1067545.772955,
          "N" : 203496,
          "percentile" : {
            "1.000000" : 1351680,
            "5.000000" : 1826816,
            "10.000000" : 1892352,
            "20.000000" : 1974272,
            "30.000000" : 2039808,
            "40.000000" : 2113536,
            "50.000000" : 2179072,
            "60.000000" : 2277376,
            "70.000000" : 2408448,
            "80.000000" : 2605056,
            "90.000000" : 2965504,
            "95.000000" : 3293184,
            "99.000000" : 4685824,
            "99.500000" : 5931008,
            "99.900000" : 9895936,
            "99.950000" : 14483456,
            "99.990000" : 48496640
          }
        },
        "lat_ns" : {
          "min" : 1044058,
          "max" : 94619109,
          "mean" : 2358485.990221,
          "stddev" : 1067558.445271,
          "N" : 203496
        },
        "bw_min" : 24332,
        "bw_max" : 28196,
        "bw_agg" : 100.000000,
        "bw_mean" : 27147.533333,
        "bw_dev" : 804.575653,
        "bw_samples" : 30,
        "iops_min" : 6083,
        "iops_max" : 7049,
        "iops_mean" : 6786.533333,
        "iops_stddev" : 201.063677,
        "iops_samples" : 30
      },
      "write" : {
        "io_bytes" : 0,
        "io_kbytes" : 0,
        "bw_bytes" : 0,
        "bw" : 0,
        "iops" : 0.000000,
        "runtime" : 0,
        "total_ios" : 0,
        "short_ios" : 0,
        "drop_ios" : 0,
        "slat_ns" : {
          "min" : 0,
          "max" : 0,
          "mean" : 0.000000,
          "stddev" : 0.000000,
          "N" : 0
        },
        "clat_ns" : {
          "min" : 0,
          "max" : 0,
          "mean" : 0.000000,
          "stddev" : 0.000000,
          "N" : 0
        },
        "lat_ns" : {
          "min" : 0,
          "max" : 0,
          "mean" : 0.000000,
          "stddev" : 0.000000,
          "N" : 0
        },
        "bw_min" : 0,
        "bw_max" : 0,
        "bw_agg" : 0.000000,
        "bw_mean" : 0.000000,
        "bw_dev" : 0.000000,
        "bw_samples" : 0,
        "iops_min" : 0,
        "iops_max" : 0,
        "iops_mean" : 0.000000,
        "iops_stddev" : 0.000000,
        "iops_samples" : 0
      },
      "trim" : {
        "io_bytes" : 0,
        "io_kbytes" : 0,
        "bw_bytes" : 0,
        "bw" : 0,
        "iops" : 0.000000,
        "runtime" : 0,
        "total_ios" : 0,
        "short_ios" : 0,
        "drop_ios" : 0,
        "slat_ns" : {
          "min" : 0,
          "max" : 0,
          "mean" : 0.000000,
          "stddev" : 0.000000,
          "N" : 0
        },
        "clat_ns" : {
          "min" : 0,
          "max" : 0,
          "mean" : 0.000000,
          "stddev" : 0.000000,
          "N" : 0
        },
        "lat_ns" : {
          "min" : 0,
          "max" : 0,
          "mean" : 0.000000,
          "stddev" : 0.000000,
          "N" : 0
        },
        "bw_min" : 0,
        "bw_max" : 0,
        "bw_agg" : 0.000000,
        "bw_mean" : 0.000000,
        "bw_dev" : 0.000000,
        "bw_samples" : 0,
        "iops_min" : 0,
        "iops_max" : 0,
        "iops_mean" : 0.000000,
        "iops_stddev" : 0.000000,
        "iops_samples" : 0
      },
      "sync" : {
        "total_ios" : 0,
        "lat_ns" : {
          "min" : 0,
          "max" : 0,
          "mean" : 0.000000,
          "stddev" : 0.000000,
          "N" : 0
        }
      },
      "job_runtime" : 30004,
      "usr_cpu" : 1.479803,
      "sys_cpu" : 3.812825,
      "ctx" : 183627,
      "majf" : 0,
      "minf" : 59,
      "iodepth_level" : {
        "1" : 0.100000,
        "2" : 0.100000,
        "4" : 0.100000,
        "8" : 0.100000,
        "16" : 99.992629,
        "32" : 0.000000,
        ">=64" : 0.000000
      },
      "iodepth_submit" : {
        "0" : 0.000000,
        "4" : 100.000000,
        "8" : 0.000000,
        "16" : 0.000000,
        "32" : 0.000000,
        "64" : 0.000000,
        ">=64" : 0.000000
      },
      "iodepth_complete" : {
        "0" : 0.000000,
        "4" : 99.999509,
        "8" : 0.000000,
        "16" : 0.100000,
        "32" : 0.000000,
        "64" : 0.000000,
        ">=64" : 0.000000
      },
      "latency_ns" : {
        "2" : 0.000000,
        "4" : 0.000000,
        "10" : 0.000000,
        "20" : 0.000000,
        "50" : 0.000000,
        "100" : 0.000000,
        "250" : 0.000000,
        "500" : 0.000000,
        "750" : 0.000000,
        "1000" : 0.000000
      },
      "latency_us" : {
        "2" : 0.000000,
        "4" : 0.000000,
        "10" : 0.000000,
        "20" : 0.000000,
        "50" : 0.000000,
        "100" : 0.000000,
        "250" : 0.000000,
        "500" : 0.000000,
        "750" : 0.000000,
        "1000" : 0.000000
      },
      "latency_ms" : {
        "2" : 24.764123,
        "4" : 73.392597,
        "10" : 1.745489,
        "20" : 0.065358,
        "50" : 0.023588,
        "100" : 0.010000,
        "250" : 0.000000,
        "500" : 0.000000,
        "750" : 0.000000,
        "1000" : 0.000000,
        "2000" : 0.000000,
        ">=2000" : 0.000000
      },
      "latency_depth" : 16,
      "latency_target" : 0,
      "latency_percentile" : 100.000000,
      "latency_window" : 0
    }
  ],
  "disk_util" : [
    {
      "name" : "nvme0n14",
      "read_ios" : 202750,
      "write_ios" : 0,
      "read_sectors" : 1622000,
      "write_sectors" : 0,
      "read_merges" : 0,
      "write_merges" : 0,
      "read_ticks" : 476608,
      "write_ticks" : 0,
      "in_queue" : 476608,
      "util" : 99.733075
    }
  ]
}
