{
  "fio version" : "fio-3.39-28-gd2a4",
  "timestamp" : 1742405336,
  "timestamp_ms" : 1742405336338,
  "time" : "Wed Mar 19 10:28:56 2025",
  "jobs" : [
    {
      "jobname" : "FIOJOB",
      "groupid" : 0,
      "job_start" : 1742405306197,
      "error" : 0,
      "eta" : 0,
      "elapsed" : 31,
      "job options" : {
        "ioengine" : "libaio",
        "rw" : "randread",
        "size" : "10G",
        "bs" : "4k",
        "iodepth" : "4",
        "numjobs" : "2",
        "runtime" : "30",
        "loops" : "1",
        "direct" : "1",
        "log_avg_msec" : "1000",
        "invalidate" : "1",
        "write_bw_log" : "azuredisks/nvme0n14/4k/randread-iodepth-4-numjobs-2",
        "write_lat_log" : "azuredisks/nvme0n14/4k/randread-iodepth-4-numjobs-2",
        "write_iops_log" : "azuredisks/nvme0n14/4k/randread-iodepth-4-numjobs-2",
        "filename" : "/dev/nvme0n14"
      },
      "read" : {
        "io_bytes" : 210747392,
        "io_kbytes" : 205808,
        "bw_bytes" : 7024444,
        "bw" : 6859,
        "iops" : 1714.952337,
        "runtime" : 30002,
        "total_ios" : 51452,
        "short_ios" : 0,
        "drop_ios" : 0,
        "slat_ns" : {
          "min" : 1073,
          "max" : 74369,
          "mean" : 3141.955201,
          "stddev" : 2370.847230,
          "N" : 51452
        },
        "clat_ns" : {
          "min" : 1096712,
          "max" : 124367510,
          "mean" : 2328221.822456,
          "stddev" : 1361295.625718,
          "N" : 51452,
          "percentile" : {
            "1.000000" : 1597440,
            "5.000000" : 1843200,
            "10.000000" : 1892352,
            "20.000000" : 1957888,
            "30.000000" : 2007040,
            "40.000000" : 2072576,
            "50.000000" : 2146304,
            "60.000000" : 2211840,
            "70.000000" : 2342912,
            "80.000000" : 2539520,
            "90.000000" : 2899968,
            "95.000000" : 3227648,
            "99.000000" : 4816896,
            "99.500000" : 6127616,
            "99.900000" : 9633792,
            "99.950000" : 13041664,
            "99.990000" : 71827456
          }
        },
        "lat_ns" : {
          "min" : 1098364,
          "max" : 124370083,
          "mean" : 2331363.777657,
          "stddev" : 1361305.934977,
          "N" : 51452
        },
        "bw_min" : 5753,
        "bw_max" : 7159,
        "bw_agg" : 50.694320,
        "bw_mean" : 6864.333333,
        "bw_dev" : 256.781315,
        "bw_samples" : 30,
        "iops_min" : 1438,
        "iops_max" : 1789,
        "iops_mean" : 1715.666667,
        "iops_stddev" : 64.083638,
        "iops_samples" : 30
      },
      "write" : {
        "io_bytes" : 0,
        "io_kbytes" : 0,
        "bw_bytes" : 0,
        "bw" : 0,
        "iops" : 0.000000,
        "runtime" : 0,
        "total_ios" : 0,
        "short_ios" : 0,
        "drop_ios" : 0,
        "slat_ns" : {
          "min" : 0,
          "max" : 0,
          "mean" : 0.000000,
          "stddev" : 0.000000,
          "N" : 0
        },
        "clat_ns" : {
          "min" : 0,
          "max" : 0,
          "mean" : 0.000000,
          "stddev" : 0.000000,
          "N" : 0
        },
        "lat_ns" : {
          "min" : 0,
          "max" : 0,
          "mean" : 0.000000,
          "stddev" : 0.000000,
          "N" : 0
        },
        "bw_min" : 0,
        "bw_max" : 0,
        "bw_agg" : 0.000000,
        "bw_mean" : 0.000000,
        "bw_dev" : 0.000000,
        "bw_samples" : 0,
        "iops_min" : 0,
        "iops_max" : 0,
        "iops_mean" : 0.000000,
        "iops_stddev" : 0.000000,
        "iops_samples" : 0
      },
      "trim" : {
        "io_bytes" : 0,
        "io_kbytes" : 0,
        "bw_bytes" : 0,
        "bw" : 0,
        "iops" : 0.000000,
        "runtime" : 0,
        "total_ios" : 0,
        "short_ios" : 0,
        "drop_ios" : 0,
        "slat_ns" : {
          "min" : 0,
          "max" : 0,
          "mean" : 0.000000,
          "stddev" : 0.000000,
          "N" : 0
        },
        "clat_ns" : {
          "min" : 0,
          "max" : 0,
          "mean" : 0.000000,
          "stddev" : 0.000000,
          "N" : 0
        },
        "lat_ns" : {
          "min" : 0,
          "max" : 0,
          "mean" : 0.000000,
          "stddev" : 0.000000,
          "N" : 0
        },
        "bw_min" : 0,
        "bw_max" : 0,
        "bw_agg" : 0.000000,
        "bw_mean" : 0.000000,
        "bw_dev" : 0.000000,
        "bw_samples" : 0,
        "iops_min" : 0,
        "iops_max" : 0,
        "iops_mean" : 0.000000,
        "iops_stddev" : 0.000000,
        "iops_samples" : 0
      },
      "sync" : {
        "total_ios" : 0,
        "lat_ns" : {
          "min" : 0,
          "max" : 0,
          "mean" : 0.000000,
          "stddev" : 0.000000,
          "N" : 0
        }
      },
      "job_runtime" : 30001,
      "usr_cpu" : 0.679977,
      "sys_cpu" : 1.393287,
      "ctx" : 49764,
      "majf" : 0,
      "minf" : 50,
      "iodepth_level" : {
        "1" : 0.100000,
        "2" : 0.100000,
        "4" : 99.994169,
        "8" : 0.000000,
        "16" : 0.000000,
        "32" : 0.000000,
        ">=64" : 0.000000
      },
      "iodepth_submit" : {
        "0" : 0.000000,
        "4" : 100.000000,
        "8" : 0.000000,
        "16" : 0.000000,
        "32" : 0.000000,
        "64" : 0.000000,
        ">=64" : 0.000000
      },
      "iodepth_complete" : {
        "0" : 0.000000,
        "4" : 100.000000,
        "8" : 0.000000,
        "16" : 0.000000,
        "32" : 0.000000,
        "64" : 0.000000,
        ">=64" : 0.000000
      },
      "latency_ns" : {
        "2" : 0.000000,
        "4" : 0.000000,
        "10" : 0.000000,
        "20" : 0.000000,
        "50" : 0.000000,
        "100" : 0.000000,
        "250" : 0.000000,
        "500" : 0.000000,
        "750" : 0.000000,
        "1000" : 0.000000
      },
      "latency_us" : {
        "2" : 0.000000,
        "4" : 0.000000,
        "10" : 0.000000,
        "20" : 0.000000,
        "50" : 0.000000,
        "100" : 0.000000,
        "250" : 0.000000,
        "500" : 0.000000,
        "750" : 0.000000,
        "1000" : 0.000000
      },
      "latency_ms" : {
        "2" : 28.047501,
        "4" : 70.121667,
        "10" : 1.737542,
        "20" : 0.066081,
        "50" : 0.010000,
        "100" : 0.013605,
        "250" : 0.010000,
        "500" : 0.000000,
        "750" : 0.000000,
        "1000" : 0.000000,
        "2000" : 0.000000,
        ">=2000" : 0.000000
      },
      "latency_depth" : 4,
      "latency_target" : 0,
      "latency_percentile" : 100.000000,
      "latency_window" : 0
    },
    {
      "jobname" : "FIOJOB",
      "groupid" : 0,
      "job_start" : 1742405306197,
      "error" : 0,
      "eta" : 0,
      "elapsed" : 31,
      "job options" : {
        "ioengine" : "libaio",
        "rw" : "randread",
        "size" : "10G",
        "bs" : "4k",
        "iodepth" : "4",
        "numjobs" : "2",
        "runtime" : "30",
        "loops" : "1",
        "direct" : "1",
        "log_avg_msec" : "1000",
        "invalidate" : "1",
        "write_bw_log" : "azuredisks/nvme0n14/4k/randread-iodepth-4-numjobs-2",
        "write_lat_log" : "azuredisks/nvme0n14/4k/randread-iodepth-4-numjobs-2",
        "write_iops_log" : "azuredisks/nvme0n14/4k/randread-iodepth-4-numjobs-2",
        "filename" : "/dev/nvme0n14"
      },
      "read" : {
        "io_bytes" : 205242368,
        "io_kbytes" : 200432,
        "bw_bytes" : 6840728,
        "bw" : 6680,
        "iops" : 1670.099657,
        "runtime" : 30003,
        "total_ios" : 50108,
        "short_ios" : 0,
        "drop_ios" : 0,
        "slat_ns" : {
          "min" : 1081,
          "max" : 53307,
          "mean" : 3146.267063,
          "stddev" : 2251.894693,
          "N" : 50108
        },
        "clat_ns" : {
          "min" : 1069332,
          "max" : 121000834,
          "mean" : 2390812.699389,