{
  "fio version" : "fio-3.39-28-gd2a4",
  "timestamp" : 1742406188,
  "timestamp_ms" : 1742406188372,
  "time" : "Wed Mar 19 10:43:08 2025",
  "jobs" : [
    {
      "jobname" : "FIOJOB",
      "groupid" : 0,
      "job_start" : 1742406158231,
      "error" : 0,
      "eta" : 0,
      "elapsed" : 31,
      "job options" : {
        "ioengine" : "libaio",
        "rw" : "randread",
        "size" : "10G",
        "bs" : "4k",
        "iodepth" : "64",
        "numjobs" : "2",
        "runtime" : "30",
        "loops" : "1",
        "direct" : "1",
        "log_avg_msec" : "1000",
        "invalidate" : "1",
        "write_bw_log" : "azuredisks/nvme0n14/4k/randread-iodepth-64-numjobs-2",
        "write_lat_log" : "azuredisks/nvme0n14/4k/randread-iodepth-64-numjobs-2",
        "write_iops_log" : "azuredisks/nvme0n14/4k/randread-iodepth-64-numjobs-2",
        "filename" : "/dev/nvme0n14"
      },
      "read" : {
        "io_bytes" : 1865154560,
        "io_kbytes" : 1821440,
        "bw_bytes" : 62103504,
        "bw" : 60647,
        "iops" : 15161.988479,
        "runtime" : 30033,
        "total_ios" : 455360,
        "short_ios" : 0,
        "drop_ios" : 0,
        "slat_ns" : {
          "min" : 1046,
          "max" : 86800,
          "mean" : 1398.188121,
          "stddev" : 1017.525447,
          "N" : 455360
        },
        "clat_ns" : {
          "min" : 970578,
          "max" : 957460534,
          "mean" : 4219071.791132,
          "stddev" : 10265386.684972,
          "N" : 455360,
          "percentile" : {
            "1.000000" : 1187840,
            "5.000000" : 1728512,
            "10.000000" : 1810432,
            "20.000000" : 1892352,
            "30.000000" : 1974272,
            "40.000000" : 2056192,
            "50.000000" : 2146304,
            "60.000000" : 2277376,
            "70.000000" : 2473984,
            "80.000000" : 2768896,
            "90.000000" : 3981312,
            "95.000000" : 22675456,
            "99.000000" : 33816576,
            "99.500000" : 38010880,
            "99.900000" : 40108032,
            "99.950000" : 40632320,
            "99.990000" : 658505728
          }
        },
        "lat_ns" : {
          "min" : 971881,
          "max" : 957461781,
          "mean" : 4220469.979254,
          "stddev" : 10265378.667552,
          "N" : 455360
        },
        "bw_min" : 43251,
        "bw_max" : 68380,
        "bw_agg" : 50.358940,
        "bw_mean" : 60741.200000,
        "bw_dev" : 4393.726565,
        "bw_samples" : 30,
        "iops_min" : 10812,
        "iops_max" : 17099,
        "iops_mean" : 15185.233333,
        "iops_stddev" : 1098.732269,
        "iops_samples" : 30
      },
      "write" : {
        "io_bytes" : 0,
        "io_kbytes" : 0,
        "bw_bytes" : 0,
        "bw" : 0,
        "iops" : 0.000000,
        "runtime" : 0,
        "total_ios" : 0,
        "short_ios" : 0,
        "drop_ios" : 0,
        "slat_ns" : {
          "min" : 0,
          "max" : 0,
          "mean" : 0.000000,
          "stddev" : 0.000000,
          "N" : 0
        },
        "clat_ns" : {
          "min" : 0,
          "max" : 0,
          "mean" : 0.000000,
          "stddev" : 0.000000,
          "N" : 0
        },
        "lat_ns" : {
          "min" : 0,
          "max" : 0,
          "mean" : 0.000000,
          "stddev" : 0.000000,
          "N" : 0
        },
        "bw_min" : 0,
        "bw_max" : 0,
        "bw_agg" : 0.000000,
        "bw_mean" : 0.000000,
        "bw_dev" : 0.000000,
        "bw_samples" : 0,
        "iops_min" : 0,
        "iops_max" : 0,
        "iops_mean" : 0.000000,
        "iops_stddev" : 0.000000,
        "iops_samples" : 0
      },
      "trim" : {
        "io_bytes" : 0,
        "io_kbytes" : 0,
        "bw_bytes" : 0,
        "bw" : 0,
        "iops" : 0.000000,
        "runtime" : 0,
        "total_ios" : 0,
        "short_ios" : 0,
        "drop_ios" : 0,
        "slat_ns" : {
          "min" : 0,
          "max" : 0,
          "mean" : 0.000000,
          "stddev" : 0.000000,
          "N" : 0
        },
        "clat_ns" : {
          "min" : 0,
          "max" : 0,
          "mean" : 0.000000,
          "stddev" : 0.000000,
          "N" : 0
        },
        "lat_ns" : {
          "min" : 0,
          "max" : 0,
          "mean" : 0.000000,
          "stddev" : 0.000000,
          "N" : 0
        },
        "bw_min" : 0,
        "bw_max" : 0,
        "bw_agg" : 0.000000,
        "bw_mean" : 0.000000,
        "bw_dev" : 0.000000,
        "bw_samples" : 0,
        "iops_min" : 0,
        "iops_max" : 0,
        "iops_mean" : 0.000000,
        "iops_stddev" : 0.000000,
        "iops_samples" : 0
      },
      "sync" : {
        "total_ios" : 0,
        "lat_ns" : {
          "min" : 0,
          "max" : 0,
          "mean" : 0.000000,
          "stddev" : 0.000000,
          "N" : 0
        }
      },
      "job_runtime" : 30032,
      "usr_cpu" : 1.941263,
      "sys_cpu" : 5.534097,
      "ctx" : 338939,
      "majf" : 0,
      "minf" : 110,
      "iodepth_level" : {
        "1" : 0.100000,
        "2" : 0.100000,
        "4" : 0.100000,
        "8" : 0.100000,
        "16" : 0.100000,
        "32" : 0.100000,
        ">=64" : 99.986165
      },
      "iodepth_submit" : {
        "0" : 0.000000,
        "4" : 100.000000,
        "8" : 0.000000,
        "16" : 0.000000,
        "32" : 0.000000,
        "64" : 0.000000,
        ">=64" : 0.000000
      },
      "iodepth_complete" : {
        "0" : 0.000000,
        "4" : 99.999780,
        "8" : 0.000000,
        "16" : 0.000000,
        "32" : 0.000000,
        "64" : 0.100000,
        ">=64" : 0.000000
      },
      "latency_ns" : {
        "2" : 0.000000,
        "4" : 0.000000,
        "10" : 0.000000,
        "20" : 0.000000,
        "50" : 0.000000,
        "100" : 0.000000,
        "250" : 0.000000,
        "500" : 0.000000,
        "750" : 0.000000,
        "1000" : 0.000000
      },
      "latency_us" : {
        "2" : 0.000000,
        "4" : 0.000000,
        "10" : 0.000000,
        "20" : 0.000000,
        "50" : 0.000000,
        "100" : 0.000000,
        "250" : 0.000000,
        "500" : 0.000000,
        "750" : 0.000000,
        "1000" : 0.010000
      },
      "latency_ms" : {
        "2" : 33.624824,
        "4" : 56.413826,
        "10" : 1.741918,
        "20" : 0.986692,
        "50" : 7.201994,
        "100" : 0.014933,
        "250" : 0.000000,
        "500" : 0.000000,
        "750" : 0.012737,
        "1000" : 0.010000,
        "2000" : 0.000000,
        ">=2000" : 0.000000
      },
      "latency_depth" : 64,
      "latency_target" : 0,
      "latency_percentile" : 100.000000,
      "latency_window" : 0
    },
    {
      "jobname" : "FIOJOB",
      "groupid" : 0,
      "job_start" : 1742406158231,
      "error" : 0,
      "eta" : 0,
      "elapsed" : 31,
      "job options" : {
        "ioengine" : "libaio",
        "rw" : "randread",
        "size" : "10G",
        "bs" : "4k",
        "iodepth" : "64",
        "numjobs" : "2",
        "runtime" : "30",
        "loops" : "1",
        "direct" : "1",
        "log_avg_msec" : "1000",
        "invalidate" : "1",
        "write_bw_log" : "azuredisks/nvme0n14/4k/randread-iodepth-64-numjobs-2",
        "write_lat_log" : "azuredisks/nvme0n14/4k/randread-iodepth-64-numjobs-2",
        "write_iops_log" : "azuredisks/nvme0n14/4k/randread-iodepth-64-numjobs-2",
        "filename" : "/dev/nvme0n14"
      },
      "read" : {
        "io_bytes" : 1844248576,
        "io_kbytes" : 1801024,
        "bw_bytes" : 61407404,
        "bw" : 59968,
        "iops" : 14992.042087,
        "runtime" : 30033,
        "total_ios" : 450256,
        "short_ios" : 0,
        "drop_ios" : 0,
        "slat_ns" : {
          "min" : 1050,
          "max" : 91117,
          "mean" : 1383.637524,
          "stddev" : 1015.716634,
          "N" : 450256
        },
        "clat_ns" : {
          "min" : 987027,
          "max" : 957016195,