{
  "fio version" : "fio-3.39-28-gd2a4",
  "timestamp" : 1742405762,
  "timestamp_ms" : 1742405762252,
  "time" : "Wed Mar 19 10:36:02 2025",
  "jobs" : [
    {
      "jobname" : "FIOJOB",
      "groupid" : 0,
      "job_start" : 1742405732111,
      "error" : 0,
      "eta" : 0,
      "elapsed" : 31,
      "job options" : {
        "ioengine" : "libaio",
        "rw" : "randread",
        "size" : "10G",
        "bs" : "4k",
        "iodepth" : "16",
        "numjobs" : "2",
        "runtime" : "30",
        "loops" : "1",
        "direct" : "1",
        "log_avg_msec" : "1000",
        "invalidate" : "1",
        "write_bw_log" : "azuredisks/nvme0n14/4k/randread-iodepth-16-numjobs-2",
        "write_lat_log" : "azuredisks/nvme0n14/4k/randread-iodepth-16-numjobs-2",
        "write_iops_log" : "azuredisks/nvme0n14/4k/randread-iodepth-16-numjobs-2",
        "filename" : "/dev/nvme0n14"
      },
      "read" : {
        "io_bytes" : 877694976,
        "io_kbytes" : 857124,
        "bw_bytes" : 29253573,
        "bw" : 28567,
        "iops" : 7141.985801,
        "runtime" : 30003,
        "total_ios" : 214281,
        "short_ios" : 0,
        "drop_ios" : 0,
        "slat_ns" : {
          "min" : 1056,
          "max" : 49663,
          "mean" : 1539.706726,
          "stddev" : 1107.886454,
          "N" : 214281
        },
        "clat_ns" : {
          "min" : 997263,
          "max" : 128839043,
          "mean" : 2238229.550847,
          "stddev" : 1174514.792726,
          "N" : 214281,
          "percentile" : {
            "1.000000" : 1204224,
            "5.000000" : 1744896,
            "10.000000" : 1810432,
            "20.000000" : 1875968,
            "30.000000" : 1941504,
            "40.000000" : 1990656,
            "50.000000" : 2072576,
            "60.000000" : 2146304,
            "70.000000" : 2277376,
            "80.000000" : 2473984,
            "90.000000" : 2834432,
            "95.000000" : 3162112,
            "99.000000" : 4751360,
            "99.500000" : 5865472,
            "99.900000" : 9240576,
            "99.950000" : 11599872,
            "99.990000" : 23461888
          }
        },
        "lat_ns" : {
          "min" : 998562,
          "max" : 128841741,
          "mean" : 2239769.257573,
          "stddev" : 1174529.047272,
          "N" : 214281
        },
        "bw_min" : 25480,
        "bw_max" : 29529,
        "bw_agg" : 50.512154,
        "bw_mean" : 28585.733333,
        "bw_dev" : 761.344497,
        "bw_samples" : 30,
        "iops_min" : 6370,
        "iops_max" : 7382,
        "iops_mean" : 7146.333333,
        "iops_stddev" : 190.330626,
        "iops_samples" : 30
      },
      "write" : {
        "io_bytes" : 0,
        "io_kbytes" : 0,
        "bw_bytes" : 0,
        "bw" : 0,
        "iops" : 0.000000,
        "runtime" : 0,
        "total_ios" : 0,
        "short_ios" : 0,
        "drop_ios" : 0,
        "slat_ns" : {
          "min" : 0,
          "max" : 0,
          "mean" : 0.000000,
          "stddev" : 0.000000,
          "N" : 0
        },
        "clat_ns" : {
          "min" : 0,
          "max" : 0,
          "mean" : 0.000000,
          "stddev" : 0.000000,
          "N" : 0
        },
        "lat_ns" : {
          "min" : 0,
          "max" : 0,
          "mean" : 0.000000,
          "stddev" : 0.000000,
          "N" : 0
        },
        "bw_min" : 0,
        "bw_max" : 0,
        "bw_agg" : 0.000000,
        "bw_mean" : 0.000000,
        "bw_dev" : 0.000000,
        "bw_samples" : 0,
        "iops_min" : 0,
        "iops_max" : 0,
        "iops_mean" : 0.000000,
        "iops_stddev" : 0.000000,
        "iops_samples" : 0
      },
      "trim" : {
        "io_bytes" : 0,
        "io_kbytes" : 0,
        "bw_bytes" : 0,
        "bw" : 0,
        "iops" : 0.000000,
        "runtime" : 0,
        "total_ios" : 0,
        "short_ios" : 0,
        "drop_ios" : 0,
        "slat_ns" : {
          "min" : 0,
          "max" : 0,
          "mean" : 0.000000,
          "stddev" : 0.000000,
          "N" : 0
        },
        "clat_ns" : {
          "min" : 0,
          "max" : 0,
          "mean" : 0.000000,
          "stddev" : 0.000000,
          "N" : 0
        },
        "lat_ns" : {
          "min" : 0,
          "max" : 0,
          "mean" : 0.000000,
          "stddev" : 0.000000,
          "N" : 0
        },
        "bw_min" : 0,
        "bw_max" : 0,
        "bw_agg" : 0.000000,
        "bw_mean" : 0.000000,
        "bw_dev" : 0.000000,
        "bw_samples" : 0,
        "iops_min" : 0,
        "iops_max" : 0,
        "iops_mean" : 0.000000,
        "iops_stddev" : 0.000000,
        "iops_samples" : 0
      },
      "sync" : {
        "total_ios" : 0,
        "lat_ns" : {
          "min" : 0,
          "max" : 0,
          "mean" : 0.000000,
          "stddev" : 0.000000,
          "N" : 0
        }
      },
      "job_runtime" : 30002,
      "usr_cpu" : 0.989934,
      "sys_cpu" : 3.279781,
      "ctx" : 197317,
      "majf" : 0,
      "minf" : 63,
      "iodepth_level" : {
        "1" : 0.100000,
        "2" : 0.100000,
        "4" : 0.100000,
        "8" : 0.100000,
        "16" : 99.993000,
        "32" : 0.000000,
        ">=64" : 0.000000
      },
      "iodepth_submit" : {
        "0" : 0.000000,
        "4" : 100.000000,
        "8" : 0.000000,
        "16" : 0.000000,
        "32" : 0.000000,
        "64" : 0.000000,
        ">=64" : 0.000000
      },
      "iodepth_complete" : {
        "0" : 0.000000,
        "4" : 99.999533,
        "8" : 0.000000,
        "16" : 0.100000,
        "32" : 0.000000,
        "64" : 0.000000,
        ">=64" : 0.000000
      },
      "latency_ns" : {
        "2" : 0.000000,
        "4" : 0.000000,
        "10" : 0.000000,
        "20" : 0.000000,
        "50" : 0.000000,
        "100" : 0.000000,
        "250" : 0.000000,
        "500" : 0.000000,
        "750" : 0.000000,
        "1000" : 0.000000
      },
      "latency_us" : {
        "2" : 0.000000,
        "4" : 0.000000,
        "10" : 0.000000,
        "20" : 0.000000,
        "50" : 0.000000,
        "100" : 0.000000,
        "250" : 0.000000,
        "500" : 0.000000,
        "750" : 0.000000,
        "1000" : 0.010000
      },
      "latency_ms" : {
        "2" : 40.775897,
        "4" : 57.468464,
        "10" : 1.672570,
        "20" : 0.064401,
        "50" : 0.010000,
        "100" : 0.010000,
        "250" : 0.010000,
        "500" : 0.000000,
        "750" : 0.000000,
        "1000" : 0.000000,
        "2000" : 0.000000,
        ">=2000" : 0.000000
      },
      "latency_depth" : 16,
      "latency_target" : 0,
      "latency_percentile" : 100.000000,
      "latency_window" : 0
    },
    {
      "jobname" : "FIOJOB",
      "groupid" : 0,
      "job_start" : 1742405732111,
      "error" : 0,
      "eta" : 0,
      "elapsed" : 31,
      "job options" : {
        "ioengine" : "libaio",
        "rw" : "randread",
        "size" : "10G",
        "bs" : "4k",
        "iodepth" : "16",
        "numjobs" : "2",
        "runtime" : "30",
        "loops" : "1",
        "direct" : "1",
        "log_avg_msec" : "1000",
        "invalidate" : "1",
        "write_bw_log" : "azuredisks/nvme0n14/4k/randread-iodepth-16-numjobs-2",
        "write_lat_log" : "azuredisks/nvme0n14/4k/randread-iodepth-16-numjobs-2",
        "write_iops_log" : "azuredisks/nvme0n14/4k/randread-iodepth-16-numjobs-2",
        "filename" : "/dev/nvme0n14"
      },
      "read" : {
        "io_bytes" : 860934144,
        "io_kbytes" : 840756,
        "bw_bytes" : 28694935,
        "bw" : 28022,
        "iops" : 7005.599440,
        "runtime" : 30003,
        "total_ios" : 210189,
        "short_ios" : 0,
        "drop_ios" : 0,
        "slat_ns" : {
          "min" : 1062,
          "max" : 95157,
          "mean" : 1531.241820,
          "stddev" : 1068.926039,
          "N" : 210189
        },
        "clat_ns" : {
          "min" : 978388,
          "max" : 128841725,