{
  "fio version" : "fio-3.39-28-gd2a4",
  "timestamp" : 1742268749,
  "timestamp_ms" : 1742268749989,
  "time" : "Mon Mar 17 20:32:29 2025",
  "jobs" : [
    {
      "jobname" : "lat_test_qd_32",
      "groupid" : 0,
      "job_start" : 1742266949877,
      "error" : 0,
      "eta" : 0,
      "elapsed" : 1801,
      "job options" : {
        "name" : "lat_test_qd_32",
        "filename" : "/dev/nvme0n9",
        "ioengine" : "libaio",
        "direct" : "1",
        "size" : "1G",
        "runtime" : "1800",
        "time_based" : "1",
        "bs" : "4k",
        "rw" : "randrw",
        "rwmixread" : "70",
        "numjobs" : "1",
        "group_reporting" : "1",
        "log_avg_msec" : "1000",
        "iodepth" : "32",
        "write_lat_log" : "logs/latency_by_qd_32"
      },
      "read" : {
        "io_bytes" : 108283494400,
        "io_kbytes" : 105745600,
        "bw_bytes" : 60157396,
        "bw" : 58747,
        "iops" : 14686.864411,
        "runtime" : 1800003,
        "total_ios" : 26436400,
        "short_ios" : 0,
        "drop_ios" : 0,
        "slat_ns" : {
          "min" : 1119,
          "max" : 126370,
          "mean" : 1374.658173,
          "stddev" : 453.806399,
          "N" : 26436400
        },
        "clat_ns" : {
          "min" : 781194,
          "max" : 819143757,
          "mean" : 1745721.208716,
          "stddev" : 1141387.749869,
          "N" : 26436400,
          "percentile" : {
            "1.000000" : 1286144,
            "5.000000" : 1368064,
            "10.000000" : 1417216,
            "20.000000" : 1466368,
            "30.000000" : 1515520,
            "40.000000" : 1548288,
            "50.000000" : 1597440,
            "60.000000" : 1646592,
            "70.000000" : 1728512,
            "80.000000" : 1859584,
            "90.000000" : 2146304,
            "95.000000" : 2506752,
            "99.000000" : 3817472,
            "99.500000" : 4947968,
            "99.900000" : 8454144,
            "99.950000" : 11206656,
            "99.990000" : 33161216
          }
        },
        "lat_ns" : {
          "min" : 782729,
          "max" : 819145090,
          "mean" : 1747095.866889,
          "stddev" : 1141388.085463,
          "N" : 26436400
        },
        "bw_min" : 1080,
        "bw_max" : 62992,
        "bw_agg" : 100.000000,
        "bw_mean" : 58784.465963,
        "bw_dev" : 2509.025675,
        "bw_samples" : 3599,
        "iops_min" : 270,
        "iops_max" : 15748,
        "iops_mean" : 14696.023062,
        "iops_stddev" : 627.253711,
        "iops_samples" : 3599
      },
      "write" : {
        "io_bytes" : 46399840256,
        "io_kbytes" : 45312344,
        "bw_bytes" : 25777646,
        "bw" : 25173,
        "iops" : 6293.370622,
        "runtime" : 1800003,
        "total_ios" : 11328086,
        "short_ios" : 0,
        "drop_ios" : 0,
        "slat_ns" : {
          "min" : 1100,
          "max" : 82953,
          "mean" : 1406.189013,
          "stddev" : 465.650738,
          "N" : 11328086
        },
        "clat_ns" : {
          "min" : 576367,
          "max" : 2020028551,
          "mean" : 1004815.571053,
          "stddev" : 2136024.574196,
          "N" : 11328086,
          "percentile" : {
            "1.000000" : 700416,
            "5.000000" : 733184,
            "10.000000" : 749568,
            "20.000000" : 774144,
            "30.000000" : 798720,
            "40.000000" : 815104,
            "50.000000" : 839680,
            "60.000000" : 872448,
            "70.000000" : 921600,
            "80.000000" : 1011712,
            "90.000000" : 1302528,
            "95.000000" : 1777664,
            "99.000000" : 3457024,
            "99.500000" : 4751360,
            "99.900000" : 8355840,
            "99.950000" : 10551296,
            "99.990000" : 23461888
          }
        },
        "lat_ns" : {
          "min" : 577725,
          "max" : 2020030009,
          "mean" : 1006221.760066,
          "stddev" : 2136024.760734,
          "N" : 11328086
        },
        "bw_min" : 424,
        "bw_max" : 28248,
        "bw_agg" : 100.000000,
        "bw_mean" : 25189.312309,
        "bw_dev" : 1156.210010,
        "bw_samples" : 3599,
        "iops_min" : 106,
        "iops_max" : 7062,
        "iops_mean" : 6297.207002,
        "iops_stddev" : 289.045961,
        "iops_samples" : 3599
      },
      "trim" : {
        "io_bytes" : 0,
        "io_kbytes" : 0,
        "bw_bytes" : 0,
        "bw" : 0,
        "iops" : 0.000000,
        "runtime" : 0,
        "total_ios" : 0,
        "short_ios" : 0,
        "drop_ios" : 0,
        "slat_ns" : {
          "min" : 0,
          "max" : 0,
          "mean" : 0.000000,
          "stddev" : 0.000000,
          "N" : 0
        },
        "clat_ns" : {
          "min" : 0,
          "max" : 0,
          "mean" : 0.000000,
          "stddev" : 0.000000,
          "N" : 0
        },
        "lat_ns" : {
          "min" : 0,
          "max" : 0,
          "mean" : 0.000000,
          "stddev" : 0.000000,
          "N" : 0
        },
        "bw_min" : 0,
        "bw_max" : 0,
        "bw_agg" : 0.000000,
        "bw_mean" : 0.000000,
        "bw_dev" : 0.000000,
        "bw_samples" : 0,
        "iops_min" : 0,
        "iops_max" : 0,
        "iops_mean" : 0.000000,
        "iops_stddev" : 0.000000,
        "iops_samples" : 0
      },
      "sync" : {
        "total_ios" : 0,
        "lat_ns" : {
          "min" : 0,
          "max" : 0,
          "mean" : 0.000000,
          "stddev" : 0.000000,
          "N" : 0
        }
      },
      "job_runtime" : 1800002,
      "usr_cpu" : 2.442720,
      "sys_cpu" : 7.732658,
      "ctx" : 30663785,
      "majf" : 0,
      "minf" : 202,
      "iodepth_level" : {
        "1" : 0.100000,
        "2" : 0.100000,
        "4" : 0.100000,
        "8" : 0.100000,
        "16" : 0.100000,
        "32" : 99.999918,
        ">=64" : 0.000000
      },
      "iodepth_submit" : {
        "0" : 0.000000,
        "4" : 100.000000,
        "8" : 0.000000,
        "16" : 0.000000,
        "32" : 0.000000,
        "64" : 0.000000,
        ">=64" : 0.000000
      },
      "iodepth_complete" : {
        "0" : 0.000000,
        "4" : 99.999997,
        "8" : 0.000000,
        "16" : 0.000000,
        "32" : 0.100000,
        "64" : 0.000000,
        ">=64" : 0.000000
      },
      "latency_ns" : {
        "2" : 0.000000,
        "4" : 0.000000,
        "10" : 0.000000,
        "20" : 0.000000,
        "50" : 0.000000,
        "100" : 0.000000,
        "250" : 0.000000,
        "500" : 0.000000,
        "750" : 0.000000,
        "1000" : 0.000000
      },
      "latency_us" : {
        "2" : 0.000000,
        "4" : 0.000000,
        "10" : 0.000000,
        "20" : 0.000000,
        "50" : 0.000000,
        "100" : 0.000000,
        "250" : 0.000000,
        "500" : 0.000000,
        "750" : 3.190363,
        "1000" : 20.539490
      },
      "latency_ms" : {
        "2" : 65.302835,
        "4" : 10.137043,
        "10" : 0.768211,
        "20" : 0.045432,
        "50" : 0.010666,
        "100" : 0.010000,
        "250" : 0.010000,
        "500" : 0.000000,
        "750" : 0.010000,
        "1000" : 0.010000,
        "2000" : 0.010000,
        ">=2000" : 0.010000
      },
      "latency_depth" : 32,
      "latency_target" : 0,
      "latency_percentile" : 100.000000,
      "latency_window" : 0
    }
  ],
  "disk_util" : [
    {
      "name" : "nvme0n9",
      "read_ios" : 26434413,
      "write_ios" : 11327193,
      "read_sectors" : 211477008,
      "write_sectors" : 90617544,
      "read_merges" : 0,
      "write_merges" : 0,
      "read_ticks" : 46054372,
      "write_ticks" : 11344596,
      "in_queue" : 57398968,
      "util" : 100.000000
    }
  ]
}
