{
  "fio version" : "fio-3.39-28-gd2a4",
  "timestamp" : 1742265149,
  "timestamp_ms" : 1742265149140,
  "time" : "Mon Mar 17 19:32:29 2025",
  "jobs" : [
    {
      "jobname" : "lat_test_qd_8",
      "groupid" : 0,
      "job_start" : 1742263349027,
      "error" : 0,
      "eta" : 0,
      "elapsed" : 1801,
      "job options" : {
        "name" : "lat_test_qd_8",
        "filename" : "/dev/nvme0n9",
        "ioengine" : "libaio",
        "direct" : "1",
        "size" : "1G",
        "runtime" : "1800",
        "time_based" : "1",
        "bs" : "4k",
        "rw" : "randrw",
        "rwmixread" : "70",
        "numjobs" : "1",
        "group_reporting" : "1",
        "log_avg_msec" : "1000",
        "iodepth" : "8",
        "write_lat_log" : "logs/latency_by_qd_8"
      },
      "read" : {
        "io_bytes" : 26027315200,
        "io_kbytes" : 25417300,
        "bw_bytes" : 14459571,
        "bw" : 14120,
        "iops" : 3530.168788,
        "runtime" : 1800006,
        "total_ios" : 6354325,
        "short_ios" : 0,
        "drop_ios" : 0,
        "slat_ns" : {
          "min" : 1043,
          "max" : 130642,
          "mean" : 1768.418265,
          "stddev" : 1515.374401,
          "N" : 6354325
        },
        "clat_ns" : {
          "min" : 858329,
          "max" : 195777068,
          "mean" : 1807488.804370,
          "stddev" : 1056266.722663,
          "N" : 6354325,
          "percentile" : {
            "1.000000" : 1351680,
            "5.000000" : 1433600,
            "10.000000" : 1466368,
            "20.000000" : 1531904,
            "30.000000" : 1564672,
            "40.000000" : 1613824,
            "50.000000" : 1662976,
            "60.000000" : 1712128,
            "70.000000" : 1794048,
            "80.000000" : 1925120,
            "90.000000" : 2211840,
            "95.000000" : 2572288,
            "99.000000" : 3981312,
            "99.500000" : 5210112,
            "99.900000" : 8716288,
            "99.950000" : 11206656,
            "99.990000" : 33423360
          }
        },
        "lat_ns" : {
          "min" : 860288,
          "max" : 195779675,
          "mean" : 1809257.222635,
          "stddev" : 1056280.255377,
          "N" : 6354325
        },
        "bw_min" : 8616,
        "bw_max" : 15504,
        "bw_agg" : 100.000000,
        "bw_mean" : 14126.675465,
        "bw_dev" : 581.754590,
        "bw_samples" : 3599,
        "iops_min" : 2154,
        "iops_max" : 3876,
        "iops_mean" : 3531.622673,
        "iops_stddev" : 145.453569,
        "iops_samples" : 3599
      },
      "write" : {
        "io_bytes" : 11156480000,
        "io_kbytes" : 10895000,
        "bw_bytes" : 6198023,
        "bw" : 6052,
        "iops" : 1513.189400,
        "runtime" : 1800006,
        "total_ios" : 2723750,
        "short_ios" : 0,
        "drop_ios" : 0,
        "slat_ns" : {
          "min" : 1031,
          "max" : 196031,
          "mean" : 1833.979941,
          "stddev" : 1574.394232,
          "N" : 2723750
        },
        "clat_ns" : {
          "min" : 604071,
          "max" : 193503482,
          "mean" : 1062222.687924,
          "stddev" : 1117012.972715,
          "N" : 2723750,
          "percentile" : {
            "1.000000" : 716800,
            "5.000000" : 749568,
            "10.000000" : 774144,
            "20.000000" : 798720,
            "30.000000" : 823296,
            "40.000000" : 847872,
            "50.000000" : 880640,
            "60.000000" : 913408,
            "70.000000" : 962560,
            "80.000000" : 1073152,
            "90.000000" : 1417216,
            "95.000000" : 1957888,
            "99.000000" : 3981312,
            "99.500000" : 5341184,
            "99.900000" : 9240576,
            "99.950000" : 11599872,
            "99.990000" : 20578304
          }
        },
        "lat_ns" : {
          "min" : 605331,
          "max" : 193505029,
          "mean" : 1064056.667865,
          "stddev" : 1117028.211711,
          "N" : 2723750
        },
        "bw_min" : 3720,
        "bw_max" : 7112,
        "bw_agg" : 100.000000,
        "bw_mean" : 6055.303695,
        "bw_dev" : 317.677494,
        "bw_samples" : 3599,
        "iops_min" : 930,
        "iops_max" : 1778,
        "iops_mean" : 1513.774104,
        "iops_stddev" : 79.455609,
        "iops_samples" : 3599
      },
      "trim" : {
        "io_bytes" : 0,
        "io_kbytes" : 0,
        "bw_bytes" : 0,
        "bw" : 0,
        "iops" : 0.000000,
        "runtime" : 0,
        "total_ios" : 0,
        "short_ios" : 0,
        "drop_ios" : 0,
        "slat_ns" : {
          "min" : 0,
          "max" : 0,
          "mean" : 0.000000,
          "stddev" : 0.000000,
          "N" : 0
        },
        "clat_ns" : {
          "min" : 0,
          "max" : 0,
          "mean" : 0.000000,
          "stddev" : 0.000000,
          "N" : 0
        },
        "lat_ns" : {
          "min" : 0,
          "max" : 0,
          "mean" : 0.000000,
          "stddev" : 0.000000,
          "N" : 0
        },
        "bw_min" : 0,
        "bw_max" : 0,
        "bw_agg" : 0.000000,
        "bw_mean" : 0.000000,
        "bw_dev" : 0.000000,
        "bw_samples" : 0,
        "iops_min" : 0,
        "iops_max" : 0,
        "iops_mean" : 0.000000,
        "iops_stddev" : 0.000000,
        "iops_samples" : 0
      },
      "sync" : {
        "total_ios" : 0,
        "lat_ns" : {
          "min" : 0,
          "max" : 0,
          "mean" : 0.000000,
          "stddev" : 0.000000,
          "N" : 0
        }
      },
      "job_runtime" : 1800005,
      "usr_cpu" : 0.928997,
      "sys_cpu" : 2.659937,
      "ctx" : 8516154,
      "majf" : 0,
      "minf" : 212,
      "iodepth_level" : {
        "1" : 0.100000,
        "2" : 0.100000,
        "4" : 0.100000,
        "8" : 99.999923,
        "16" : 0.000000,
        "32" : 0.000000,
        ">=64" : 0.000000
      },
      "iodepth_submit" : {
        "0" : 0.000000,
        "4" : 100.000000,
        "8" : 0.000000,
        "16" : 0.000000,
        "32" : 0.000000,
        "64" : 0.000000,
        ">=64" : 0.000000
      },
      "iodepth_complete" : {
        "0" : 0.000000,
        "4" : 99.999989,
        "8" : 0.100000,
        "16" : 0.000000,
        "32" : 0.000000,
        "64" : 0.000000,
        ">=64" : 0.000000
      },
      "latency_ns" : {
        "2" : 0.000000,
        "4" : 0.000000,
        "10" : 0.000000,
        "20" : 0.000000,
        "50" : 0.000000,
        "100" : 0.000000,
        "250" : 0.000000,
        "500" : 0.000000,
        "750" : 0.000000,
        "1000" : 0.000000
      },
      "latency_us" : {
        "2" : 0.000000,
        "4" : 0.000000,
        "10" : 0.000000,
        "20" : 0.000000,
        "50" : 0.000000,
        "100" : 0.000000,
        "250" : 0.000000,
        "500" : 0.000000,
        "750" : 1.514407,
        "1000" : 20.920834
      },
      "latency_ms" : {
        "2" : 64.619008,
        "4" : 11.957623,
        "10" : 0.918256,
        "20" : 0.053943,
        "50" : 0.010000,
        "100" : 0.010000,
        "250" : 0.010000,
        "500" : 0.000000,
        "750" : 0.000000,
        "1000" : 0.000000,
        "2000" : 0.000000,
        ">=2000" : 0.000000
      },
      "latency_depth" : 8,
      "latency_target" : 0,
      "latency_percentile" : 100.000000,
      "latency_window" : 0
    }
  ],
  "disk_util" : [
    {
      "name" : "nvme0n9",
      "read_ios" : 6353851,
      "write_ios" : 2723526,
      "read_sectors" : 50832512,
      "write_sectors" : 21788208,
      "read_merges" : 0,
      "write_merges" : 0,
      "read_ticks" : 11454578,
      "write_ticks" : 2880902,
      "in_queue" : 14335481,
      "util" : 100.000000
    }
  ]
}
