{
  "fio version" : "fio-3.39-28-gd2a4",
  "timestamp" : 1742259725,
  "timestamp_ms" : 1742259725265,
  "time" : "Mon Mar 17 18:02:05 2025",
  "jobs" : [
    {
      "jobname" : "lat_test_qd_1",
      "groupid" : 0,
      "job_start" : 1742257925132,
      "error" : 0,
      "eta" : 0,
      "elapsed" : 1801,
      "job options" : {
        "name" : "lat_test_qd_1",
        "filename" : "/dev/nvme0n6",
        "ioengine" : "libaio",
        "direct" : "1",
        "size" : "1G",
        "runtime" : "1800",
        "time_based" : "1",
        "bs" : "4k",
        "rw" : "randrw",
        "rwmixread" : "70",
        "numjobs" : "1",
        "group_reporting" : "1",
        "log_avg_msec" : "1000",
        "iodepth" : "1",
        "write_lat_log" : "logs/latency_by_qd_1"
      },
      "read" : {
        "io_bytes" : 2320764928,
        "io_kbytes" : 2266372,
        "bw_bytes" : 1289312,
        "bw" : 1259,
        "iops" : 314.773539,
        "runtime" : 1800002,
        "total_ios" : 566593,
        "short_ios" : 0,
        "drop_ios" : 0,
        "slat_ns" : {
          "min" : 1396,
          "max" : 101225,
          "mean" : 3661.456365,
          "stddev" : 2811.875167,
          "N" : 566593
        },
        "clat_ns" : {
          "min" : 1097294,
          "max" : 171626479,
          "mean" : 2613301.149308,
          "stddev" : 1336202.695035,
          "N" : 566593,
          "percentile" : {
            "1.000000" : 1662976,
            "5.000000" : 1826816,
            "10.000000" : 1925120,
            "20.000000" : 2113536,
            "30.000000" : 2244608,
            "40.000000" : 2342912,
            "50.000000" : 2441216,
            "60.000000" : 2572288,
            "70.000000" : 2703360,
            "80.000000" : 2899968,
            "90.000000" : 3227648,
            "95.000000" : 3719168,
            "99.000000" : 6193152,
            "99.500000" : 7831552,
            "99.900000" : 12517376,
            "99.950000" : 16056320,
            "99.990000" : 47448064
          }
        },
        "lat_ns" : {
          "min" : 1098889,
          "max" : 171628296,
          "mean" : 2616962.605673,
          "stddev" : 1336207.830553,
          "N" : 566593
        },
        "bw_min" : 568,
        "bw_max" : 1536,
        "bw_agg" : 99.992554,
        "bw_mean" : 1259.818283,
        "bw_dev" : 98.939099,
        "bw_samples" : 3599,
        "iops_min" : 142,
        "iops_max" : 384,
        "iops_mean" : 314.790775,
        "iops_stddev" : 24.714858,
        "iops_samples" : 3599
      },
      "write" : {
        "io_bytes" : 996847616,
        "io_kbytes" : 973484,
        "bw_bytes" : 553803,
        "bw" : 540,
        "iops" : 135.205961,
        "runtime" : 1800002,
        "total_ios" : 243371,
        "short_ios" : 0,
        "drop_ios" : 0,
        "slat_ns" : {
          "min" : 1395,
          "max" : 189875,
          "mean" : 3766.022525,
          "stddev" : 2893.115336,
          "N" : 243371
        },
        "clat_ns" : {
          "min" : 751330,
          "max" : 168415361,
          "mean" : 1295269.843420,
          "stddev" : 1267127.195168,
          "N" : 243371,
          "percentile" : {
            "1.000000" : 856064,
            "5.000000" : 905216,
            "10.000000" : 929792,
            "20.000000" : 970752,
            "30.000000" : 1003520,
            "40.000000" : 1036288,
            "50.000000" : 1073152,
            "60.000000" : 1105920,
            "70.000000" : 1171456,
            "80.000000" : 1286144,
            "90.000000" : 1679360,
            "95.000000" : 2310144,
            "99.000000" : 5275648,
            "99.500000" : 6914048,
            "99.900000" : 12124160,
            "99.950000" : 15007744,
            "99.990000" : 44826624
          }
        },
        "lat_ns" : {
          "min" : 752936,
          "max" : 168421092,
          "mean" : 1299035.865945,
          "stddev" : 1267153.707099,
          "N" : 243371
        },
        "bw_min" : 176,
        "bw_max" : 817,
        "bw_agg" : 100.000000,
        "bw_mean" : 541.098083,
        "bw_dev" : 77.145691,
        "bw_samples" : 3599,
        "iops_min" : 44,
        "iops_max" : 204,
        "iops_mean" : 135.216449,
        "iops_stddev" : 19.258564,
        "iops_samples" : 3599
      },
      "trim" : {
        "io_bytes" : 0,
        "io_kbytes" : 0,
        "bw_bytes" : 0,
        "bw" : 0,
        "iops" : 0.000000,
        "runtime" : 0,
        "total_ios" : 0,
        "short_ios" : 0,
        "drop_ios" : 0,
        "slat_ns" : {
          "min" : 0,
          "max" : 0,
          "mean" : 0.000000,
          "stddev" : 0.000000,
          "N" : 0
        },
        "clat_ns" : {
          "min" : 0,
          "max" : 0,
          "mean" : 0.000000,
          "stddev" : 0.000000,
          "N" : 0
        },
        "lat_ns" : {
          "min" : 0,
          "max" : 0,
          "mean" : 0.000000,
          "stddev" : 0.000000,
          "N" : 0
        },
        "bw_min" : 0,
        "bw_max" : 0,
        "bw_agg" : 0.000000,
        "bw_mean" : 0.000000,
        "bw_dev" : 0.000000,
        "bw_samples" : 0,
        "iops_min" : 0,
        "iops_max" : 0,
        "iops_mean" : 0.000000,
        "iops_stddev" : 0.000000,
        "iops_samples" : 0
      },
      "sync" : {
        "total_ios" : 0,
        "lat_ns" : {
          "min" : 0,
          "max" : 0,
          "mean" : 0.000000,
          "stddev" : 0.000000,
          "N" : 0
        }
      },
      "job_runtime" : 1800001,
      "usr_cpu" : 0.236889,
      "sys_cpu" : 0.466166,
      "ctx" : 809969,
      "majf" : 0,
      "minf" : 191,
      "iodepth_level" : {
        "1" : 100.000000,
        "2" : 0.000000,
        "4" : 0.000000,
        "8" : 0.000000,
        "16" : 0.000000,
        "32" : 0.000000,
        ">=64" : 0.000000
      },
      "iodepth_submit" : {
        "0" : 0.000000,
        "4" : 100.000000,
        "8" : 0.000000,
        "16" : 0.000000,
        "32" : 0.000000,
        "64" : 0.000000,
        ">=64" : 0.000000
      },
      "iodepth_complete" : {
        "0" : 0.000000,
        "4" : 100.000000,
        "8" : 0.000000,
        "16" : 0.000000,
        "32" : 0.000000,
        "64" : 0.000000,
        ">=64" : 0.000000
      },
      "latency_ns" : {
        "2" : 0.000000,
        "4" : 0.000000,
        "10" : 0.000000,
        "20" : 0.000000,
        "50" : 0.000000,
        "100" : 0.000000,
        "250" : 0.000000,
        "500" : 0.000000,
        "750" : 0.000000,
        "1000" : 0.000000
      },
      "latency_us" : {
        "2" : 0.000000,
        "4" : 0.000000,
        "10" : 0.000000,
        "20" : 0.000000,
        "50" : 0.000000,
        "100" : 0.000000,
        "250" : 0.000000,
        "500" : 0.000000,
        "750" : 0.000000,
        "1000" : 8.951139
      },
      "latency_ms" : {
        "2" : 28.741030,
        "4" : 59.136455,
        "10" : 2.967539,
        "20" : 0.171983,
        "50" : 0.022841,
        "100" : 0.010000,
        "250" : 0.010000,
        "500" : 0.000000,
        "750" : 0.000000,
        "1000" : 0.000000,
        "2000" : 0.000000,
        ">=2000" : 0.000000
      },
      "latency_depth" : 1,
      "latency_target" : 0,
      "latency_percentile" : 100.000000,
      "latency_window" : 0
    }
  ],
  "disk_util" : [
    {
      "name" : "nvme0n6",
      "read_ios" : 566600,
      "write_ios" : 243353,
      "read_sectors" : 4534504,
      "write_sectors" : 1946824,
      "read_merges" : 0,
      "write_merges" : 0,
      "read_ticks" : 1475493,
      "write_ticks" : 312974,
      "in_queue" : 1788466,
      "util" : 99.377929
    }
  ]
}
