{
  "fio version" : "fio-3.39-28-gd2a4",
  "timestamp" : 1742263348,
  "timestamp_ms" : 1742263348721,
  "time" : "Mon Mar 17 19:02:28 2025",
  "jobs" : [
    {
      "jobname" : "lat_test_qd_4",
      "groupid" : 0,
      "job_start" : 1742261548608,
      "error" : 0,
      "eta" : 0,
      "elapsed" : 1801,
      "job options" : {
        "name" : "lat_test_qd_4",
        "filename" : "/dev/nvme0n9",
        "ioengine" : "libaio",
        "direct" : "1",
        "size" : "1G",
        "runtime" : "1800",
        "time_based" : "1",
        "bs" : "4k",
        "rw" : "randrw",
        "rwmixread" : "70",
        "numjobs" : "1",
        "group_reporting" : "1",
        "log_avg_msec" : "1000",
        "iodepth" : "4",
        "write_lat_log" : "logs/latency_by_qd_4"
      },
      "read" : {
        "io_bytes" : 12410961920,
        "io_kbytes" : 12120080,
        "bw_bytes" : 6894971,
        "bw" : 6733,
        "iops" : 1683.342574,
        "runtime" : 1800002,
        "total_ios" : 3030020,
        "short_ios" : 0,
        "drop_ios" : 0,
        "slat_ns" : {
          "min" : 1060,
          "max" : 93261,
          "mean" : 2618.642026,
          "stddev" : 2106.387713,
          "N" : 3030020
        },
        "clat_ns" : {
          "min" : 985224,
          "max" : 189480625,
          "mean" : 1885140.054169,
          "stddev" : 1011561.434385,
          "N" : 3030020,
          "percentile" : {
            "1.000000" : 1400832,
            "5.000000" : 1482752,
            "10.000000" : 1515520,
            "20.000000" : 1581056,
            "30.000000" : 1630208,
            "40.000000" : 1679360,
            "50.000000" : 1728512,
            "60.000000" : 1794048,
            "70.000000" : 1875968,
            "80.000000" : 2023424,
            "90.000000" : 2342912,
            "95.000000" : 2703360,
            "99.000000" : 4145152,
            "99.500000" : 5406720,
            "99.900000" : 8978432,
            "99.950000" : 11468800,
            "99.990000" : 34865152
          }
        },
        "lat_ns" : {
          "min" : 986811,
          "max" : 189482426,
          "mean" : 1887758.696195,
          "stddev" : 1011579.366342,
          "N" : 3030020
        },
        "bw_min" : 4424,
        "bw_max" : 7432,
        "bw_agg" : 100.000000,
        "bw_mean" : 6738.187274,
        "bw_dev" : 276.223473,
        "bw_samples" : 3599,
        "iops_min" : 1106,
        "iops_max" : 1858,
        "iops_mean" : 1684.457349,
        "iops_stddev" : 69.048438,
        "iops_samples" : 3599
      },
      "write" : {
        "io_bytes" : 5320142848,
        "io_kbytes" : 5195452,
        "bw_bytes" : 2955631,
        "bw" : 2886,
        "iops" : 721.589754,
        "runtime" : 1800002,
        "total_ios" : 1298863,
        "short_ios" : 0,
        "drop_ios" : 0,
        "slat_ns" : {
          "min" : 1059,
          "max" : 215063,
          "mean" : 2706.631562,
          "stddev" : 2162.038412,
          "N" : 1298863
        },
        "clat_ns" : {
          "min" : 622844,
          "max" : 184605619,
          "mean" : 1133900.694967,
          "stddev" : 1035375.848048,
          "N" : 1298863,
          "percentile" : {
            "1.000000" : 741376,
            "5.000000" : 782336,
            "10.000000" : 806912,
            "20.000000" : 839680,
            "30.000000" : 864256,
            "40.000000" : 897024,
            "50.000000" : 929792,
            "60.000000" : 970752,
            "70.000000" : 1028096,
            "80.000000" : 1155072,
            "90.000000" : 1548288,
            "95.000000" : 2113536,
            "99.000000" : 4423680,
            "99.500000" : 5865472,
            "99.900000" : 10027008,
            "99.950000" : 12386304,
            "99.990000" : 24248320
          }
        },
        "lat_ns" : {
          "min" : 624997,
          "max" : 184607306,
          "mean" : 1136607.326529,
          "stddev" : 1035397.003447,
          "N" : 1298863
        },
        "bw_min" : 1827,
        "bw_max" : 3583,
        "bw_agg" : 100.000000,
        "bw_mean" : 2888.169492,
        "bw_dev" : 182.506059,
        "bw_samples" : 3599,
        "iops_min" : 456,
        "iops_max" : 895,
        "iops_mean" : 721.937205,
        "iops_stddev" : 45.593108,
        "iops_samples" : 3599
      },
      "trim" : {
        "io_bytes" : 0,
        "io_kbytes" : 0,
        "bw_bytes" : 0,
        "bw" : 0,
        "iops" : 0.000000,
        "runtime" : 0,
        "total_ios" : 0,
        "short_ios" : 0,
        "drop_ios" : 0,
        "slat_ns" : {
          "min" : 0,
          "max" : 0,
          "mean" : 0.000000,
          "stddev" : 0.000000,
          "N" : 0
        },
        "clat_ns" : {
          "min" : 0,
          "max" : 0,
          "mean" : 0.000000,
          "stddev" : 0.000000,
          "N" : 0
        },
        "lat_ns" : {
          "min" : 0,
          "max" : 0,
          "mean" : 0.000000,
          "stddev" : 0.000000,
          "N" : 0
        },
        "bw_min" : 0,
        "bw_max" : 0,
        "bw_agg" : 0.000000,
        "bw_mean" : 0.000000,
        "bw_dev" : 0.000000,
        "bw_samples" : 0,
        "iops_min" : 0,
        "iops_max" : 0,
        "iops_mean" : 0.000000,
        "iops_stddev" : 0.000000,
        "iops_samples" : 0
      },
      "sync" : {
        "total_ios" : 0,
        "lat_ns" : {
          "min" : 0,
          "max" : 0,
          "mean" : 0.000000,
          "stddev" : 0.000000,
          "N" : 0
        }
      },
      "job_runtime" : 1800001,
      "usr_cpu" : 0.738222,
      "sys_cpu" : 1.791943,
      "ctx" : 4165756,
      "majf" : 0,
      "minf" : 190,
      "iodepth_level" : {
        "1" : 0.100000,
        "2" : 0.100000,
        "4" : 99.999931,
        "8" : 0.000000,
        "16" : 0.000000,
        "32" : 0.000000,
        ">=64" : 0.000000
      },
      "iodepth_submit" : {
        "0" : 0.000000,
        "4" : 100.000000,
        "8" : 0.000000,
        "16" : 0.000000,
        "32" : 0.000000,
        "64" : 0.000000,
        ">=64" : 0.000000
      },
      "iodepth_complete" : {
        "0" : 0.000000,
        "4" : 100.000000,
        "8" : 0.000000,
        "16" : 0.000000,
        "32" : 0.000000,
        "64" : 0.000000,
        ">=64" : 0.000000
      },
      "latency_ns" : {
        "2" : 0.000000,
        "4" : 0.000000,
        "10" : 0.000000,
        "20" : 0.000000,
        "50" : 0.000000,
        "100" : 0.000000,
        "250" : 0.000000,
        "500" : 0.000000,
        "750" : 0.000000,
        "1000" : 0.000000
      },
      "latency_us" : {
        "2" : 0.000000,
        "4" : 0.000000,
        "10" : 0.000000,
        "20" : 0.000000,
        "50" : 0.000000,
        "100" : 0.000000,
        "250" : 0.000000,
        "500" : 0.000000,
        "750" : 0.418422,
        "1000" : 19.240991
      },
      "latency_ms" : {
        "2" : 63.684696,
        "4" : 15.517606,
        "10" : 1.057732,
        "20" : 0.063919,
        "50" : 0.010000,
        "100" : 0.010000,
        "250" : 0.010000,
        "500" : 0.000000,
        "750" : 0.000000,
        "1000" : 0.000000,
        "2000" : 0.000000,
        ">=2000" : 0.000000
      },
      "latency_depth" : 4,
      "latency_target" : 0,
      "latency_percentile" : 100.000000,
      "latency_window" : 0
    }
  ],
  "disk_util" : [
    {
      "name" : "nvme0n9",
      "read_ios" : 3029808,
      "write_ios" : 1298749,
      "read_sectors" : 24240168,
      "write_sectors" : 10389992,
      "read_merges" : 0,
      "write_merges" : 0,
      "read_ticks" : 5691784,
      "write_ticks" : 1464437,
      "in_queue" : 7156222,
      "util" : 100.000000
    }
  ]
}
