{
  "fio version" : "fio-3.39-28-gd2a4",
  "timestamp" : 1742259747,
  "timestamp_ms" : 1742259747882,
  "time" : "Mon Mar 17 18:02:27 2025",
  "jobs" : [
    {
      "jobname" : "lat_test_qd_1",
      "groupid" : 0,
      "job_start" : 1742257947770,
      "error" : 0,
      "eta" : 0,
      "elapsed" : 1801,
      "job options" : {
        "name" : "lat_test_qd_1",
        "filename" : "/dev/nvme0n9",
        "ioengine" : "libaio",
        "direct" : "1",
        "size" : "1G",
        "runtime" : "1800",
        "time_based" : "1",
        "bs" : "4k",
        "rw" : "randrw",
        "rwmixread" : "70",
        "numjobs" : "1",
        "group_reporting" : "1",
        "log_avg_msec" : "1000",
        "iodepth" : "1",
        "write_lat_log" : "logs/latency_by_qd_1"
      },
      "read" : {
        "io_bytes" : 2564935680,
        "io_kbytes" : 2504820,
        "bw_bytes" : 1424963,
        "bw" : 1391,
        "iops" : 347.891473,
        "runtime" : 1800001,
        "total_ios" : 626205,
        "short_ios" : 0,
        "drop_ios" : 0,
        "slat_ns" : {
          "min" : 1575,
          "max" : 84180,
          "mean" : 2605.502842,
          "stddev" : 2036.172446,
          "N" : 626205
        },
        "clat_ns" : {
          "min" : 977145,
          "max" : 179872178,
          "mean" : 2361009.247623,
          "stddev" : 1085695.215989,
          "N" : 626205,
          "percentile" : {
            "1.000000" : 1499136,
            "5.000000" : 1662976,
            "10.000000" : 1744896,
            "20.000000" : 1892352,
            "30.000000" : 2023424,
            "40.000000" : 2113536,
            "50.000000" : 2211840,
            "60.000000" : 2310144,
            "70.000000" : 2441216,
            "80.000000" : 2605056,
            "90.000000" : 3031040,
            "95.000000" : 3489792,
            "99.000000" : 5210112,
            "99.500000" : 6520832,
            "99.900000" : 10551296,
            "99.950000" : 13565952,
            "99.990000" : 34865152
          }
        },
        "lat_ns" : {
          "min" : 978863,
          "max" : 179873909,
          "mean" : 2363614.750465,
          "stddev" : 1085681.595153,
          "N" : 626205
        },
        "bw_min" : 624,
        "bw_max" : 1688,
        "bw_agg" : 100.000000,
        "bw_mean" : 1392.273131,
        "bw_dev" : 124.053007,
        "bw_samples" : 3599,
        "iops_min" : 156,
        "iops_max" : 422,
        "iops_mean" : 347.910531,
        "iops_stddev" : 30.972092,
        "iops_samples" : 3599
      },
      "write" : {
        "io_bytes" : 1101438976,
        "io_kbytes" : 1075624,
        "bw_bytes" : 611910,
        "bw" : 597,
        "iops" : 149.392139,
        "runtime" : 1800001,
        "total_ios" : 268906,
        "short_ios" : 0,
        "drop_ios" : 0,
        "slat_ns" : {
          "min" : 1585,
          "max" : 74797,
          "mean" : 2655.721590,
          "stddev" : 2026.123829,
          "N" : 268906
        },
        "clat_ns" : {
          "min" : 641731,
          "max" : 184089581,
          "mean" : 1184040.977881,
          "stddev" : 1360594.684515,
          "N" : 268906,
          "percentile" : {
            "1.000000" : 774144,
            "5.000000" : 815104,
            "10.000000" : 839680,
            "20.000000" : 880640,
            "30.000000" : 905216,
            "40.000000" : 937984,
            "50.000000" : 970752,
            "60.000000" : 1011712,
            "70.000000" : 1073152,
            "80.000000" : 1187840,
            "90.000000" : 1581056,
            "95.000000" : 2179072,
            "99.000000" : 4685824,
            "99.500000" : 6324224,
            "99.900000" : 10944512,
            "99.950000" : 13697024,
            "99.990000" : 53215232
          }
        },
        "lat_ns" : {
          "min" : 643431,
          "max" : 184091549,
          "mean" : 1186696.699471,
          "stddev" : 1360609.344412,
          "N" : 268906
        },
        "bw_min" : 264,
        "bw_max" : 928,
        "bw_agg" : 99.904888,
        "bw_mean" : 597.865518,
        "bw_dev" : 85.488728,
        "bw_samples" : 3599,
        "iops_min" : 66,
        "iops_max" : 232,
        "iops_mean" : 149.400945,
        "iops_stddev" : 21.353144,
        "iops_samples" : 3599
      },
      "trim" : {
        "io_bytes" : 0,
        "io_kbytes" : 0,
        "bw_bytes" : 0,
        "bw" : 0,
        "iops" : 0.000000,
        "runtime" : 0,
        "total_ios" : 0,
        "short_ios" : 0,
        "drop_ios" : 0,
        "slat_ns" : {
          "min" : 0,
          "max" : 0,
          "mean" : 0.000000,
          "stddev" : 0.000000,
          "N" : 0
        },
        "clat_ns" : {
          "min" : 0,
          "max" : 0,
          "mean" : 0.000000,
          "stddev" : 0.000000,
          "N" : 0
        },
        "lat_ns" : {
          "min" : 0,
          "max" : 0,
          "mean" : 0.000000,
          "stddev" : 0.000000,
          "N" : 0
        },
        "bw_min" : 0,
        "bw_max" : 0,
        "bw_agg" : 0.000000,
        "bw_mean" : 0.000000,
        "bw_dev" : 0.000000,
        "bw_samples" : 0,
        "iops_min" : 0,
        "iops_max" : 0,
        "iops_mean" : 0.000000,
        "iops_stddev" : 0.000000,
        "iops_samples" : 0
      },
      "sync" : {
        "total_ios" : 0,
        "lat_ns" : {
          "min" : 0,
          "max" : 0,
          "mean" : 0.000000,
          "stddev" : 0.000000,
          "N" : 0
        }
      },
      "job_runtime" : 1800000,
      "usr_cpu" : 0.155222,
      "sys_cpu" : 0.376278,
      "ctx" : 895111,
      "majf" : 0,
      "minf" : 202,
      "iodepth_level" : {
        "1" : 100.000000,
        "2" : 0.000000,
        "4" : 0.000000,
        "8" : 0.000000,
        "16" : 0.000000,
        "32" : 0.000000,
        ">=64" : 0.000000
      },
      "iodepth_submit" : {
        "0" : 0.000000,
        "4" : 100.000000,
        "8" : 0.000000,
        "16" : 0.000000,
        "32" : 0.000000,
        "64" : 0.000000,
        ">=64" : 0.000000
      },
      "iodepth_complete" : {
        "0" : 0.000000,
        "4" : 100.000000,
        "8" : 0.000000,
        "16" : 0.000000,
        "32" : 0.000000,
        "64" : 0.000000,
        ">=64" : 0.000000
      },
      "latency_ns" : {
        "2" : 0.000000,
        "4" : 0.000000,
        "10" : 0.000000,
        "20" : 0.000000,
        "50" : 0.000000,
        "100" : 0.000000,
        "250" : 0.000000,
        "500" : 0.000000,
        "750" : 0.000000,
        "1000" : 0.000000
      },
      "latency_us" : {
        "2" : 0.000000,
        "4" : 0.000000,
        "10" : 0.000000,
        "20" : 0.000000,
        "50" : 0.000000,
        "100" : 0.000000,
        "250" : 0.000000,
        "500" : 0.000000,
        "750" : 0.078203,
        "1000" : 17.312490
      },
      "latency_ms" : {
        "2" : 30.836287,
        "4" : 49.505033,
        "10" : 2.142974,
        "20" : 0.103451,
        "50" : 0.013741,
        "100" : 0.010000,
        "250" : 0.010000,
        "500" : 0.000000,
        "750" : 0.000000,
        "1000" : 0.000000,
        "2000" : 0.000000,
        ">=2000" : 0.000000
      },
      "latency_depth" : 1,
      "latency_target" : 0,
      "latency_percentile" : 100.000000,
      "latency_window" : 0
    }
  ],
  "disk_util" : [
    {
      "name" : "nvme0n9",
      "read_ios" : 626196,
      "write_ios" : 268887,
      "read_sectors" : 5011272,
      "write_sectors" : 2151096,
      "read_merges" : 0,
      "write_merges" : 0,
      "read_ticks" : 1474531,
      "write_ticks" : 316737,
      "in_queue" : 1791269,
      "util" : 99.548646
    }
  ]
}
