{
  "fio version" : "fio-3.39-28-gd2a4",
  "timestamp" : 1742270550,
  "timestamp_ms" : 1742270550413,
  "time" : "Mon Mar 17 21:02:30 2025",
  "jobs" : [
    {
      "jobname" : "lat_test_qd_64",
      "groupid" : 0,
      "job_start" : 1742268750300,
      "error" : 0,
      "eta" : 0,
      "elapsed" : 1801,
      "job options" : {
        "name" : "lat_test_qd_64",
        "filename" : "/dev/nvme0n9",
        "ioengine" : "libaio",
        "direct" : "1",
        "size" : "1G",
        "runtime" : "1800",
        "time_based" : "1",
        "bs" : "4k",
        "rw" : "randrw",
        "rwmixread" : "70",
        "numjobs" : "1",
        "group_reporting" : "1",
        "log_avg_msec" : "1000",
        "iodepth" : "64",
        "write_lat_log" : "logs/latency_by_qd_64"
      },
      "read" : {
        "io_bytes" : 157798977536,
        "io_kbytes" : 154100564,
        "bw_bytes" : 87665855,
        "bw" : 85611,
        "iops" : 21402.796659,
        "runtime" : 1800005,
        "total_ios" : 38525141,
        "short_ios" : 0,
        "drop_ios" : 0,
        "slat_ns" : {
          "min" : 1047,
          "max" : 148401,
          "mean" : 1357.568670,
          "stddev" : 670.139378,
          "N" : 38525141
        },
        "clat_ns" : {
          "min" : 802995,
          "max" : 195224892,
          "mean" : 2314778.451670,
          "stddev" : 3145298.574569,
          "N" : 38525141,
          "percentile" : {
            "1.000000" : 1286144,
            "5.000000" : 1368064,
            "10.000000" : 1417216,
            "20.000000" : 1466368,
            "30.000000" : 1515520,
            "40.000000" : 1564672,
            "50.000000" : 1613824,
            "60.000000" : 1662976,
            "70.000000" : 1761280,
            "80.000000" : 1941504,
            "90.000000" : 2473984,
            "95.000000" : 4046848,
            "99.000000" : 17694720,
            "99.500000" : 23199744,
            "99.900000" : 30015488,
            "99.950000" : 30801920,
            "99.990000" : 44302336
          }
        },
        "lat_ns" : {
          "min" : 804298,
          "max" : 195226120,
          "mean" : 2316136.020340,
          "stddev" : 3145293.904585,
          "N" : 38525141
        },
        "bw_min" : 35110,
        "bw_max" : 103864,
        "bw_agg" : 100.000000,
        "bw_mean" : 85665.839956,
        "bw_dev" : 2489.421890,
        "bw_samples" : 3599,
        "iops_min" : 8777,
        "iops_max" : 25966,
        "iops_mean" : 21416.342317,
        "iops_stddev" : 622.352288,
        "iops_samples" : 3599
      },
      "write" : {
        "io_bytes" : 67638804480,
        "io_kbytes" : 66053520,
        "bw_bytes" : 37577009,
        "bw" : 36696,
        "iops" : 9174.074516,
        "runtime" : 1800005,
        "total_ios" : 16513380,
        "short_ios" : 0,
        "drop_ios" : 0,
        "slat_ns" : {
          "min" : 1027,
          "max" : 115065,
          "mean" : 1377.216178,
          "stddev" : 690.994378,
          "N" : 16513380
        },
        "clat_ns" : {
          "min" : 580706,
          "max" : 277440878,
          "mean" : 1569973.835251,
          "stddev" : 3132026.762451,
          "N" : 16513380,
          "percentile" : {
            "1.000000" : 700416,
            "5.000000" : 733184,
            "10.000000" : 749568,
            "20.000000" : 774144,
            "30.000000" : 798720,
            "40.000000" : 823296,
            "50.000000" : 856064,
            "60.000000" : 888832,
            "70.000000" : 954368,
            "80.000000" : 1089536,
            "90.000000" : 1679360,
            "95.000000" : 3555328,
            "99.000000" : 16908288,
            "99.500000" : 22413312,
            "99.900000" : 28966912,
            "99.950000" : 29753344,
            "99.990000" : 42205184
          }
        },
        "lat_ns" : {
          "min" : 581940,
          "max" : 277442208,
          "mean" : 1571351.051429,
          "stddev" : 3132021.826796,
          "N" : 16513380
        },
        "bw_min" : 15494,
        "bw_max" : 44280,
        "bw_agg" : 100.000000,
        "bw_mean" : 36719.653237,
        "bw_dev" : 1131.557396,
        "bw_samples" : 3599,
        "iops_min" : 3873,
        "iops_max" : 11070,
        "iops_mean" : 9179.822451,
        "iops_stddev" : 282.872869,
        "iops_samples" : 3599
      },
      "trim" : {
        "io_bytes" : 0,
        "io_kbytes" : 0,
        "bw_bytes" : 0,
        "bw" : 0,
        "iops" : 0.000000,
        "runtime" : 0,
        "total_ios" : 0,
        "short_ios" : 0,
        "drop_ios" : 0,
        "slat_ns" : {
          "min" : 0,
          "max" : 0,
          "mean" : 0.000000,
          "stddev" : 0.000000,
          "N" : 0
        },
        "clat_ns" : {
          "min" : 0,
          "max" : 0,
          "mean" : 0.000000,
          "stddev" : 0.000000,
          "N" : 0
        },
        "lat_ns" : {
          "min" : 0,
          "max" : 0,
          "mean" : 0.000000,
          "stddev" : 0.000000,
          "N" : 0
        },
        "bw_min" : 0,
        "bw_max" : 0,
        "bw_agg" : 0.000000,
        "bw_mean" : 0.000000,
        "bw_dev" : 0.000000,
        "bw_samples" : 0,
        "iops_min" : 0,
        "iops_max" : 0,
        "iops_mean" : 0.000000,
        "iops_stddev" : 0.000000,
        "iops_samples" : 0
      },
      "sync" : {
        "total_ios" : 0,
        "lat_ns" : {
          "min" : 0,
          "max" : 0,
          "mean" : 0.000000,
          "stddev" : 0.000000,
          "N" : 0
        }
      },
      "job_runtime" : 1800004,
      "usr_cpu" : 3.717825,
      "sys_cpu" : 10.139533,
      "ctx" : 37125441,
      "majf" : 0,
      "minf" : 192,
      "iodepth_level" : {
        "1" : 0.100000,
        "2" : 0.100000,
        "4" : 0.100000,
        "8" : 0.100000,
        "16" : 0.100000,
        "32" : 0.100000,
        ">=64" : 99.999886
      },
      "iodepth_submit" : {
        "0" : 0.000000,
        "4" : 100.000000,
        "8" : 0.000000,
        "16" : 0.000000,
        "32" : 0.000000,
        "64" : 0.000000,
        ">=64" : 0.000000
      },
      "iodepth_complete" : {
        "0" : 0.000000,
        "4" : 99.999998,
        "8" : 0.000000,
        "16" : 0.000000,
        "32" : 0.000000,
        "64" : 0.100000,
        ">=64" : 0.000000
      },
      "latency_ns" : {
        "2" : 0.000000,
        "4" : 0.000000,
        "10" : 0.000000,
        "20" : 0.000000,
        "50" : 0.000000,
        "100" : 0.000000,
        "250" : 0.000000,
        "500" : 0.000000,
        "750" : 0.000000,
        "1000" : 0.000000
      },
      "latency_us" : {
        "2" : 0.000000,
        "4" : 0.000000,
        "10" : 0.000000,
        "20" : 0.000000,
        "50" : 0.000000,
        "100" : 0.000000,
        "250" : 0.000000,
        "500" : 0.000000,
        "750" : 3.005408,
        "1000" : 19.490271
      },
      "latency_ms" : {
        "2" : 62.270401,
        "4" : 10.290255,
        "10" : 1.332810,
        "20" : 2.890512,
        "50" : 0.712078,
        "100" : 0.010000,
        "250" : 0.010000,
        "500" : 0.010000,
        "750" : 0.000000,
        "1000" : 0.000000,
        "2000" : 0.000000,
        ">=2000" : 0.000000
      },
      "latency_depth" : 64,
      "latency_target" : 0,
      "latency_percentile" : 100.000000,
      "latency_window" : 0
    }
  ],
  "disk_util" : [
    {
      "name" : "nvme0n9",
      "read_ios" : 38522030,
      "write_ios" : 16512017,
      "read_sectors" : 308177944,
      "write_sectors" : 132096136,
      "read_merges" : 0,
      "write_merges" : 0,
      "read_ticks" : 89016751,
      "write_ticks" : 25857692,
      "in_queue" : 114874443,
      "util" : 100.000000
    }
  ]
}
