{
  "fio version" : "fio-3.39-28-gd2a4",
  "timestamp" : 1742261525,
  "timestamp_ms" : 1742261525712,
  "time" : "Mon Mar 17 18:32:05 2025",
  "jobs" : [
    {
      "jobname" : "lat_test_qd_2",
      "groupid" : 0,
      "job_start" : 1742259725580,
      "error" : 0,
      "eta" : 0,
      "elapsed" : 1801,
      "job options" : {
        "name" : "lat_test_qd_2",
        "filename" : "/dev/nvme0n6",
        "ioengine" : "libaio",
        "direct" : "1",
        "size" : "1G",
        "runtime" : "1800",
        "time_based" : "1",
        "bs" : "4k",
        "rw" : "randrw",
        "rwmixread" : "70",
        "numjobs" : "1",
        "group_reporting" : "1",
        "log_avg_msec" : "1000",
        "iodepth" : "2",
        "write_lat_log" : "logs/latency_by_qd_2"
      },
      "read" : {
        "io_bytes" : 5137027072,
        "io_kbytes" : 5016628,
        "bw_bytes" : 2853900,
        "bw" : 2787,
        "iops" : 696.753115,
        "runtime" : 1800002,
        "total_ios" : 1254157,
        "short_ios" : 0,
        "drop_ios" : 0,
        "slat_ns" : {
          "min" : 1091,
          "max" : 109918,
          "mean" : 3482.239315,
          "stddev" : 2464.552381,
          "N" : 1254157
        },
        "clat_ns" : {
          "min" : 1086225,
          "max" : 192573510,
          "mean" : 2306583.334472,
          "stddev" : 1158861.136182,
          "N" : 1254157,
          "percentile" : {
            "1.000000" : 1613824,
            "5.000000" : 1712128,
            "10.000000" : 1777664,
            "20.000000" : 1875968,
            "30.000000" : 1957888,
            "40.000000" : 2039808,
            "50.000000" : 2146304,
            "60.000000" : 2244608,
            "70.000000" : 2375680,
            "80.000000" : 2572288,
            "90.000000" : 2867200,
            "95.000000" : 3260416,
            "99.000000" : 5275648,
            "99.500000" : 6782976,
            "99.900000" : 11468800,
            "99.950000" : 14876672,
            "99.990000" : 37486592
          }
        },
        "lat_ns" : {
          "min" : 1091729,
          "max" : 192575514,
          "mean" : 2310065.573787,
          "stddev" : 1158875.804451,
          "N" : 1254157
        },
        "bw_min" : 1672,
        "bw_max" : 3328,
        "bw_agg" : 100.000000,
        "bw_mean" : 2788.753543,
        "bw_dev" : 169.995344,
        "bw_samples" : 3599,
        "iops_min" : 418,
        "iops_max" : 832,
        "iops_mean" : 697.106974,
        "iops_stddev" : 42.482785,
        "iops_samples" : 3599
      },
      "write" : {
        "io_bytes" : 2201956352,
        "io_kbytes" : 2150348,
        "bw_bytes" : 1223307,
        "bw" : 1194,
        "iops" : 298.659113,
        "runtime" : 1800002,
        "total_ios" : 537587,
        "short_ios" : 0,
        "drop_ios" : 0,
        "slat_ns" : {
          "min" : 1170,
          "max" : 108043,
          "mean" : 3653.471981,
          "stddev" : 2544.639832,
          "N" : 537587
        },
        "clat_ns" : {
          "min" : 697600,
          "max" : 163976343,
          "mean" : 1299564.460312,
          "stddev" : 1162063.904705,
          "N" : 537587,
          "percentile" : {
            "1.000000" : 847872,
            "5.000000" : 888832,
            "10.000000" : 921600,
            "20.000000" : 962560,
            "30.000000" : 995328,
            "40.000000" : 1028096,
            "50.000000" : 1073152,
            "60.000000" : 1105920,
            "70.000000" : 1187840,
            "80.000000" : 1318912,
            "90.000000" : 1712128,
            "95.000000" : 2375680,
            "99.000000" : 5406720,
            "99.500000" : 7176192,
            "99.900000" : 11599872,
            "99.950000" : 13959168,
            "99.990000" : 32636928
          }
        },
        "lat_ns" : {
          "min" : 703159,
          "max" : 163978130,
          "mean" : 1303217.932294,
          "stddev" : 1162088.858132,
          "N" : 537587
        },
        "bw_min" : 744,
        "bw_max" : 1608,
        "bw_agg" : 100.000000,
        "bw_mean" : 1195.301750,
        "bw_dev" : 119.130932,
        "bw_samples" : 3599,
        "iops_min" : 186,
        "iops_max" : 402,
        "iops_mean" : 298.676299,
        "iops_stddev" : 29.775097,
        "iops_samples" : 3599
      },
      "trim" : {
        "io_bytes" : 0,
        "io_kbytes" : 0,
        "bw_bytes" : 0,
        "bw" : 0,
        "iops" : 0.000000,
        "runtime" : 0,
        "total_ios" : 0,
        "short_ios" : 0,
        "drop_ios" : 0,
        "slat_ns" : {
          "min" : 0,
          "max" : 0,
          "mean" : 0.000000,
          "stddev" : 0.000000,
          "N" : 0
        },
        "clat_ns" : {
          "min" : 0,
          "max" : 0,
          "mean" : 0.000000,
          "stddev" : 0.000000,
          "N" : 0
        },
        "lat_ns" : {
          "min" : 0,
          "max" : 0,
          "mean" : 0.000000,
          "stddev" : 0.000000,
          "N" : 0
        },
        "bw_min" : 0,
        "bw_max" : 0,
        "bw_agg" : 0.000000,
        "bw_mean" : 0.000000,
        "bw_dev" : 0.000000,
        "bw_samples" : 0,
        "iops_min" : 0,
        "iops_max" : 0,
        "iops_mean" : 0.000000,
        "iops_stddev" : 0.000000,
        "iops_samples" : 0
      },
      "sync" : {
        "total_ios" : 0,
        "lat_ns" : {
          "min" : 0,
          "max" : 0,
          "mean" : 0.000000,
          "stddev" : 0.000000,
          "N" : 0
        }
      },
      "job_runtime" : 1800001,
      "usr_cpu" : 0.460222,
      "sys_cpu" : 0.977777,
      "ctx" : 1766879,
      "majf" : 0,
      "minf" : 239,
      "iodepth_level" : {
        "1" : 0.100000,
        "2" : 99.999944,
        "4" : 0.000000,
        "8" : 0.000000,
        "16" : 0.000000,
        "32" : 0.000000,
        ">=64" : 0.000000
      },
      "iodepth_submit" : {
        "0" : 0.000000,
        "4" : 100.000000,
        "8" : 0.000000,
        "16" : 0.000000,
        "32" : 0.000000,
        "64" : 0.000000,
        ">=64" : 0.000000
      },
      "iodepth_complete" : {
        "0" : 0.000000,
        "4" : 100.000000,
        "8" : 0.000000,
        "16" : 0.000000,
        "32" : 0.000000,
        "64" : 0.000000,
        ">=64" : 0.000000
      },
      "latency_ns" : {
        "2" : 0.000000,
        "4" : 0.000000,
        "10" : 0.000000,
        "20" : 0.000000,
        "50" : 0.000000,
        "100" : 0.000000,
        "250" : 0.000000,
        "500" : 0.000000,
        "750" : 0.000000,
        "1000" : 0.000000
      },
      "latency_us" : {
        "2" : 0.000000,
        "4" : 0.000000,
        "10" : 0.000000,
        "20" : 0.000000,
        "50" : 0.000000,
        "100" : 0.000000,
        "250" : 0.000000,
        "500" : 0.000000,
        "750" : 0.010000,
        "1000" : 9.545225
      },
      "latency_ms" : {
        "2" : 43.508838,
        "4" : 44.845357,
        "10" : 1.939674,
        "20" : 0.136124,
        "50" : 0.018250,
        "100" : 0.010000,
        "250" : 0.010000,
        "500" : 0.000000,
        "750" : 0.000000,
        "1000" : 0.000000,
        "2000" : 0.000000,
        ">=2000" : 0.000000
      },
      "latency_depth" : 2,
      "latency_target" : 0,
      "latency_percentile" : 100.000000,
      "latency_window" : 0
    }
  ],
  "disk_util" : [
    {
      "name" : "nvme0n6",
      "read_ios" : 1254113,
      "write_ios" : 537550,
      "read_sectors" : 10034608,
      "write_sectors" : 4300400,
      "read_merges" : 0,
      "write_merges" : 0,
      "read_ticks" : 2881942,
      "write_ticks" : 694059,
      "in_queue" : 3576001,
      "util" : 100.000000
    }
  ]
}
