{
  "fio version" : "fio-3.39-28-gd2a4",
  "timestamp" : 1742265126,
  "timestamp_ms" : 1742265126553,
  "time" : "Mon Mar 17 19:32:06 2025",
  "jobs" : [
    {
      "jobname" : "lat_test_qd_8",
      "groupid" : 0,
      "job_start" : 1742263326422,
      "error" : 0,
      "eta" : 0,
      "elapsed" : 1801,
      "job options" : {
        "name" : "lat_test_qd_8",
        "filename" : "/dev/nvme0n6",
        "ioengine" : "libaio",
        "direct" : "1",
        "size" : "1G",
        "runtime" : "1800",
        "time_based" : "1",
        "bs" : "4k",
        "rw" : "randrw",
        "rwmixread" : "70",
        "numjobs" : "1",
        "group_reporting" : "1",
        "log_avg_msec" : "1000",
        "iodepth" : "8",
        "write_lat_log" : "logs/latency_by_qd_8"
      },
      "read" : {
        "io_bytes" : 23132590080,
        "io_kbytes" : 22590420,
        "bw_bytes" : 12851289,
        "bw" : 12550,
        "iops" : 3137.521729,
        "runtime" : 1800021,
        "total_ios" : 5647605,
        "short_ios" : 0,
        "drop_ios" : 0,
        "slat_ns" : {
          "min" : 1044,
          "max" : 85804,
          "mean" : 1820.474746,
          "stddev" : 1523.044062,
          "N" : 5647605
        },
        "clat_ns" : {
          "min" : 1112337,
          "max" : 188543597,
          "mean" : 2028910.341249,
          "stddev" : 1136770.327576,
          "N" : 5647605,
          "percentile" : {
            "1.000000" : 1499136,
            "5.000000" : 1597440,
            "10.000000" : 1646592,
            "20.000000" : 1712128,
            "30.000000" : 1777664,
            "40.000000" : 1826816,
            "50.000000" : 1892352,
            "60.000000" : 1957888,
            "70.000000" : 2039808,
            "80.000000" : 2146304,
            "90.000000" : 2408448,
            "95.000000" : 2736128,
            "99.000000" : 4620288,
            "99.500000" : 6127616,
            "99.900000" : 10682368,
            "99.950000" : 13697024,
            "99.990000" : 36438016
          }
        },
        "lat_ns" : {
          "min" : 1113634,
          "max" : 188544864,
          "mean" : 2030730.815996,
          "stddev" : 1136787.373568,
          "N" : 5647605
        },
        "bw_min" : 7014,
        "bw_max" : 14008,
        "bw_agg" : 100.000000,
        "bw_mean" : 12556.869964,
        "bw_dev" : 667.280357,
        "bw_samples" : 3599,
        "iops_min" : 1753,
        "iops_max" : 3502,
        "iops_mean" : 3139.147263,
        "iops_stddev" : 166.802130,
        "iops_samples" : 3599
      },
      "write" : {
        "io_bytes" : 9915527168,
        "io_kbytes" : 9683132,
        "bw_bytes" : 5508561,
        "bw" : 5379,
        "iops" : 1344.863754,
        "runtime" : 1800021,
        "total_ios" : 2420783,
        "short_ios" : 0,
        "drop_ios" : 0,
        "slat_ns" : {
          "min" : 1036,
          "max" : 98840,
          "mean" : 1871.942636,
          "stddev" : 1553.539939,
          "N" : 2420783
        },
        "clat_ns" : {
          "min" : 671599,
          "max" : 193966962,
          "mean" : 1207118.142047,
          "stddev" : 1180405.606744,
          "N" : 2420783,
          "percentile" : {
            "1.000000" : 782336,
            "5.000000" : 823296,
            "10.000000" : 856064,
            "20.000000" : 888832,
            "30.000000" : 921600,
            "40.000000" : 954368,
            "50.000000" : 995328,
            "60.000000" : 1044480,
            "70.000000" : 1105920,
            "80.000000" : 1236992,
            "90.000000" : 1597440,
            "95.000000" : 2179072,
            "99.000000" : 4816896,
            "99.500000" : 6455296,
            "99.900000" : 10682368,
            "99.950000" : 13041664,
            "99.990000" : 29491200
          }
        },
        "lat_ns" : {
          "min" : 672876,
          "max" : 193968893,
          "mean" : 1208990.084684,
          "stddev" : 1180420.568625,
          "N" : 2420783
        },
        "bw_min" : 2765,
        "bw_max" : 6448,
        "bw_agg" : 100.000000,
        "bw_mean" : 5382.357044,
        "bw_dev" : 344.236662,
        "bw_samples" : 3599,
        "iops_min" : 691,
        "iops_max" : 1612,
        "iops_mean" : 1345.467352,
        "iops_stddev" : 86.028228,
        "iops_samples" : 3599
      },
      "trim" : {
        "io_bytes" : 0,
        "io_kbytes" : 0,
        "bw_bytes" : 0,
        "bw" : 0,
        "iops" : 0.000000,
        "runtime" : 0,
        "total_ios" : 0,
        "short_ios" : 0,
        "drop_ios" : 0,
        "slat_ns" : {
          "min" : 0,
          "max" : 0,
          "mean" : 0.000000,
          "stddev" : 0.000000,
          "N" : 0
        },
        "clat_ns" : {
          "min" : 0,
          "max" : 0,
          "mean" : 0.000000,
          "stddev" : 0.000000,
          "N" : 0
        },
        "lat_ns" : {
          "min" : 0,
          "max" : 0,
          "mean" : 0.000000,
          "stddev" : 0.000000,
          "N" : 0
        },
        "bw_min" : 0,
        "bw_max" : 0,
        "bw_agg" : 0.000000,
        "bw_mean" : 0.000000,
        "bw_dev" : 0.000000,
        "bw_samples" : 0,
        "iops_min" : 0,
        "iops_max" : 0,
        "iops_mean" : 0.000000,
        "iops_stddev" : 0.000000,
        "iops_samples" : 0
      },
      "sync" : {
        "total_ios" : 0,
        "lat_ns" : {
          "min" : 0,
          "max" : 0,
          "mean" : 0.000000,
          "stddev" : 0.000000,
          "N" : 0
        }
      },
      "job_runtime" : 1800020,
      "usr_cpu" : 0.852768,
      "sys_cpu" : 2.380474,
      "ctx" : 7629761,
      "majf" : 0,
      "minf" : 210,
      "iodepth_level" : {
        "1" : 0.100000,
        "2" : 0.100000,
        "4" : 0.100000,
        "8" : 99.999913,
        "16" : 0.000000,
        "32" : 0.000000,
        ">=64" : 0.000000
      },
      "iodepth_submit" : {
        "0" : 0.000000,
        "4" : 100.000000,
        "8" : 0.000000,
        "16" : 0.000000,
        "32" : 0.000000,
        "64" : 0.000000,
        ">=64" : 0.000000
      },
      "iodepth_complete" : {
        "0" : 0.000000,
        "4" : 99.999988,
        "8" : 0.100000,
        "16" : 0.000000,
        "32" : 0.000000,
        "64" : 0.000000,
        ">=64" : 0.000000
      },
      "latency_ns" : {
        "2" : 0.000000,
        "4" : 0.000000,
        "10" : 0.000000,
        "20" : 0.000000,
        "50" : 0.000000,
        "100" : 0.000000,
        "250" : 0.000000,
        "500" : 0.000000,
        "750" : 0.000000,
        "1000" : 0.000000
      },
      "latency_us" : {
        "2" : 0.000000,
        "4" : 0.000000,
        "10" : 0.000000,
        "20" : 0.000000,
        "50" : 0.000000,
        "100" : 0.000000,
        "250" : 0.000000,
        "500" : 0.000000,
        "750" : 0.050022,
        "1000" : 15.307134
      },
      "latency_ms" : {
        "2" : 59.193670,
        "4" : 23.991806,
        "10" : 1.334356,
        "20" : 0.103180,
        "50" : 0.013435,
        "100" : 0.010000,
        "250" : 0.010000,
        "500" : 0.000000,
        "750" : 0.000000,
        "1000" : 0.000000,
        "2000" : 0.000000,
        ">=2000" : 0.000000
      },
      "latency_depth" : 8,
      "latency_target" : 0,
      "latency_percentile" : 100.000000,
      "latency_window" : 0
    }
  ],
  "disk_util" : [
    {
      "name" : "nvme0n6",
      "read_ios" : 5647326,
      "write_ios" : 2420658,
      "read_sectors" : 45180312,
      "write_sectors" : 19365264,
      "read_merges" : 0,
      "write_merges" : 0,
      "read_ticks" : 11431497,
      "write_ticks" : 2911212,
      "in_queue" : 14342709,
      "util" : 100.000000
    }
  ]
}
