{
  "fio version" : "fio-3.39-28-gd2a4",
  "timestamp" : 1742266926,
  "timestamp_ms" : 1742266926975,
  "time" : "Mon Mar 17 20:02:06 2025",
  "jobs" : [
    {
      "jobname" : "lat_test_qd_16",
      "groupid" : 0,
      "job_start" : 1742265126843,
      "error" : 0,
      "eta" : 0,
      "elapsed" : 1801,
      "job options" : {
        "name" : "lat_test_qd_16",
        "filename" : "/dev/nvme0n6",
        "ioengine" : "libaio",
        "direct" : "1",
        "size" : "1G",
        "runtime" : "1800",
        "time_based" : "1",
        "bs" : "4k",
        "rw" : "randrw",
        "rwmixread" : "70",
        "numjobs" : "1",
        "group_reporting" : "1",
        "log_avg_msec" : "1000",
        "iodepth" : "16",
        "write_lat_log" : "logs/latency_by_qd_16"
      },
      "read" : {
        "io_bytes" : 47912443904,
        "io_kbytes" : 46789496,
        "bw_bytes" : 26617980,
        "bw" : 25994,
        "iops" : 6498.530280,
        "runtime" : 1800003,
        "total_ios" : 11697374,
        "short_ios" : 0,
        "drop_ios" : 0,
        "slat_ns" : {
          "min" : 1036,
          "max" : 66431,
          "mean" : 1354.012251,
          "stddev" : 571.965572,
          "N" : 11697374
        },
        "clat_ns" : {
          "min" : 993880,
          "max" : 188896095,
          "mean" : 1960793.783841,
          "stddev" : 994768.347555,
          "N" : 11697374,
          "percentile" : {
            "1.000000" : 1466368,
            "5.000000" : 1548288,
            "10.000000" : 1597440,
            "20.000000" : 1662976,
            "30.000000" : 1712128,
            "40.000000" : 1777664,
            "50.000000" : 1826816,
            "60.000000" : 1892352,
            "70.000000" : 1974272,
            "80.000000" : 2088960,
            "90.000000" : 2342912,
            "95.000000" : 2637824,
            "99.000000" : 4177920,
            "99.500000" : 5406720,
            "99.900000" : 9371648,
            "99.950000" : 12124160,
            "99.990000" : 33816576
          }
        },
        "lat_ns" : {
          "min" : 995142,
          "max" : 188897364,
          "mean" : 1962147.796092,
          "stddev" : 994774.477833,
          "N" : 11697374
        },
        "bw_min" : 6192,
        "bw_max" : 29016,
        "bw_agg" : 100.000000,
        "bw_mean" : 26007.786330,
        "bw_dev" : 1226.269711,
        "bw_samples" : 3599,
        "iops_min" : 1548,
        "iops_max" : 7254,
        "iops_mean" : 6501.868575,
        "iops_stddev" : 306.569224,
        "iops_samples" : 3599
      },
      "write" : {
        "io_bytes" : 20532494336,
        "io_kbytes" : 20051264,
        "bw_bytes" : 11406922,
        "bw" : 11139,
        "iops" : 2784.893136,
        "runtime" : 1800003,
        "total_ios" : 5012816,
        "short_ios" : 0,
        "drop_ios" : 0,
        "slat_ns" : {
          "min" : 1014,
          "max" : 93627,
          "mean" : 1374.965933,
          "stddev" : 584.600020,
          "N" : 5012816
        },
        "clat_ns" : {
          "min" : 641733,
          "max" : 189114186,
          "mean" : 1163826.288665,
          "stddev" : 1167137.705135,
          "N" : 5012816,
          "percentile" : {
            "1.000000" : 749568,
            "5.000000" : 790528,
            "10.000000" : 815104,
            "20.000000" : 856064,
            "30.000000" : 880640,
            "40.000000" : 921600,
            "50.000000" : 954368,
            "60.000000" : 1003520,
            "70.000000" : 1073152,
            "80.000000" : 1187840,
            "90.000000" : 1548288,
            "95.000000" : 2179072,
            "99.000000" : 4620288,
            "99.500000" : 6258688,
            "99.900000" : 10551296,
            "99.950000" : 13303808,
            "99.990000" : 35913728
          }
        },
        "lat_ns" : {
          "min" : 643016,
          "max" : 189115434,
          "mean" : 1165201.254598,
          "stddev" : 1167144.234220,
          "N" : 5012816
        },
        "bw_min" : 2792,
        "bw_max" : 12680,
        "bw_agg" : 100.000000,
        "bw_mean" : 11145.253959,
        "bw_dev" : 600.796419,
        "bw_samples" : 3599,
        "iops_min" : 698,
        "iops_max" : 3170,
        "iops_mean" : 2786.217283,
        "iops_stddev" : 150.177764,
        "iops_samples" : 3599
      },
      "trim" : {
        "io_bytes" : 0,
        "io_kbytes" : 0,
        "bw_bytes" : 0,
        "bw" : 0,
        "iops" : 0.000000,
        "runtime" : 0,
        "total_ios" : 0,
        "short_ios" : 0,
        "drop_ios" : 0,
        "slat_ns" : {
          "min" : 0,
          "max" : 0,
          "mean" : 0.000000,
          "stddev" : 0.000000,
          "N" : 0
        },
        "clat_ns" : {
          "min" : 0,
          "max" : 0,
          "mean" : 0.000000,
          "stddev" : 0.000000,
          "N" : 0
        },
        "lat_ns" : {
          "min" : 0,
          "max" : 0,
          "mean" : 0.000000,
          "stddev" : 0.000000,
          "N" : 0
        },
        "bw_min" : 0,
        "bw_max" : 0,
        "bw_agg" : 0.000000,
        "bw_mean" : 0.000000,
        "bw_dev" : 0.000000,
        "bw_samples" : 0,
        "iops_min" : 0,
        "iops_max" : 0,
        "iops_mean" : 0.000000,
        "iops_stddev" : 0.000000,
        "iops_samples" : 0
      },
      "sync" : {
        "total_ios" : 0,
        "lat_ns" : {
          "min" : 0,
          "max" : 0,
          "mean" : 0.000000,
          "stddev" : 0.000000,
          "N" : 0
        }
      },
      "job_runtime" : 1800002,
      "usr_cpu" : 1.205388,
      "sys_cpu" : 3.646107,
      "ctx" : 15269630,
      "majf" : 0,
      "minf" : 211,
      "iodepth_level" : {
        "1" : 0.100000,
        "2" : 0.100000,
        "4" : 0.100000,
        "8" : 0.100000,
        "16" : 99.999910,
        "32" : 0.000000,
        ">=64" : 0.000000
      },
      "iodepth_submit" : {
        "0" : 0.000000,
        "4" : 100.000000,
        "8" : 0.000000,
        "16" : 0.000000,
        "32" : 0.000000,
        "64" : 0.000000,
        ">=64" : 0.000000
      },
      "iodepth_complete" : {
        "0" : 0.000000,
        "4" : 99.999994,
        "8" : 0.000000,
        "16" : 0.100000,
        "32" : 0.000000,
        "64" : 0.000000,
        ">=64" : 0.000000
      },
      "latency_ns" : {
        "2" : 0.000000,
        "4" : 0.000000,
        "10" : 0.000000,
        "20" : 0.000000,
        "50" : 0.000000,
        "100" : 0.000000,
        "250" : 0.000000,
        "500" : 0.000000,
        "750" : 0.000000,
        "1000" : 0.000000
      },
      "latency_us" : {
        "2" : 0.000000,
        "4" : 0.000000,
        "10" : 0.000000,
        "20" : 0.000000,
        "50" : 0.000000,
        "100" : 0.000000,
        "250" : 0.000000,
        "500" : 0.000000,
        "750" : 0.300278,
        "1000" : 17.529998
      },
      "latency_ms" : {
        "2" : 61.003657,
        "4" : 19.973202,
        "10" : 1.098575,
        "20" : 0.073452,
        "50" : 0.014165,
        "100" : 0.010000,
        "250" : 0.010000,
        "500" : 0.000000,
        "750" : 0.000000,
        "1000" : 0.000000,
        "2000" : 0.000000,
        ">=2000" : 0.000000
      },
      "latency_depth" : 16,
      "latency_target" : 0,
      "latency_percentile" : 100.000000,
      "latency_window" : 0
    }
  ],
  "disk_util" : [
    {
      "name" : "nvme0n6",
      "read_ios" : 11696662,
      "write_ios" : 5012479,
      "read_sectors" : 93575000,
      "write_sectors" : 40099832,
      "read_merges" : 0,
      "write_merges" : 0,
      "read_ticks" : 22895093,
      "write_ticks" : 5817205,
      "in_queue" : 28712298,
      "util" : 100.000000
    }
  ]
}
