{
  "fio version" : "fio-3.39-28-gd2a4",
  "timestamp" : 1742270527,
  "timestamp_ms" : 1742270527823,
  "time" : "Mon Mar 17 21:02:07 2025",
  "jobs" : [
    {
      "jobname" : "lat_test_qd_64",
      "groupid" : 0,
      "job_start" : 1742268727692,
      "error" : 0,
      "eta" : 0,
      "elapsed" : 1801,
      "job options" : {
        "name" : "lat_test_qd_64",
        "filename" : "/dev/nvme0n6",
        "ioengine" : "libaio",
        "direct" : "1",
        "size" : "1G",
        "runtime" : "1800",
        "time_based" : "1",
        "bs" : "4k",
        "rw" : "randrw",
        "rwmixread" : "70",
        "numjobs" : "1",
        "group_reporting" : "1",
        "log_avg_msec" : "1000",
        "iodepth" : "64",
        "write_lat_log" : "logs/latency_by_qd_64"
      },
      "read" : {
        "io_bytes" : 157396959232,
        "io_kbytes" : 153707968,
        "bw_bytes" : 87442415,
        "bw" : 85392,
        "iops" : 21348.245868,
        "runtime" : 1800007,
        "total_ios" : 38426992,
        "short_ios" : 0,
        "drop_ios" : 0,
        "slat_ns" : {
          "min" : 1036,
          "max" : 105039,
          "mean" : 1317.229282,
          "stddev" : 603.046606,
          "N" : 38426992
        },
        "clat_ns" : {
          "min" : 928201,
          "max" : 978135711,
          "mean" : 2352934.304559,
          "stddev" : 3000703.319336,
          "N" : 38426992,
          "percentile" : {
            "1.000000" : 1449984,
            "5.000000" : 1531904,
            "10.000000" : 1597440,
            "20.000000" : 1662976,
            "30.000000" : 1728512,
            "40.000000" : 1777664,
            "50.000000" : 1843200,
            "60.000000" : 1925120,
            "70.000000" : 2023424,
            "80.000000" : 2179072,
            "90.000000" : 2605056,
            "95.000000" : 4145152,
            "99.000000" : 13434880,
            "99.500000" : 18743296,
            "99.900000" : 25821184,
            "99.950000" : 27131904,
            "99.990000" : 50069504
          }
        },
        "lat_ns" : {
          "min" : 929445,
          "max" : 978136947,
          "mean" : 2354251.533841,
          "stddev" : 3000705.192045,
          "N" : 38426992
        },
        "bw_min" : 2701,
        "bw_max" : 99847,
        "bw_agg" : 100.000000,
        "bw_mean" : 85466.920233,
        "bw_dev" : 4068.332036,
        "bw_samples" : 3598,
        "iops_min" : 675,
        "iops_max" : 24961,
        "iops_mean" : 21366.639522,
        "iops_stddev" : 1017.078934,
        "iops_samples" : 3598
      },
      "write" : {
        "io_bytes" : 67468361728,
        "io_kbytes" : 65887072,
        "bw_bytes" : 37482277,
        "bw" : 36603,
        "iops" : 9150.946635,
        "runtime" : 1800007,
        "total_ios" : 16471768,
        "short_ios" : 0,
        "drop_ios" : 0,
        "slat_ns" : {
          "min" : 1015,
          "max" : 116051,
          "mean" : 1331.840494,
          "stddev" : 620.623351,
          "N" : 16471768
        },
        "clat_ns" : {
          "min" : 597918,
          "max" : 2047474767,
          "mean" : 1498934.207170,
          "stddev" : 3806965.208681,
          "N" : 16471768,
          "percentile" : {
            "1.000000" : 733184,
            "5.000000" : 782336,
            "10.000000" : 806912,
            "20.000000" : 847872,
            "30.000000" : 880640,
            "40.000000" : 913408,
            "50.000000" : 954368,
            "60.000000" : 1003520,
            "70.000000" : 1073152,
            "80.000000" : 1220608,
            "90.000000" : 1810432,
            "95.000000" : 3522560,
            "99.000000" : 12648448,
            "99.500000" : 17956864,
            "99.900000" : 25034752,
            "99.950000" : 26083328,
            "99.990000" : 47972352
          }
        },
        "lat_ns" : {
          "min" : 599210,
          "max" : 2047475917,
          "mean" : 1500266.047664,
          "stddev" : 3806967.309644,
          "N" : 16471768
        },
        "bw_min" : 1098,
        "bw_max" : 42728,
        "bw_agg" : 100.000000,
        "bw_mean" : 36635.282379,
        "bw_dev" : 1809.075911,
        "bw_samples" : 3598,
        "iops_min" : 274,
        "iops_max" : 10682,
        "iops_mean" : 9158.730962,
        "iops_stddev" : 452.260870,
        "iops_samples" : 3598
      },
      "trim" : {
        "io_bytes" : 0,
        "io_kbytes" : 0,
        "bw_bytes" : 0,
        "bw" : 0,
        "iops" : 0.000000,
        "runtime" : 0,
        "total_ios" : 0,
        "short_ios" : 0,
        "drop_ios" : 0,
        "slat_ns" : {
          "min" : 0,
          "max" : 0,
          "mean" : 0.000000,
          "stddev" : 0.000000,
          "N" : 0
        },
        "clat_ns" : {
          "min" : 0,
          "max" : 0,
          "mean" : 0.000000,
          "stddev" : 0.000000,
          "N" : 0
        },
        "lat_ns" : {
          "min" : 0,
          "max" : 0,
          "mean" : 0.000000,
          "stddev" : 0.000000,
          "N" : 0
        },
        "bw_min" : 0,
        "bw_max" : 0,
        "bw_agg" : 0.000000,
        "bw_mean" : 0.000000,
        "bw_dev" : 0.000000,
        "bw_samples" : 0,
        "iops_min" : 0,
        "iops_max" : 0,
        "iops_mean" : 0.000000,
        "iops_stddev" : 0.000000,
        "iops_samples" : 0
      },
      "sync" : {
        "total_ios" : 0,
        "lat_ns" : {
          "min" : 0,
          "max" : 0,
          "mean" : 0.000000,
          "stddev" : 0.000000,
          "N" : 0
        }
      },
      "job_runtime" : 1800006,
      "usr_cpu" : 3.613821,
      "sys_cpu" : 10.377410,
      "ctx" : 38913370,
      "majf" : 0,
      "minf" : 193,
      "iodepth_level" : {
        "1" : 0.100000,
        "2" : 0.100000,
        "4" : 0.100000,
        "8" : 0.100000,
        "16" : 0.100000,
        "32" : 0.100000,
        ">=64" : 99.999885
      },
      "iodepth_submit" : {
        "0" : 0.000000,
        "4" : 100.000000,
        "8" : 0.000000,
        "16" : 0.000000,
        "32" : 0.000000,
        "64" : 0.000000,
        ">=64" : 0.000000
      },
      "iodepth_complete" : {
        "0" : 0.000000,
        "4" : 99.999998,
        "8" : 0.000000,
        "16" : 0.000000,
        "32" : 0.000000,
        "64" : 0.100000,
        ">=64" : 0.000000
      },
      "latency_ns" : {
        "2" : 0.000000,
        "4" : 0.000000,
        "10" : 0.000000,
        "20" : 0.000000,
        "50" : 0.000000,
        "100" : 0.000000,
        "250" : 0.000000,
        "500" : 0.000000,
        "750" : 0.000000,
        "1000" : 0.000000
      },
      "latency_us" : {
        "2" : 0.000000,
        "4" : 0.000000,
        "10" : 0.000000,
        "20" : 0.000000,
        "50" : 0.000000,
        "100" : 0.000000,
        "250" : 0.000000,
        "500" : 0.000000,
        "750" : 0.510853,
        "1000" : 17.139935
      },
      "latency_ms" : {
        "2" : 57.700354,
        "4" : 19.650615,
        "10" : 3.091498,
        "20" : 1.480099,
        "50" : 0.416769,
        "100" : 0.010000,
        "250" : 0.010000,
        "500" : 0.010000,
        "750" : 0.010000,
        "1000" : 0.010000,
        "2000" : 0.010000,
        ">=2000" : 0.010000
      },
      "latency_depth" : 64,
      "latency_target" : 0,
      "latency_percentile" : 100.000000,
      "latency_window" : 0
    }
  ],
  "disk_util" : [
    {
      "name" : "nvme0n6",
      "read_ios" : 38424296,
      "write_ios" : 16470579,
      "read_sectors" : 307396072,
      "write_sectors" : 131764632,
      "read_merges" : 0,
      "write_merges" : 0,
      "read_ticks" : 90260723,
      "write_ticks" : 24626516,
      "in_queue" : 114887239,
      "util" : 100.000000
    }
  ]
}
