{
  "fio version" : "fio-3.39-28-gd2a4",
  "timestamp" : 1742319868,
  "timestamp_ms" : 1742319868095,
  "time" : "Tue Mar 18 10:44:28 2025",
  "jobs" : [
    {
      "jobname" : "lat_test_qd_64",
      "groupid" : 0,
      "job_start" : 1742318067983,
      "error" : 0,
      "eta" : 0,
      "elapsed" : 1801,
      "job options" : {
        "name" : "lat_test_qd_64",
        "filename" : "/dev/nvme0n9",
        "ioengine" : "libaio",
        "direct" : "1",
        "size" : "1G",
        "runtime" : "1800",
        "time_based" : "1",
        "bs" : "4k",
        "rw" : "randrw",
        "rwmixread" : "70",
        "numjobs" : "1",
        "group_reporting" : "1",
        "log_avg_msec" : "1000",
        "iodepth" : "64",
        "write_lat_log" : "logs/nvme0n9-qd-64"
      },
      "read" : {
        "io_bytes" : 157677957120,
        "io_kbytes" : 153982380,
        "bw_bytes" : 87598183,
        "bw" : 85545,
        "iops" : 21386.275329,
        "runtime" : 1800014,
        "total_ios" : 38495595,
        "short_ios" : 0,
        "drop_ios" : 0,
        "slat_ns" : {
          "min" : 1040,
          "max" : 124701,
          "mean" : 1343.731240,
          "stddev" : 624.826386,
          "N" : 38495595
        },
        "clat_ns" : {
          "min" : 807623,
          "max" : 979315304,
          "mean" : 2335605.103819,
          "stddev" : 3109609.547774,
          "N" : 38495595,
          "percentile" : {
            "1.000000" : 1302528,
            "5.000000" : 1400832,
            "10.000000" : 1449984,
            "20.000000" : 1499136,
            "30.000000" : 1564672,
            "40.000000" : 1613824,
            "50.000000" : 1679360,
            "60.000000" : 1761280,
            "70.000000" : 1892352,
            "80.000000" : 2146304,
            "90.000000" : 2736128,
            "95.000000" : 4358144,
            "99.000000" : 15925248,
            "99.500000" : 21626880,
            "99.900000" : 28442624,
            "99.950000" : 29491200,
            "99.990000" : 58458112
          }
        },
        "lat_ns" : {
          "min" : 808899,
          "max" : 979316397,
          "mean" : 2336948.835058,
          "stddev" : 3109606.888002,
          "N" : 38495595
        },
        "bw_min" : 184,
        "bw_max" : 101112,
        "bw_agg" : 100.000000,
        "bw_mean" : 85591.841901,
        "bw_dev" : 3597.610394,
        "bw_samples" : 3599,
        "iops_min" : 46,
        "iops_max" : 25278,
        "iops_mean" : 21397.882745,
        "iops_stddev" : 899.399822,
        "iops_samples" : 3599
      },
      "write" : {
        "io_bytes" : 67587244032,
        "io_kbytes" : 66003168,
        "bw_bytes" : 37548176,
        "bw" : 36668,
        "iops" : 9167.035368,
        "runtime" : 1800014,
        "total_ios" : 16500792,
        "short_ios" : 0,
        "drop_ios" : 0,
        "slat_ns" : {
          "min" : 1027,
          "max" : 111778,
          "mean" : 1360.382736,
          "stddev" : 643.638061,
          "N" : 16500792
        },
        "clat_ns" : {
          "min" : 567811,
          "max" : 2037797555,
          "mean" : 1526846.722319,
          "stddev" : 3702649.393504,
          "N" : 16500792,
          "percentile" : {
            "1.000000" : 700416,
            "5.000000" : 733184,
            "10.000000" : 757760,
            "20.000000" : 782336,
            "30.000000" : 815104,
            "40.000000" : 839680,
            "50.000000" : 872448,
            "60.000000" : 921600,
            "70.000000" : 995328,
            "80.000000" : 1171456,
            "90.000000" : 1826816,
            "95.000000" : 3620864,
            "99.000000" : 14876672,
            "99.500000" : 20578304,
            "99.900000" : 27394048,
            "99.950000" : 28442624,
            "99.990000" : 53739520
          }
        },
        "lat_ns" : {
          "min" : 569199,
          "max" : 2037798620,
          "mean" : 1528207.105055,
          "stddev" : 3702646.875963,
          "N" : 16500792
        },
        "bw_min" : 32,
        "bw_max" : 43056,
        "bw_agg" : 100.000000,
        "bw_mean" : 36688.031398,
        "bw_dev" : 1601.475380,
        "bw_samples" : 3599,
        "iops_min" : 8,
        "iops_max" : 10764,
        "iops_mean" : 9171.918311,
        "iops_stddev" : 400.369927,
        "iops_samples" : 3599
      },
      "trim" : {
        "io_bytes" : 0,
        "io_kbytes" : 0,
        "bw_bytes" : 0,
        "bw" : 0,
        "iops" : 0.000000,
        "runtime" : 0,
        "total_ios" : 0,
        "short_ios" : 0,
        "drop_ios" : 0,
        "slat_ns" : {
          "min" : 0,
          "max" : 0,
          "mean" : 0.000000,
          "stddev" : 0.000000,
          "N" : 0
        },
        "clat_ns" : {
          "min" : 0,
          "max" : 0,
          "mean" : 0.000000,
          "stddev" : 0.000000,
          "N" : 0
        },
        "lat_ns" : {
          "min" : 0,
          "max" : 0,
          "mean" : 0.000000,
          "stddev" : 0.000000,
          "N" : 0
        },
        "bw_min" : 0,
        "bw_max" : 0,
        "bw_agg" : 0.000000,
        "bw_mean" : 0.000000,
        "bw_dev" : 0.000000,
        "bw_samples" : 0,
        "iops_min" : 0,
        "iops_max" : 0,
        "iops_mean" : 0.000000,
        "iops_stddev" : 0.000000,
        "iops_samples" : 0
      },
      "sync" : {
        "total_ios" : 0,
        "lat_ns" : {
          "min" : 0,
          "max" : 0,
          "mean" : 0.000000,
          "stddev" : 0.000000,
          "N" : 0
        }
      },
      "job_runtime" : 1800013,
      "usr_cpu" : 3.625752,
      "sys_cpu" : 10.326037,
      "ctx" : 37953309,
      "majf" : 0,
      "minf" : 193,
      "iodepth_level" : {
        "1" : 0.100000,
        "2" : 0.100000,
        "4" : 0.100000,
        "8" : 0.100000,
        "16" : 0.100000,
        "32" : 0.100000,
        ">=64" : 99.999885
      },
      "iodepth_submit" : {
        "0" : 0.000000,
        "4" : 100.000000,
        "8" : 0.000000,
        "16" : 0.000000,
        "32" : 0.000000,
        "64" : 0.000000,
        ">=64" : 0.000000
      },
      "iodepth_complete" : {
        "0" : 0.000000,
        "4" : 99.999998,
        "8" : 0.000000,
        "16" : 0.000000,
        "32" : 0.000000,
        "64" : 0.100000,
        ">=64" : 0.000000
      },
      "latency_ns" : {
        "2" : 0.000000,
        "4" : 0.000000,
        "10" : 0.000000,
        "20" : 0.000000,
        "50" : 0.000000,
        "100" : 0.000000,
        "250" : 0.000000,
        "500" : 0.000000,
        "750" : 0.000000,
        "1000" : 0.000000
      },
      "latency_us" : {
        "2" : 0.000000,
        "4" : 0.000000,
        "10" : 0.000000,
        "20" : 0.000000,
        "50" : 0.000000,
        "100" : 0.000000,
        "250" : 0.000000,
        "500" : 0.000000,
        "750" : 2.500592,
        "1000" : 18.644738
      },
      "latency_ms" : {
        "2" : 58.822210,
        "4" : 14.822783,
        "10" : 2.318252,
        "20" : 2.316630,
        "50" : 0.562690,
        "100" : 0.010000,
        "250" : 0.010000,
        "500" : 0.000000,
        "750" : 0.010000,
        "1000" : 0.010000,
        "2000" : 0.010000,
        ">=2000" : 0.010000
      },
      "latency_depth" : 64,
      "latency_target" : 0,
      "latency_percentile" : 100.000000,
      "latency_window" : 0
    }
  ],
  "disk_util" : [
    {
      "name" : "nvme0n9",
      "read_ios" : 38493050,
      "write_ios" : 16499679,
      "read_sectors" : 307946104,
      "write_sectors" : 131997432,
      "read_merges" : 0,
      "write_merges" : 0,
      "read_ticks" : 89751426,
      "write_ticks" : 25128079,
      "in_queue" : 114879505,
      "util" : 100.000000
    }
  ]
}
