{
  "fio version" : "fio-3.39-28-gd2a4",
  "timestamp" : 1742266949,
  "timestamp_ms" : 1742266949565,
  "time" : "Mon Mar 17 20:02:29 2025",
  "jobs" : [
    {
      "jobname" : "lat_test_qd_16",
      "groupid" : 0,
      "job_start" : 1742265149452,
      "error" : 0,
      "eta" : 0,
      "elapsed" : 1801,
      "job options" : {
        "name" : "lat_test_qd_16",
        "filename" : "/dev/nvme0n9",
        "ioengine" : "libaio",
        "direct" : "1",
        "size" : "1G",
        "runtime" : "1800",
        "time_based" : "1",
        "bs" : "4k",
        "rw" : "randrw",
        "rwmixread" : "70",
        "numjobs" : "1",
        "group_reporting" : "1",
        "log_avg_msec" : "1000",
        "iodepth" : "16",
        "write_lat_log" : "logs/latency_by_qd_16"
      },
      "read" : {
        "io_bytes" : 54503952384,
        "io_kbytes" : 53226516,
        "bw_bytes" : 30279923,
        "bw" : 29570,
        "iops" : 7392.559346,
        "runtime" : 1800003,
        "total_ios" : 13306629,
        "short_ios" : 0,
        "drop_ios" : 0,
        "slat_ns" : {
          "min" : 1048,
          "max" : 94198,
          "mean" : 1342.697634,
          "stddev" : 559.752617,
          "N" : 13306629
        },
        "clat_ns" : {
          "min" : 828935,
          "max" : 191054794,
          "mean" : 1734138.214491,
          "stddev" : 930405.841371,
          "N" : 13306629,
          "percentile" : {
            "1.000000" : 1302528,
            "5.000000" : 1384448,
            "10.000000" : 1417216,
            "20.000000" : 1466368,
            "30.000000" : 1515520,
            "40.000000" : 1548288,
            "50.000000" : 1597440,
            "60.000000" : 1646592,
            "70.000000" : 1712128,
            "80.000000" : 1843200,
            "90.000000" : 2146304,
            "95.000000" : 2473984,
            "99.000000" : 3719168,
            "99.500000" : 4751360,
            "99.900000" : 8159232,
            "99.950000" : 10420224,
            "99.990000" : 27131904
          }
        },
        "lat_ns" : {
          "min" : 830221,
          "max" : 191056045,
          "mean" : 1735480.912126,
          "stddev" : 930410.719424,
          "N" : 13306629
        },
        "bw_min" : 11728,
        "bw_max" : 32096,
        "bw_agg" : 100.000000,
        "bw_mean" : 29585.133926,
        "bw_dev" : 1151.722683,
        "bw_samples" : 3599,
        "iops_min" : 2932,
        "iops_max" : 8024,
        "iops_mean" : 7396.196166,
        "iops_stddev" : 287.941275,
        "iops_samples" : 3599
      },
      "write" : {
        "io_bytes" : 23361884160,
        "io_kbytes" : 22814340,
        "bw_bytes" : 12978802,
        "bw" : 12674,
        "iops" : 3168.653052,
        "runtime" : 1800003,
        "total_ios" : 5703585,
        "short_ios" : 0,
        "drop_ios" : 0,
        "slat_ns" : {
          "min" : 1036,
          "max" : 89209,
          "mean" : 1371.741593,
          "stddev" : 571.605199,
          "N" : 5703585
        },
        "clat_ns" : {
          "min" : 578395,
          "max" : 201246241,
          "mean" : 997779.528687,
          "stddev" : 936875.698387,
          "N" : 5703585,
          "percentile" : {
            "1.000000" : 692224,
            "5.000000" : 724992,
            "10.000000" : 749568,
            "20.000000" : 774144,
            "30.000000" : 790528,
            "40.000000" : 815104,
            "50.000000" : 839680,
            "60.000000" : 864256,
            "70.000000" : 913408,
            "80.000000" : 995328,
            "90.000000" : 1302528,
            "95.000000" : 1777664,
            "99.000000" : 3489792,
            "99.500000" : 4685824,
            "99.900000" : 8290304,
            "99.950000" : 10682368,
            "99.990000" : 22413312
          }
        },
        "lat_ns" : {
          "min" : 579652,
          "max" : 201247502,
          "mean" : 999151.270280,
          "stddev" : 936881.767381,
          "N" : 5703585
        },
        "bw_min" : 5096,
        "bw_max" : 14100,
        "bw_agg" : 100.000000,
        "bw_mean" : 12680.839678,
        "bw_dev" : 574.259435,
        "bw_samples" : 3599,
        "iops_min" : 1274,
        "iops_max" : 3525,
        "iops_mean" : 3170.146152,
        "iops_stddev" : 143.546787,
        "iops_samples" : 3599
      },
      "trim" : {
        "io_bytes" : 0,
        "io_kbytes" : 0,
        "bw_bytes" : 0,
        "bw" : 0,
        "iops" : 0.000000,
        "runtime" : 0,
        "total_ios" : 0,
        "short_ios" : 0,
        "drop_ios" : 0,
        "slat_ns" : {
          "min" : 0,
          "max" : 0,
          "mean" : 0.000000,
          "stddev" : 0.000000,
          "N" : 0
        },
        "clat_ns" : {
          "min" : 0,
          "max" : 0,
          "mean" : 0.000000,
          "stddev" : 0.000000,
          "N" : 0
        },
        "lat_ns" : {
          "min" : 0,
          "max" : 0,
          "mean" : 0.000000,
          "stddev" : 0.000000,
          "N" : 0
        },
        "bw_min" : 0,
        "bw_max" : 0,
        "bw_agg" : 0.000000,
        "bw_mean" : 0.000000,
        "bw_dev" : 0.000000,
        "bw_samples" : 0,
        "iops_min" : 0,
        "iops_max" : 0,
        "iops_mean" : 0.000000,
        "iops_stddev" : 0.000000,
        "iops_samples" : 0
      },
      "sync" : {
        "total_ios" : 0,
        "lat_ns" : {
          "min" : 0,
          "max" : 0,
          "mean" : 0.000000,
          "stddev" : 0.000000,
          "N" : 0
        }
      },
      "job_runtime" : 1800002,
      "usr_cpu" : 1.350887,
      "sys_cpu" : 4.158440,
      "ctx" : 17114828,
      "majf" : 0,
      "minf" : 211,
      "iodepth_level" : {
        "1" : 0.100000,
        "2" : 0.100000,
        "4" : 0.100000,
        "8" : 0.100000,
        "16" : 99.999921,
        "32" : 0.000000,
        ">=64" : 0.000000
      },
      "iodepth_submit" : {
        "0" : 0.000000,
        "4" : 100.000000,
        "8" : 0.000000,
        "16" : 0.000000,
        "32" : 0.000000,
        "64" : 0.000000,
        ">=64" : 0.000000
      },
      "iodepth_complete" : {
        "0" : 0.000000,
        "4" : 99.999995,
        "8" : 0.000000,
        "16" : 0.100000,
        "32" : 0.000000,
        "64" : 0.000000,
        ">=64" : 0.000000
      },
      "latency_ns" : {
        "2" : 0.000000,
        "4" : 0.000000,
        "10" : 0.000000,
        "20" : 0.000000,
        "50" : 0.000000,
        "100" : 0.000000,
        "250" : 0.000000,
        "500" : 0.000000,
        "750" : 0.000000,
        "1000" : 0.000000
      },
      "latency_us" : {
        "2" : 0.000000,
        "4" : 0.000000,
        "10" : 0.000000,
        "20" : 0.000000,
        "50" : 0.000000,
        "100" : 0.000000,
        "250" : 0.000000,
        "500" : 0.000000,
        "750" : 3.408810,
        "1000" : 20.660062
      },
      "latency_ms" : {
        "2" : 65.376644,
        "4" : 9.780200,
        "10" : 0.718372,
        "20" : 0.041762,
        "50" : 0.010000,
        "100" : 0.010000,
        "250" : 0.010000,
        "500" : 0.000000,
        "750" : 0.000000,
        "1000" : 0.000000,
        "2000" : 0.000000,
        ">=2000" : 0.000000
      },
      "latency_depth" : 16,
      "latency_target" : 0,
      "latency_percentile" : 100.000000,
      "latency_window" : 0
    }
  ],
  "disk_util" : [
    {
      "name" : "nvme0n9",
      "read_ios" : 13305642,
      "write_ios" : 5703129,
      "read_sectors" : 106446840,
      "write_sectors" : 45625032,
      "read_merges" : 0,
      "write_merges" : 0,
      "read_ticks" : 23027661,
      "write_ticks" : 5671489,
      "in_queue" : 28699149,
      "util" : 100.000000
    }
  ]
}
