{
  "fio version" : "fio-3.39-28-gd2a4",
  "timestamp" : 1742268727,
  "timestamp_ms" : 1742268727405,
  "time" : "Mon Mar 17 20:32:07 2025",
  "jobs" : [
    {
      "jobname" : "lat_test_qd_32",
      "groupid" : 0,
      "job_start" : 1742266927273,
      "error" : 0,
      "eta" : 0,
      "elapsed" : 1801,
      "job options" : {
        "name" : "lat_test_qd_32",
        "filename" : "/dev/nvme0n6",
        "ioengine" : "libaio",
        "direct" : "1",
        "size" : "1G",
        "runtime" : "1800",
        "time_based" : "1",
        "bs" : "4k",
        "rw" : "randrw",
        "rwmixread" : "70",
        "numjobs" : "1",
        "group_reporting" : "1",
        "log_avg_msec" : "1000",
        "iodepth" : "32",
        "write_lat_log" : "logs/latency_by_qd_32"
      },
      "read" : {
        "io_bytes" : 93468303360,
        "io_kbytes" : 91277640,
        "bw_bytes" : 51926575,
        "bw" : 50709,
        "iops" : 12677.386613,
        "runtime" : 1800009,
        "total_ios" : 22819410,
        "short_ios" : 0,
        "drop_ios" : 0,
        "slat_ns" : {
          "min" : 1039,
          "max" : 58951,
          "mean" : 1286.302698,
          "stddev" : 395.136474,
          "N" : 22819410
        },
        "clat_ns" : {
          "min" : 972523,
          "max" : 957819326,
          "mean" : 2013160.555981,
          "stddev" : 1572540.069564,
          "N" : 22819410,
          "percentile" : {
            "1.000000" : 1466368,
            "5.000000" : 1548288,
            "10.000000" : 1613824,
            "20.000000" : 1679360,
            "30.000000" : 1744896,
            "40.000000" : 1794048,
            "50.000000" : 1859584,
            "60.000000" : 1925120,
            "70.000000" : 2007040,
            "80.000000" : 2146304,
            "90.000000" : 2408448,
            "95.000000" : 2801664,
            "99.000000" : 4816896,
            "99.500000" : 6324224,
            "99.900000" : 10813440,
            "99.950000" : 13828096,
            "99.990000" : 40108032
          }
        },
        "lat_ns" : {
          "min" : 973774,
          "max" : 957820589,
          "mean" : 2014446.858679,
          "stddev" : 1572541.041848,
          "N" : 22819410
        },
        "bw_min" : 224,
        "bw_max" : 56536,
        "bw_agg" : 100.000000,
        "bw_mean" : 50739.675743,
        "bw_dev" : 2985.952448,
        "bw_samples" : 3599,
        "iops_min" : 56,
        "iops_max" : 14134,
        "iops_mean" : 12684.825229,
        "iops_stddev" : 746.479083,
        "iops_samples" : 3599
      },
      "write" : {
        "io_bytes" : 40060616704,
        "io_kbytes" : 39121696,
        "bw_bytes" : 22255786,
        "bw" : 21734,
        "iops" : 5433.541721,
        "runtime" : 1800009,
        "total_ios" : 9780424,
        "short_ios" : 0,
        "drop_ios" : 0,
        "slat_ns" : {
          "min" : 1025,
          "max" : 70015,
          "mean" : 1300.723014,
          "stddev" : 401.057021,
          "N" : 9780424
        },
        "clat_ns" : {
          "min" : 636978,
          "max" : 4062405416,
          "mean" : 1186660.492785,
          "stddev" : 2984408.485896,
          "N" : 9780424,
          "percentile" : {
            "1.000000" : 765952,
            "5.000000" : 806912,
            "10.000000" : 831488,
            "20.000000" : 872448,
            "30.000000" : 905216,
            "40.000000" : 937984,
            "50.000000" : 978944,
            "60.000000" : 1028096,
            "70.000000" : 1089536,
            "80.000000" : 1220608,
            "90.000000" : 1581056,
            "95.000000" : 2211840,
            "99.000000" : 4423680,
            "99.500000" : 5996544,
            "99.900000" : 10420224,
            "99.950000" : 13303808,
            "99.990000" : 37486592
          }
        },
        "lat_ns" : {
          "min" : 638239,
          "max" : 4062406537,
          "mean" : 1187961.215799,
          "stddev" : 2984409.023711,
          "N" : 9780424
        },
        "bw_min" : 88,
        "bw_max" : 25002,
        "bw_agg" : 100.000000,
        "bw_mean" : 21747.023896,
        "bw_dev" : 1333.295245,
        "bw_samples" : 3599,
        "iops_min" : 22,
        "iops_max" : 6250,
        "iops_mean" : 5436.659072,
        "iops_stddev" : 333.321839,
        "iops_samples" : 3599
      },
      "trim" : {
        "io_bytes" : 0,
        "io_kbytes" : 0,
        "bw_bytes" : 0,
        "bw" : 0,
        "iops" : 0.000000,
        "runtime" : 0,
        "total_ios" : 0,
        "short_ios" : 0,
        "drop_ios" : 0,
        "slat_ns" : {
          "min" : 0,
          "max" : 0,
          "mean" : 0.000000,
          "stddev" : 0.000000,
          "N" : 0
        },
        "clat_ns" : {
          "min" : 0,
          "max" : 0,
          "mean" : 0.000000,
          "stddev" : 0.000000,
          "N" : 0
        },
        "lat_ns" : {
          "min" : 0,
          "max" : 0,
          "mean" : 0.000000,
          "stddev" : 0.000000,
          "N" : 0
        },
        "bw_min" : 0,
        "bw_max" : 0,
        "bw_agg" : 0.000000,
        "bw_mean" : 0.000000,
        "bw_dev" : 0.000000,
        "bw_samples" : 0,
        "iops_min" : 0,
        "iops_max" : 0,
        "iops_mean" : 0.000000,
        "iops_stddev" : 0.000000,
        "iops_samples" : 0
      },
      "sync" : {
        "total_ios" : 0,
        "lat_ns" : {
          "min" : 0,
          "max" : 0,
          "mean" : 0.000000,
          "stddev" : 0.000000,
          "N" : 0
        }
      },
      "job_runtime" : 1800008,
      "usr_cpu" : 2.148102,
      "sys_cpu" : 6.612693,
      "ctx" : 27405102,
      "majf" : 0,
      "minf" : 250,
      "iodepth_level" : {
        "1" : 0.100000,
        "2" : 0.100000,
        "4" : 0.100000,
        "8" : 0.100000,
        "16" : 0.100000,
        "32" : 99.999905,
        ">=64" : 0.000000
      },
      "iodepth_submit" : {
        "0" : 0.000000,
        "4" : 100.000000,
        "8" : 0.000000,
        "16" : 0.000000,
        "32" : 0.000000,
        "64" : 0.000000,
        ">=64" : 0.000000
      },
      "iodepth_complete" : {
        "0" : 0.000000,
        "4" : 99.999997,
        "8" : 0.000000,
        "16" : 0.000000,
        "32" : 0.100000,
        "64" : 0.000000,
        ">=64" : 0.000000
      },
      "latency_ns" : {
        "2" : 0.000000,
        "4" : 0.000000,
        "10" : 0.000000,
        "20" : 0.000000,
        "50" : 0.000000,
        "100" : 0.000000,
        "250" : 0.000000,
        "500" : 0.000000,
        "750" : 0.000000,
        "1000" : 0.000000
      },
      "latency_us" : {
        "2" : 0.000000,
        "4" : 0.000000,
        "10" : 0.000000,
        "20" : 0.000000,
        "50" : 0.000000,
        "100" : 0.000000,
        "250" : 0.000000,
        "500" : 0.000000,
        "750" : 0.133718,
        "1000" : 16.116054
      },
      "latency_ms" : {
        "2" : 59.874102,
        "4" : 22.399215,
        "10" : 1.355627,
        "20" : 0.098362,
        "50" : 0.015733,
        "100" : 0.010000,
        "250" : 0.010000,
        "500" : 0.000000,
        "750" : 0.010000,
        "1000" : 0.010000,
        "2000" : 0.010000,
        ">=2000" : 0.010000
      },
      "latency_depth" : 32,
      "latency_target" : 0,
      "latency_percentile" : 100.000000,
      "latency_window" : 0
    }
  ],
  "disk_util" : [
    {
      "name" : "nvme0n6",
      "read_ios" : 22817945,
      "write_ios" : 9779777,
      "read_sectors" : 182545264,
      "write_sectors" : 78238216,
      "read_merges" : 0,
      "write_merges" : 0,
      "read_ticks" : 45857664,
      "write_ticks" : 11573371,
      "in_queue" : 57431035,
      "util" : 100.000000
    }
  ]
}
