{
  "fio version" : "fio-3.39-28-gd2a4",
  "timestamp" : 1742263326,
  "timestamp_ms" : 1742263326130,
  "time" : "Mon Mar 17 19:02:06 2025",
  "jobs" : [
    {
      "jobname" : "lat_test_qd_4",
      "groupid" : 0,
      "job_start" : 1742261525998,
      "error" : 0,
      "eta" : 0,
      "elapsed" : 1801,
      "job options" : {
        "name" : "lat_test_qd_4",
        "filename" : "/dev/nvme0n6",
        "ioengine" : "libaio",
        "direct" : "1",
        "size" : "1G",
        "runtime" : "1800",
        "time_based" : "1",
        "bs" : "4k",
        "rw" : "randrw",
        "rwmixread" : "70",
        "numjobs" : "1",
        "group_reporting" : "1",
        "log_avg_msec" : "1000",
        "iodepth" : "4",
        "write_lat_log" : "logs/latency_by_qd_4"
      },
      "read" : {
        "io_bytes" : 10972147712,
        "io_kbytes" : 10714988,
        "bw_bytes" : 6095634,
        "bw" : 5952,
        "iops" : 1488.191951,
        "runtime" : 1800001,
        "total_ios" : 2678747,
        "short_ios" : 0,
        "drop_ios" : 0,
        "slat_ns" : {
          "min" : 1058,
          "max" : 121944,
          "mean" : 2631.872167,
          "stddev" : 2041.126654,
          "N" : 2678747
        },
        "clat_ns" : {
          "min" : 1101077,
          "max" : 188153151,
          "mean" : 2138644.803555,
          "stddev" : 1117118.620299,
          "N" : 2678747,
          "percentile" : {
            "1.000000" : 1564672,
            "5.000000" : 1662976,
            "10.000000" : 1712128,
            "20.000000" : 1777664,
            "30.000000" : 1843200,
            "40.000000" : 1908736,
            "50.000000" : 1974272,
            "60.000000" : 2039808,
            "70.000000" : 2146304,
            "80.000000" : 2277376,
            "90.000000" : 2605056,
            "95.000000" : 2965504,
            "99.000000" : 5013504,
            "99.500000" : 6651904,
            "99.900000" : 11468800,
            "99.950000" : 14745600,
            "99.990000" : 37486592
          }
        },
        "lat_ns" : {
          "min" : 1102726,
          "max" : 188154901,
          "mean" : 2141276.675722,
          "stddev" : 1117137.191130,
          "N" : 2678747
        },
        "bw_min" : 3494,
        "bw_max" : 6853,
        "bw_agg" : 100.000000,
        "bw_mean" : 5956.626007,
        "bw_dev" : 324.603924,
        "bw_samples" : 3599,
        "iops_min" : 873,
        "iops_max" : 1713,
        "iops_mean" : 1489.052237,
        "iops_stddev" : 81.207847,
        "iops_samples" : 3599
      },
      "write" : {
        "io_bytes" : 4702400512,
        "io_kbytes" : 4592188,
        "bw_bytes" : 2612443,
        "bw" : 2551,
        "iops" : 637.803535,
        "runtime" : 1800001,
        "total_ios" : 1148047,
        "short_ios" : 0,
        "drop_ios" : 0,
        "slat_ns" : {
          "min" : 1054,
          "max" : 84868,
          "mean" : 2729.750858,
          "stddev" : 2102.193411,
          "N" : 1148047
        },
        "clat_ns" : {
          "min" : 684922,
          "max" : 189142705,
          "mean" : 1269589.627872,
          "stddev" : 1202283.372917,
          "N" : 1148047,
          "percentile" : {
            "1.000000" : 823296,
            "5.000000" : 864256,
            "10.000000" : 888832,
            "20.000000" : 929792,
            "30.000000" : 962560,
            "40.000000" : 995328,
            "50.000000" : 1036288,
            "60.000000" : 1073152,
            "70.000000" : 1155072,
            "80.000000" : 1286144,
            "90.000000" : 1679360,
            "95.000000" : 2342912,
            "99.000000" : 5406720,
            "99.500000" : 7110656,
            "99.900000" : 11862016,
            "99.950000" : 14221312,
            "99.990000" : 36962304
          }
        },
        "lat_ns" : {
          "min" : 686155,
          "max" : 189144668,
          "mean" : 1272319.378730,
          "stddev" : 1202301.096864,
          "N" : 1148047
        },
        "bw_min" : 1507,
        "bw_max" : 3216,
        "bw_agg" : 100.000000,
        "bw_mean" : 2552.890525,
        "bw_dev" : 192.787843,
        "bw_samples" : 3599,
        "iops_min" : 376,
        "iops_max" : 804,
        "iops_mean" : 638.170325,
        "iops_stddev" : 48.169657,
        "iops_samples" : 3599
      },
      "trim" : {
        "io_bytes" : 0,
        "io_kbytes" : 0,
        "bw_bytes" : 0,
        "bw" : 0,
        "iops" : 0.000000,
        "runtime" : 0,
        "total_ios" : 0,
        "short_ios" : 0,
        "drop_ios" : 0,
        "slat_ns" : {
          "min" : 0,
          "max" : 0,
          "mean" : 0.000000,
          "stddev" : 0.000000,
          "N" : 0
        },
        "clat_ns" : {
          "min" : 0,
          "max" : 0,
          "mean" : 0.000000,
          "stddev" : 0.000000,
          "N" : 0
        },
        "lat_ns" : {
          "min" : 0,
          "max" : 0,
          "mean" : 0.000000,
          "stddev" : 0.000000,
          "N" : 0
        },
        "bw_min" : 0,
        "bw_max" : 0,
        "bw_agg" : 0.000000,
        "bw_mean" : 0.000000,
        "bw_dev" : 0.000000,
        "bw_samples" : 0,
        "iops_min" : 0,
        "iops_max" : 0,
        "iops_mean" : 0.000000,
        "iops_stddev" : 0.000000,
        "iops_samples" : 0
      },
      "sync" : {
        "total_ios" : 0,
        "lat_ns" : {
          "min" : 0,
          "max" : 0,
          "mean" : 0.000000,
          "stddev" : 0.000000,
          "N" : 0
        }
      },
      "job_runtime" : 1800000,
      "usr_cpu" : 0.671611,
      "sys_cpu" : 1.633389,
      "ctx" : 3696682,
      "majf" : 0,
      "minf" : 191,
      "iodepth_level" : {
        "1" : 0.100000,
        "2" : 0.100000,
        "4" : 99.999922,
        "8" : 0.000000,
        "16" : 0.000000,
        "32" : 0.000000,
        ">=64" : 0.000000
      },
      "iodepth_submit" : {
        "0" : 0.000000,
        "4" : 100.000000,
        "8" : 0.000000,
        "16" : 0.000000,
        "32" : 0.000000,
        "64" : 0.000000,
        ">=64" : 0.000000
      },
      "iodepth_complete" : {
        "0" : 0.000000,
        "4" : 100.000000,
        "8" : 0.000000,
        "16" : 0.000000,
        "32" : 0.000000,
        "64" : 0.000000,
        ">=64" : 0.000000
      },
      "latency_ns" : {
        "2" : 0.000000,
        "4" : 0.000000,
        "10" : 0.000000,
        "20" : 0.000000,
        "50" : 0.000000,
        "100" : 0.000000,
        "250" : 0.000000,
        "500" : 0.000000,
        "750" : 0.000000,
        "1000" : 0.000000
      },
      "latency_us" : {
        "2" : 0.000000,
        "4" : 0.000000,
        "10" : 0.000000,
        "20" : 0.000000,
        "50" : 0.000000,
        "100" : 0.000000,
        "250" : 0.000000,
        "500" : 0.000000,
        "750" : 0.010000,
        "1000" : 12.314852
      },
      "latency_ms" : {
        "2" : 53.875359,
        "4" : 31.977054,
        "10" : 1.670275,
        "20" : 0.132095,
        "50" : 0.019233,
        "100" : 0.010000,
        "250" : 0.010000,
        "500" : 0.000000,
        "750" : 0.000000,
        "1000" : 0.000000,
        "2000" : 0.000000,
        ">=2000" : 0.000000
      },
      "latency_depth" : 4,
      "latency_target" : 0,
      "latency_percentile" : 100.000000,
      "latency_window" : 0
    }
  ],
  "disk_util" : [
    {
      "name" : "nvme0n6",
      "read_ios" : 2678614,
      "write_ios" : 1147979,
      "read_sectors" : 21430616,
      "write_sectors" : 9183832,
      "read_merges" : 0,
      "write_merges" : 0,
      "read_ticks" : 5710406,
      "write_ticks" : 1449928,
      "in_queue" : 7160335,
      "util" : 100.000000
    }
  ]
}
