{
  "fio version" : "fio-3.39-28-gd2a4",
  "timestamp" : 1742261548,
  "timestamp_ms" : 1742261548302,
  "time" : "Mon Mar 17 18:32:28 2025",
  "jobs" : [
    {
      "jobname" : "lat_test_qd_2",
      "groupid" : 0,
      "job_start" : 1742259748190,
      "error" : 0,
      "eta" : 0,
      "elapsed" : 1801,
      "job options" : {
        "name" : "lat_test_qd_2",
        "filename" : "/dev/nvme0n9",
        "ioengine" : "libaio",
        "direct" : "1",
        "size" : "1G",
        "runtime" : "1800",
        "time_based" : "1",
        "bs" : "4k",
        "rw" : "randrw",
        "rwmixread" : "70",
        "numjobs" : "1",
        "group_reporting" : "1",
        "log_avg_msec" : "1000",
        "iodepth" : "2",
        "write_lat_log" : "logs/latency_by_qd_2"
      },
      "read" : {
        "io_bytes" : 5677682688,
        "io_kbytes" : 5544612,
        "bw_bytes" : 3154266,
        "bw" : 3080,
        "iops" : 770.084572,
        "runtime" : 1800001,
        "total_ios" : 1386153,
        "short_ios" : 0,
        "drop_ios" : 0,
        "slat_ns" : {
          "min" : 1089,
          "max" : 77070,
          "mean" : 3404.068774,
          "stddev" : 2399.087726,
          "N" : 1386153
        },
        "clat_ns" : {
          "min" : 970816,
          "max" : 184229009,
          "mean" : 2080647.804056,
          "stddev" : 1087452.915329,
          "N" : 1386153,
          "percentile" : {
            "1.000000" : 1449984,
            "5.000000" : 1548288,
            "10.000000" : 1597440,
            "20.000000" : 1679360,
            "30.000000" : 1744896,
            "40.000000" : 1826816,
            "50.000000" : 1908736,
            "60.000000" : 2007040,
            "70.000000" : 2113536,
            "80.000000" : 2310144,
            "90.000000" : 2670592,
            "95.000000" : 3063808,
            "99.000000" : 4685824,
            "99.500000" : 6127616,
            "99.900000" : 10158080,
            "99.950000" : 12910592,
            "99.990000" : 33816576
          }
        },
        "lat_ns" : {
          "min" : 972915,
          "max" : 184230777,
          "mean" : 2084051.872830,
          "stddev" : 1087473.794092,
          "N" : 1386153
        },
        "bw_min" : 1864,
        "bw_max" : 3607,
        "bw_agg" : 100.000000,
        "bw_mean" : 3082.250069,
        "bw_dev" : 178.799843,
        "bw_samples" : 3599,
        "iops_min" : 466,
        "iops_max" : 901,
        "iops_mean" : 770.430953,
        "iops_stddev" : 44.666290,
        "iops_samples" : 3599
      },
      "write" : {
        "io_bytes" : 2435727360,
        "io_kbytes" : 2378640,
        "bw_bytes" : 1353181,
        "bw" : 1321,
        "iops" : 330.366483,
        "runtime" : 1800001,
        "total_ios" : 594660,
        "short_ios" : 0,
        "drop_ios" : 0,
        "slat_ns" : {
          "min" : 1119,
          "max" : 100494,
          "mean" : 3538.617217,
          "stddev" : 2471.652011,
          "N" : 594660
        },
        "clat_ns" : {
          "min" : 659952,
          "max" : 184984893,
          "mean" : 1188543.251788,
          "stddev" : 1077411.558697,
          "N" : 594660,
          "percentile" : {
            "1.000000" : 765952,
            "5.000000" : 806912,
            "10.000000" : 831488,
            "20.000000" : 872448,
            "30.000000" : 905216,
            "40.000000" : 937984,
            "50.000000" : 970752,
            "60.000000" : 1019904,
            "70.000000" : 1089536,
            "80.000000" : 1220608,
            "90.000000" : 1630208,
            "95.000000" : 2211840,
            "99.000000" : 4751360,
            "99.500000" : 6324224,
            "99.900000" : 10813440,
            "99.950000" : 12779520,
            "99.990000" : 20578304
          }
        },
        "lat_ns" : {
          "min" : 661707,
          "max" : 184987095,
          "mean" : 1192081.869004,
          "stddev" : 1077431.403324,
          "N" : 594660
        },
        "bw_min" : 744,
        "bw_max" : 1747,
        "bw_agg" : 100.000000,
        "bw_mean" : 1322.182829,
        "bw_dev" : 124.037311,
        "bw_samples" : 3599,
        "iops_min" : 186,
        "iops_max" : 436,
        "iops_mean" : 330.387330,
        "iops_stddev" : 30.992477,
        "iops_samples" : 3599
      },
      "trim" : {
        "io_bytes" : 0,
        "io_kbytes" : 0,
        "bw_bytes" : 0,
        "bw" : 0,
        "iops" : 0.000000,
        "runtime" : 0,
        "total_ios" : 0,
        "short_ios" : 0,
        "drop_ios" : 0,
        "slat_ns" : {
          "min" : 0,
          "max" : 0,
          "mean" : 0.000000,
          "stddev" : 0.000000,
          "N" : 0
        },
        "clat_ns" : {
          "min" : 0,
          "max" : 0,
          "mean" : 0.000000,
          "stddev" : 0.000000,
          "N" : 0
        },
        "lat_ns" : {
          "min" : 0,
          "max" : 0,
          "mean" : 0.000000,
          "stddev" : 0.000000,
          "N" : 0
        },
        "bw_min" : 0,
        "bw_max" : 0,
        "bw_agg" : 0.000000,
        "bw_mean" : 0.000000,
        "bw_dev" : 0.000000,
        "bw_samples" : 0,
        "iops_min" : 0,
        "iops_max" : 0,
        "iops_mean" : 0.000000,
        "iops_stddev" : 0.000000,
        "iops_samples" : 0
      },
      "sync" : {
        "total_ios" : 0,
        "lat_ns" : {
          "min" : 0,
          "max" : 0,
          "mean" : 0.000000,
          "stddev" : 0.000000,
          "N" : 0
        }
      },
      "job_runtime" : 1800000,
      "usr_cpu" : 0.469056,
      "sys_cpu" : 1.067556,
      "ctx" : 1951524,
      "majf" : 0,
      "minf" : 191,
      "iodepth_level" : {
        "1" : 0.100000,
        "2" : 99.999950,
        "4" : 0.000000,
        "8" : 0.000000,
        "16" : 0.000000,
        "32" : 0.000000,
        ">=64" : 0.000000
      },
      "iodepth_submit" : {
        "0" : 0.000000,
        "4" : 100.000000,
        "8" : 0.000000,
        "16" : 0.000000,
        "32" : 0.000000,
        "64" : 0.000000,
        ">=64" : 0.000000
      },
      "iodepth_complete" : {
        "0" : 0.000000,
        "4" : 100.000000,
        "8" : 0.000000,
        "16" : 0.000000,
        "32" : 0.000000,
        "64" : 0.000000,
        ">=64" : 0.000000
      },
      "latency_ns" : {
        "2" : 0.000000,
        "4" : 0.000000,
        "10" : 0.000000,
        "20" : 0.000000,
        "50" : 0.000000,
        "100" : 0.000000,
        "250" : 0.000000,
        "500" : 0.000000,
        "750" : 0.000000,
        "1000" : 0.000000
      },
      "latency_us" : {
        "2" : 0.000000,
        "4" : 0.000000,
        "10" : 0.000000,
        "20" : 0.000000,
        "50" : 0.000000,
        "100" : 0.000000,
        "250" : 0.000000,
        "500" : 0.000000,
        "750" : 0.113539,
        "1000" : 16.842377
      },
      "latency_ms" : {
        "2" : 52.575079,
        "4" : 28.907777,
        "10" : 1.449556,
        "20" : 0.093901,
        "50" : 0.011763,
        "100" : 0.010000,
        "250" : 0.010000,
        "500" : 0.000000,
        "750" : 0.000000,
        "1000" : 0.000000,
        "2000" : 0.000000,
        ">=2000" : 0.000000
      },
      "latency_depth" : 2,
      "latency_target" : 0,
      "latency_percentile" : 100.000000,
      "latency_window" : 0
    }
  ],
  "disk_util" : [
    {
      "name" : "nvme0n9",
      "read_ios" : 1386071,
      "write_ios" : 594616,
      "read_sectors" : 11090272,
      "write_sectors" : 4756928,
      "read_merges" : 0,
      "write_merges" : 0,
      "read_ticks" : 2872394,
      "write_ticks" : 701864,
      "in_queue" : 3574257,
      "util" : 100.000000
    }
  ]
}
