{
  "fio version" : "fio-3.39-28-gd2a4",
  "timestamp" : 1742319963,
  "timestamp_ms" : 1742319963649,
  "time" : "Tue Mar 18 10:46:03 2025",
  "jobs" : [
    {
      "jobname" : "lat_test_qd_64",
      "groupid" : 0,
      "job_start" : 1742318163520,
      "error" : 0,
      "eta" : 0,
      "elapsed" : 1801,
      "job options" : {
        "name" : "lat_test_qd_64",
        "filename" : "/dev/nvme0n6",
        "ioengine" : "libaio",
        "direct" : "1",
        "size" : "1G",
        "runtime" : "1800",
        "time_based" : "1",
        "bs" : "4k",
        "rw" : "randrw",
        "rwmixread" : "70",
        "numjobs" : "1",
        "group_reporting" : "1",
        "log_avg_msec" : "1000",
        "iodepth" : "64",
        "write_lat_log" : "logs/nvme0n6-qd-64"
      },
      "read" : {
        "io_bytes" : 157031538688,
        "io_kbytes" : 153351112,
        "bw_bytes" : 87239452,
        "bw" : 85194,
        "iops" : 21298.694560,
        "runtime" : 1800006,
        "total_ios" : 38337778,
        "short_ios" : 0,
        "drop_ios" : 0,
        "slat_ns" : {
          "min" : 1086,
          "max" : 98788,
          "mean" : 1405.200747,
          "stddev" : 582.800154,
          "N" : 38337778
        },
        "clat_ns" : {
          "min" : 956565,
          "max" : 1007293085,
          "mean" : 2356710.755489,
          "stddev" : 2988118.485621,
          "N" : 38337778,
          "percentile" : {
            "1.000000" : 1499136,
            "5.000000" : 1597440,
            "10.000000" : 1662976,
            "20.000000" : 1744896,
            "30.000000" : 1810432,
            "40.000000" : 1875968,
            "50.000000" : 1941504,
            "60.000000" : 2023424,
            "70.000000" : 2146304,
            "80.000000" : 2310144,
            "90.000000" : 2736128,
            "95.000000" : 3784704,
            "99.000000" : 11075584,
            "99.500000" : 16711680,
            "99.900000" : 23986176,
            "99.950000" : 25821184,
            "99.990000" : 65273856
          }
        },
        "lat_ns" : {
          "min" : 957704,
          "max" : 1007294405,
          "mean" : 2358115.956237,
          "stddev" : 2988121.231669,
          "N" : 38337778
        },
        "bw_min" : 1264,
        "bw_max" : 100200,
        "bw_agg" : 100.000000,
        "bw_mean" : 85278.154851,
        "bw_dev" : 5283.163220,
        "bw_samples" : 3597,
        "iops_min" : 316,
        "iops_max" : 25050,
        "iops_mean" : 21319.477342,
        "iops_stddev" : 1320.786756,
        "iops_samples" : 3597
      },
      "write" : {
        "io_bytes" : 67311587328,
        "io_kbytes" : 65733972,
        "bw_bytes" : 37395201,
        "bw" : 36518,
        "iops" : 9129.687901,
        "runtime" : 1800006,
        "total_ios" : 16433493,
        "short_ios" : 0,
        "drop_ios" : 0,
        "slat_ns" : {
          "min" : 1094,
          "max" : 113047,
          "mean" : 1468.959384,
          "stddev" : 609.060786,
          "N" : 16433493
        },
        "clat_ns" : {
          "min" : 608829,
          "max" : 4253010456,
          "mean" : 1506050.453244,
          "stddev" : 5034190.395140,
          "N" : 16433493,
          "percentile" : {
            "1.000000" : 749568,
            "5.000000" : 806912,
            "10.000000" : 839680,
            "20.000000" : 888832,
            "30.000000" : 937984,
            "40.000000" : 987136,
            "50.000000" : 1036288,
            "60.000000" : 1105920,
            "70.000000" : 1187840,
            "80.000000" : 1368064,
            "90.000000" : 1990656,
            "95.000000" : 3293184,
            "99.000000" : 10289152,
            "99.500000" : 15663104,
            "99.900000" : 22937600,
            "99.950000" : 24772608,
            "99.990000" : 63176704
          }
        },
        "lat_ns" : {
          "min" : 610035,
          "max" : 4253011870,
          "mean" : 1507519.412628,
          "stddev" : 5034192.191301,
          "N" : 16433493
        },
        "bw_min" : 416,
        "bw_max" : 42864,
        "bw_agg" : 100.000000,
        "bw_mean" : 36554.288018,
        "bw_dev" : 2308.577734,
        "bw_samples" : 3597,
        "iops_min" : 104,
        "iops_max" : 10716,
        "iops_mean" : 9138.505421,
        "iops_stddev" : 577.146120,
        "iops_samples" : 3597
      },
      "trim" : {
        "io_bytes" : 0,
        "io_kbytes" : 0,
        "bw_bytes" : 0,
        "bw" : 0,
        "iops" : 0.000000,
        "runtime" : 0,
        "total_ios" : 0,
        "short_ios" : 0,
        "drop_ios" : 0,
        "slat_ns" : {
          "min" : 0,
          "max" : 0,
          "mean" : 0.000000,
          "stddev" : 0.000000,
          "N" : 0
        },
        "clat_ns" : {
          "min" : 0,
          "max" : 0,
          "mean" : 0.000000,
          "stddev" : 0.000000,
          "N" : 0
        },
        "lat_ns" : {
          "min" : 0,
          "max" : 0,
          "mean" : 0.000000,
          "stddev" : 0.000000,
          "N" : 0
        },
        "bw_min" : 0,
        "bw_max" : 0,
        "bw_agg" : 0.000000,
        "bw_mean" : 0.000000,
        "bw_dev" : 0.000000,
        "bw_samples" : 0,
        "iops_min" : 0,
        "iops_max" : 0,
        "iops_mean" : 0.000000,
        "iops_stddev" : 0.000000,
        "iops_samples" : 0
      },
      "sync" : {
        "total_ios" : 0,
        "lat_ns" : {
          "min" : 0,
          "max" : 0,
          "mean" : 0.000000,
          "stddev" : 0.000000,
          "N" : 0
        }
      },
      "job_runtime" : 1800005,
      "usr_cpu" : 3.628212,
      "sys_cpu" : 10.710415,
      "ctx" : 39456061,
      "majf" : 0,
      "minf" : 193,
      "iodepth_level" : {
        "1" : 0.100000,
        "2" : 0.100000,
        "4" : 0.100000,
        "8" : 0.100000,
        "16" : 0.100000,
        "32" : 0.100000,
        ">=64" : 99.999885
      },
      "iodepth_submit" : {
        "0" : 0.000000,
        "4" : 100.000000,
        "8" : 0.000000,
        "16" : 0.000000,
        "32" : 0.000000,
        "64" : 0.000000,
        ">=64" : 0.000000
      },
      "iodepth_complete" : {
        "0" : 0.000000,
        "4" : 99.999998,
        "8" : 0.000000,
        "16" : 0.000000,
        "32" : 0.000000,
        "64" : 0.100000,
        ">=64" : 0.000000
      },
      "latency_ns" : {
        "2" : 0.000000,
        "4" : 0.000000,
        "10" : 0.000000,
        "20" : 0.000000,
        "50" : 0.000000,
        "100" : 0.000000,
        "250" : 0.000000,
        "500" : 0.000000,
        "750" : 0.000000,
        "1000" : 0.000000
      },
      "latency_us" : {
        "2" : 0.000000,
        "4" : 0.000000,
        "10" : 0.000000,
        "20" : 0.000000,
        "50" : 0.000000,
        "100" : 0.000000,
        "250" : 0.000000,
        "500" : 0.000000,
        "750" : 0.299964,
        "1000" : 12.605625
      },
      "latency_ms" : {
        "2" : 53.725428,
        "4" : 28.895524,
        "10" : 3.303582,
        "20" : 0.838668,
        "50" : 0.315101,
        "100" : 0.011815,
        "250" : 0.010000,
        "500" : 0.000000,
        "750" : 0.010000,
        "1000" : 0.010000,
        "2000" : 0.010000,
        ">=2000" : 0.010000
      },
      "latency_depth" : 64,
      "latency_target" : 0,
      "latency_percentile" : 100.000000,
      "latency_window" : 0
    }
  ],
  "disk_util" : [
    {
      "name" : "nvme0n6",
      "read_ios" : 38335028,
      "write_ios" : 16432248,
      "read_sectors" : 306681992,
      "write_sectors" : 131457984,
      "read_merges" : 0,
      "write_merges" : 0,
      "read_ticks" : 90198292,
      "write_ticks" : 24688082,
      "in_queue" : 114886374,
      "util" : 100.000000
    }
  ]
}
