{
  "fio version" : "fio-3.39-28-gd2a4",
  "timestamp" : 1742511758,
  "timestamp_ms" : 1742511758420,
  "time" : "Thu Mar 20 16:02:38 2025",
  "jobs" : [
    {
      "jobname" : "FIOJOB",
      "groupid" : 0,
      "job_start" : 1742511578293,
      "error" : 0,
      "eta" : 0,
      "elapsed" : 181,
      "job options" : {
        "ioengine" : "libaio",
        "rw" : "randread",
        "size" : "10G",
        "bs" : "4k",
        "iodepth" : "8",
        "numjobs" : "2",
        "runtime" : "180",
        "loops" : "1",
        "direct" : "1",
        "log_avg_msec" : "1000",
        "invalidate" : "1",
        "write_bw_log" : "../azuredisks/nvme0n10/4k/randread-iodepth-8-numjobs-2",
        "write_lat_log" : "../azuredisks/nvme0n10/4k/randread-iodepth-8-numjobs-2",
        "write_iops_log" : "../azuredisks/nvme0n10/4k/randread-iodepth-8-numjobs-2",
        "filename" : "/dev/nvme0n10"
      },
      "read" : {
        "io_bytes" : 2585395200,
        "io_kbytes" : 2524800,
        "bw_bytes" : 14363067,
        "bw" : 14026,
        "iops" : 3506.608223,
        "runtime" : 180003,
        "total_ios" : 631200,
        "short_ios" : 0,
        "drop_ios" : 0,
        "slat_ns" : {
          "min" : 1114,
          "max" : 90456,
          "mean" : 1866.388112,
          "stddev" : 1466.584342,
          "N" : 631200
        },
        "clat_ns" : {
          "min" : 993615,
          "max" : 180100313,
          "mean" : 2278966.733641,
          "stddev" : 1346014.649904,
          "N" : 631200,
          "percentile" : {
            "1.000000" : 1302528,
            "5.000000" : 1761280,
            "10.000000" : 1826816,
            "20.000000" : 1892352,
            "30.000000" : 1941504,
            "40.000000" : 2007040,
            "50.000000" : 2072576,
            "60.000000" : 2179072,
            "70.000000" : 2310144,
            "80.000000" : 2506752,
            "90.000000" : 2867200,
            "95.000000" : 3227648,
            "99.000000" : 5079040,
            "99.500000" : 6586368,
            "99.900000" : 11599872,
            "99.950000" : 19791872,
            "99.990000" : 51118080
          }
        },
        "lat_ns" : {
          "min" : 995295,
          "max" : 180106137,
          "mean" : 2280833.121752,
          "stddev" : 1346035.685777,
          "N" : 631200
        },
        "bw_min" : 9645,
        "bw_max" : 14898,
        "bw_agg" : 50.137853,
        "bw_mean" : 14035.388889,
        "bw_dev" : 505.807153,
        "bw_samples" : 180,
        "iops_min" : 2411,
        "iops_max" : 3724,
        "iops_mean" : 3508.588889,
        "iops_stddev" : 126.392171,
        "iops_samples" : 180
      },
      "write" : {
        "io_bytes" : 0,
        "io_kbytes" : 0,
        "bw_bytes" : 0,
        "bw" : 0,
        "iops" : 0.000000,
        "runtime" : 0,
        "total_ios" : 0,
        "short_ios" : 0,
        "drop_ios" : 0,
        "slat_ns" : {
          "min" : 0,
          "max" : 0,
          "mean" : 0.000000,
          "stddev" : 0.000000,
          "N" : 0
        },
        "clat_ns" : {
          "min" : 0,
          "max" : 0,
          "mean" : 0.000000,
          "stddev" : 0.000000,
          "N" : 0
        },
        "lat_ns" : {
          "min" : 0,
          "max" : 0,
          "mean" : 0.000000,
          "stddev" : 0.000000,
          "N" : 0
        },
        "bw_min" : 0,
        "bw_max" : 0,
        "bw_agg" : 0.000000,
        "bw_mean" : 0.000000,
        "bw_dev" : 0.000000,
        "bw_samples" : 0,
        "iops_min" : 0,
        "iops_max" : 0,
        "iops_mean" : 0.000000,
        "iops_stddev" : 0.000000,
        "iops_samples" : 0
      },
      "trim" : {
        "io_bytes" : 0,
        "io_kbytes" : 0,
        "bw_bytes" : 0,
        "bw" : 0,
        "iops" : 0.000000,
        "runtime" : 0,
        "total_ios" : 0,
        "short_ios" : 0,
        "drop_ios" : 0,
        "slat_ns" : {
          "min" : 0,
          "max" : 0,
          "mean" : 0.000000,
          "stddev" : 0.000000,
          "N" : 0
        },
        "clat_ns" : {
          "min" : 0,
          "max" : 0,
          "mean" : 0.000000,
          "stddev" : 0.000000,
          "N" : 0
        },
        "lat_ns" : {
          "min" : 0,
          "max" : 0,
          "mean" : 0.000000,
          "stddev" : 0.000000,
          "N" : 0
        },
        "bw_min" : 0,
        "bw_max" : 0,
        "bw_agg" : 0.000000,
        "bw_mean" : 0.000000,
        "bw_dev" : 0.000000,
        "bw_samples" : 0,
        "iops_min" : 0,
        "iops_max" : 0,
        "iops_mean" : 0.000000,
        "iops_stddev" : 0.000000,
        "iops_samples" : 0
      },
      "sync" : {
        "total_ios" : 0,
        "lat_ns" : {
          "min" : 0,
          "max" : 0,
          "mean" : 0.000000,
          "stddev" : 0.000000,
          "N" : 0
        }
      },
      "job_runtime" : 180002,
      "usr_cpu" : 0.644993,
      "sys_cpu" : 1.856090,
      "ctx" : 603479,
      "majf" : 0,
      "minf" : 60,
      "iodepth_level" : {
        "1" : 0.100000,
        "2" : 0.100000,
        "4" : 0.100000,
        "8" : 99.998891,
        "16" : 0.000000,
        "32" : 0.000000,
        ">=64" : 0.000000
      },
      "iodepth_submit" : {
        "0" : 0.000000,
        "4" : 100.000000,
        "8" : 0.000000,
        "16" : 0.000000,
        "32" : 0.000000,
        "64" : 0.000000,
        ">=64" : 0.000000
      },
      "iodepth_complete" : {
        "0" : 0.000000,
        "4" : 99.999842,
        "8" : 0.100000,
        "16" : 0.000000,
        "32" : 0.000000,
        "64" : 0.000000,
        ">=64" : 0.000000
      },
      "latency_ns" : {
        "2" : 0.000000,
        "4" : 0.000000,
        "10" : 0.000000,
        "20" : 0.000000,
        "50" : 0.000000,
        "100" : 0.000000,
        "250" : 0.000000,
        "500" : 0.000000,
        "750" : 0.000000,
        "1000" : 0.000000
      },
      "latency_us" : {
        "2" : 0.000000,
        "4" : 0.000000,
        "10" : 0.000000,
        "20" : 0.000000,
        "50" : 0.000000,
        "100" : 0.000000,
        "250" : 0.000000,
        "500" : 0.000000,
        "750" : 0.000000,
        "1000" : 0.010000
      },
      "latency_ms" : {
        "2" : 39.137357,
        "4" : 58.886248,
        "10" : 1.836502,
        "20" : 0.089829,
        "50" : 0.039449,
        "100" : 0.010000,
        "250" : 0.010000,
        "500" : 0.000000,
        "750" : 0.000000,
        "1000" : 0.000000,
        "2000" : 0.000000,
        ">=2000" : 0.000000
      },
      "latency_depth" : 8,
      "latency_target" : 0,
      "latency_percentile" : 100.000000,
      "latency_window" : 0
    },
    {
      "jobname" : "FIOJOB",
      "groupid" : 0,
      "job_start" : 1742511578292,
      "error" : 0,
      "eta" : 0,
      "elapsed" : 181,
      "job options" : {
        "ioengine" : "libaio",
        "rw" : "randread",
        "size" : "10G",
        "bs" : "4k",
        "iodepth" : "8",
        "numjobs" : "2",
        "runtime" : "180",
        "loops" : "1",
        "direct" : "1",
        "log_avg_msec" : "1000",
        "invalidate" : "1",
        "write_bw_log" : "../azuredisks/nvme0n10/4k/randread-iodepth-8-numjobs-2",
        "write_lat_log" : "../azuredisks/nvme0n10/4k/randread-iodepth-8-numjobs-2",
        "write_iops_log" : "../azuredisks/nvme0n10/4k/randread-iodepth-8-numjobs-2",
        "filename" : "/dev/nvme0n10"
      },
      "read" : {
        "io_bytes" : 2574442496,
        "io_kbytes" : 2514104,
        "bw_bytes" : 14301902,
        "bw" : 13966,
        "iops" : 3491.675324,
        "runtime" : 180007,
        "total_ios" : 628526,
        "short_ios" : 0,
        "drop_ios" : 0,
        "slat_ns" : {
          "min" : 1118,
          "max" : 123513,
          "mean" : 1851.130229,
          "stddev" : 1356.889108,
          "N" : 628526
        },
        "clat_ns" : {
          "min" : 986089,
          "max" : 189543137,