{
  "fio version" : "fio-3.39-28-gd2a4",
  "timestamp" : 1742507969,
  "timestamp_ms" : 1742507969617,
  "time" : "Thu Mar 20 14:59:29 2025",
  "jobs" : [
    {
      "jobname" : "FIOJOB",
      "groupid" : 0,
      "job_start" : 1742507789523,
      "error" : 0,
      "eta" : 0,
      "elapsed" : 181,
      "job options" : {
        "ioengine" : "libaio",
        "rw" : "randread",
        "size" : "10G",
        "bs" : "4k",
        "iodepth" : "1",
        "numjobs" : "2",
        "runtime" : "180",
        "loops" : "1",
        "direct" : "1",
        "log_avg_msec" : "1000",
        "invalidate" : "1",
        "write_bw_log" : "../azuredisks/nvme0n10/4k/randread-iodepth-1-numjobs-2",
        "write_lat_log" : "../azuredisks/nvme0n10/4k/randread-iodepth-1-numjobs-2",
        "write_iops_log" : "../azuredisks/nvme0n10/4k/randread-iodepth-1-numjobs-2",
        "filename" : "/dev/nvme0n10"
      },
      "read" : {
        "io_bytes" : 297398272,
        "io_kbytes" : 290428,
        "bw_bytes" : 1652194,
        "bw" : 1613,
        "iops" : 403.367740,
        "runtime" : 180002,
        "total_ios" : 72607,
        "short_ios" : 0,
        "drop_ios" : 0,
        "slat_ns" : {
          "min" : 1452,
          "max" : 224925,
          "mean" : 3953.835567,
          "stddev" : 3075.739855,
          "N" : 72607
        },
        "clat_ns" : {
          "min" : 1156377,
          "max" : 92362660,
          "mean" : 2473750.310397,
          "stddev" : 931686.438464,
          "N" : 72607,
          "percentile" : {
            "1.000000" : 1826816,
            "5.000000" : 1925120,
            "10.000000" : 1974272,
            "20.000000" : 2072576,
            "30.000000" : 2146304,
            "40.000000" : 2211840,
            "50.000000" : 2277376,
            "60.000000" : 2342912,
            "70.000000" : 2473984,
            "80.000000" : 2703360,
            "90.000000" : 3096576,
            "95.000000" : 3555328,
            "99.000000" : 5799936,
            "99.500000" : 7176192,
            "99.900000" : 10682368,
            "99.950000" : 12648448,
            "99.990000" : 25821184
          }
        },
        "lat_ns" : {
          "min" : 1161723,
          "max" : 92364311,
          "mean" : 2477704.145964,
          "stddev" : 931700.844743,
          "N" : 72607
        },
        "bw_min" : 1445,
        "bw_max" : 1732,
        "bw_agg" : 51.188836,
        "bw_mean" : 1614.122222,
        "bw_dev" : 52.358525,
        "bw_samples" : 180,
        "iops_min" : 361,
        "iops_max" : 433,
        "iops_mean" : 403.361111,
        "iops_stddev" : 13.081508,
        "iops_samples" : 180
      },
      "write" : {
        "io_bytes" : 0,
        "io_kbytes" : 0,
        "bw_bytes" : 0,
        "bw" : 0,
        "iops" : 0.000000,
        "runtime" : 0,
        "total_ios" : 0,
        "short_ios" : 0,
        "drop_ios" : 0,
        "slat_ns" : {
          "min" : 0,
          "max" : 0,
          "mean" : 0.000000,
          "stddev" : 0.000000,
          "N" : 0
        },
        "clat_ns" : {
          "min" : 0,
          "max" : 0,
          "mean" : 0.000000,
          "stddev" : 0.000000,
          "N" : 0
        },
        "lat_ns" : {
          "min" : 0,
          "max" : 0,
          "mean" : 0.000000,
          "stddev" : 0.000000,
          "N" : 0
        },
        "bw_min" : 0,
        "bw_max" : 0,
        "bw_agg" : 0.000000,
        "bw_mean" : 0.000000,
        "bw_dev" : 0.000000,
        "bw_samples" : 0,
        "iops_min" : 0,
        "iops_max" : 0,
        "iops_mean" : 0.000000,
        "iops_stddev" : 0.000000,
        "iops_samples" : 0
      },
      "trim" : {
        "io_bytes" : 0,
        "io_kbytes" : 0,
        "bw_bytes" : 0,
        "bw" : 0,
        "iops" : 0.000000,
        "runtime" : 0,
        "total_ios" : 0,
        "short_ios" : 0,
        "drop_ios" : 0,
        "slat_ns" : {
          "min" : 0,
          "max" : 0,
          "mean" : 0.000000,
          "stddev" : 0.000000,
          "N" : 0
        },
        "clat_ns" : {
          "min" : 0,
          "max" : 0,
          "mean" : 0.000000,
          "stddev" : 0.000000,
          "N" : 0
        },
        "lat_ns" : {
          "min" : 0,
          "max" : 0,
          "mean" : 0.000000,
          "stddev" : 0.000000,
          "N" : 0
        },
        "bw_min" : 0,
        "bw_max" : 0,
        "bw_agg" : 0.000000,
        "bw_mean" : 0.000000,
        "bw_dev" : 0.000000,
        "bw_samples" : 0,
        "iops_min" : 0,
        "iops_max" : 0,
        "iops_mean" : 0.000000,
        "iops_stddev" : 0.000000,
        "iops_samples" : 0
      },
      "sync" : {
        "total_ios" : 0,
        "lat_ns" : {
          "min" : 0,
          "max" : 0,
          "mean" : 0.000000,
          "stddev" : 0.000000,
          "N" : 0
        }
      },
      "job_runtime" : 180001,
      "usr_cpu" : 0.231110,
      "sys_cpu" : 0.415553,
      "ctx" : 72609,
      "majf" : 0,
      "minf" : 46,
      "iodepth_level" : {
        "1" : 100.000000,
        "2" : 0.000000,
        "4" : 0.000000,
        "8" : 0.000000,
        "16" : 0.000000,
        "32" : 0.000000,
        ">=64" : 0.000000
      },
      "iodepth_submit" : {
        "0" : 0.000000,
        "4" : 100.000000,
        "8" : 0.000000,
        "16" : 0.000000,
        "32" : 0.000000,
        "64" : 0.000000,
        ">=64" : 0.000000
      },
      "iodepth_complete" : {
        "0" : 0.000000,
        "4" : 100.000000,
        "8" : 0.000000,
        "16" : 0.000000,
        "32" : 0.000000,
        "64" : 0.000000,
        ">=64" : 0.000000
      },
      "latency_ns" : {
        "2" : 0.000000,
        "4" : 0.000000,
        "10" : 0.000000,
        "20" : 0.000000,
        "50" : 0.000000,
        "100" : 0.000000,
        "250" : 0.000000,
        "500" : 0.000000,
        "750" : 0.000000,
        "1000" : 0.000000
      },
      "latency_us" : {
        "2" : 0.000000,
        "4" : 0.000000,
        "10" : 0.000000,
        "20" : 0.000000,
        "50" : 0.000000,
        "100" : 0.000000,
        "250" : 0.000000,
        "500" : 0.000000,
        "750" : 0.000000,
        "1000" : 0.000000
      },
      "latency_ms" : {
        "2" : 12.018125,
        "4" : 84.943600,
        "10" : 2.907433,
        "20" : 0.117069,
        "50" : 0.010000,
        "100" : 0.010000,
        "250" : 0.000000,
        "500" : 0.000000,
        "750" : 0.000000,
        "1000" : 0.000000,
        "2000" : 0.000000,
        ">=2000" : 0.000000
      },
      "latency_depth" : 1,
      "latency_target" : 0,
      "latency_percentile" : 100.000000,
      "latency_window" : 0
    },
    {
      "jobname" : "FIOJOB",
      "groupid" : 0,
      "job_start" : 1742507789523,
      "error" : 0,
      "eta" : 0,
      "elapsed" : 181,
      "job options" : {
        "ioengine" : "libaio",
        "rw" : "randread",
        "size" : "10G",
        "bs" : "4k",
        "iodepth" : "1",
        "numjobs" : "2",
        "runtime" : "180",
        "loops" : "1",
        "direct" : "1",
        "log_avg_msec" : "1000",
        "invalidate" : "1",
        "write_bw_log" : "../azuredisks/nvme0n10/4k/randread-iodepth-1-numjobs-2",
        "write_lat_log" : "../azuredisks/nvme0n10/4k/randread-iodepth-1-numjobs-2",
        "write_iops_log" : "../azuredisks/nvme0n10/4k/randread-iodepth-1-numjobs-2",
        "filename" : "/dev/nvme0n10"
      },
      "read" : {
        "io_bytes" : 283774976,
        "io_kbytes" : 277124,
        "bw_bytes" : 1576510,
        "bw" : 1539,
        "iops" : 384.890168,
        "runtime" : 180002,
        "total_ios" : 69281,
        "short_ios" : 0,
        "drop_ios" : 0,
        "slat_ns" : {
          "min" : 1469,
          "max" : 69335,
          "mean" : 3969.972965,
          "stddev" : 2797.048197,
          "N" : 69281
        },
        "clat_ns" : {
          "min" : 1299619,
          "max" : 83113588,
          "mean" : 2592762.906439,