{
  "fio version" : "fio-3.39-28-gd2a4",
  "timestamp" : 1742514095,
  "timestamp_ms" : 1742514095417,
  "time" : "Thu Mar 20 16:41:35 2025",
  "jobs" : [
    {
      "jobname" : "FIOJOB",
      "groupid" : 0,
      "job_start" : 1742513923789,
      "error" : 0,
      "eta" : 0,
      "elapsed" : 172,
      "job options" : {
        "ioengine" : "libaio",
        "rw" : "randread",
        "size" : "10G",
        "bs" : "4k",
        "iodepth" : "32",
        "numjobs" : "1",
        "runtime" : "180",
        "loops" : "1",
        "direct" : "1",
        "log_avg_msec" : "1000",
        "invalidate" : "1",
        "write_bw_log" : "../azuredisks/nvme0n10/4k/randread-iodepth-32-numjobs-1",
        "write_lat_log" : "../azuredisks/nvme0n10/4k/randread-iodepth-32-numjobs-1",
        "write_iops_log" : "../azuredisks/nvme0n10/4k/randread-iodepth-32-numjobs-1",
        "filename" : "/dev/nvme0n10"
      },
      "read" : {
        "io_bytes" : 10737418240,
        "io_kbytes" : 10485760,
        "bw_bytes" : 62623458,
        "bw" : 61155,
        "iops" : 15288.930363,
        "runtime" : 171460,
        "total_ios" : 2621440,
        "short_ios" : 0,
        "drop_ios" : 0,
        "slat_ns" : {
          "min" : 1050,
          "max" : 92778,
          "mean" : 1396.174133,
          "stddev" : 586.279911,
          "N" : 2621440
        },
        "clat_ns" : {
          "min" : 908142,
          "max" : 98864565,
          "mean" : 2091246.004427,
          "stddev" : 940818.719922,
          "N" : 2621440,
          "percentile" : {
            "1.000000" : 1089536,
            "5.000000" : 1335296,
            "10.000000" : 1695744,
            "20.000000" : 1777664,
            "30.000000" : 1826816,
            "40.000000" : 1875968,
            "50.000000" : 1941504,
            "60.000000" : 2007040,
            "70.000000" : 2113536,
            "80.000000" : 2310144,
            "90.000000" : 2637824,
            "95.000000" : 2998272,
            "99.000000" : 4620288,
            "99.500000" : 6127616,
            "99.900000" : 10027008,
            "99.950000" : 13697024,
            "99.990000" : 39583744
          }
        },
        "lat_ns" : {
          "min" : 909508,
          "max" : 98865938,
          "mean" : 2092642.178560,
          "stddev" : 940822.436576,
          "N" : 2621440
        },
        "bw_min" : 49353,
        "bw_max" : 76856,
        "bw_agg" : 100.000000,
        "bw_mean" : 61181.415205,
        "bw_dev" : 2871.249426,
        "bw_samples" : 171,
        "iops_min" : 12338,
        "iops_max" : 19214,
        "iops_mean" : 15295.228070,
        "iops_stddev" : 717.795523,
        "iops_samples" : 171
      },
      "write" : {
        "io_bytes" : 0,
        "io_kbytes" : 0,
        "bw_bytes" : 0,
        "bw" : 0,
        "iops" : 0.000000,
        "runtime" : 0,
        "total_ios" : 0,
        "short_ios" : 0,
        "drop_ios" : 0,
        "slat_ns" : {
          "min" : 0,
          "max" : 0,
          "mean" : 0.000000,
          "stddev" : 0.000000,
          "N" : 0
        },
        "clat_ns" : {
          "min" : 0,
          "max" : 0,
          "mean" : 0.000000,
          "stddev" : 0.000000,
          "N" : 0
        },
        "lat_ns" : {
          "min" : 0,
          "max" : 0,
          "mean" : 0.000000,
          "stddev" : 0.000000,
          "N" : 0
        },
        "bw_min" : 0,
        "bw_max" : 0,
        "bw_agg" : 0.000000,
        "bw_mean" : 0.000000,
        "bw_dev" : 0.000000,
        "bw_samples" : 0,
        "iops_min" : 0,
        "iops_max" : 0,
        "iops_mean" : 0.000000,
        "iops_stddev" : 0.000000,
        "iops_samples" : 0
      },
      "trim" : {
        "io_bytes" : 0,
        "io_kbytes" : 0,
        "bw_bytes" : 0,
        "bw" : 0,
        "iops" : 0.000000,
        "runtime" : 0,
        "total_ios" : 0,
        "short_ios" : 0,
        "drop_ios" : 0,
        "slat_ns" : {
          "min" : 0,
          "max" : 0,
          "mean" : 0.000000,
          "stddev" : 0.000000,
          "N" : 0
        },
        "clat_ns" : {
          "min" : 0,
          "max" : 0,
          "mean" : 0.000000,
          "stddev" : 0.000000,
          "N" : 0
        },
        "lat_ns" : {
          "min" : 0,
          "max" : 0,
          "mean" : 0.000000,
          "stddev" : 0.000000,
          "N" : 0
        },
        "bw_min" : 0,
        "bw_max" : 0,
        "bw_agg" : 0.000000,
        "bw_mean" : 0.000000,
        "bw_dev" : 0.000000,
        "bw_samples" : 0,
        "iops_min" : 0,
        "iops_max" : 0,
        "iops_mean" : 0.000000,
        "iops_stddev" : 0.000000,
        "iops_samples" : 0
      },
      "sync" : {
        "total_ios" : 0,
        "lat_ns" : {
          "min" : 0,
          "max" : 0,
          "mean" : 0.000000,
          "stddev" : 0.000000,
          "N" : 0
        }
      },
      "job_runtime" : 171459,
      "usr_cpu" : 1.825509,
      "sys_cpu" : 5.979272,
      "ctx" : 2235881,
      "majf" : 0,
      "minf" : 273,
      "iodepth_level" : {
        "1" : 0.100000,
        "2" : 0.100000,
        "4" : 0.100000,
        "8" : 0.100000,
        "16" : 0.100000,
        "32" : 99.998817,
        ">=64" : 0.000000
      },
      "iodepth_submit" : {
        "0" : 0.000000,
        "4" : 100.000000,
        "8" : 0.000000,
        "16" : 0.000000,
        "32" : 0.000000,
        "64" : 0.000000,
        ">=64" : 0.000000
      },
      "iodepth_complete" : {
        "0" : 0.000000,
        "4" : 99.999962,
        "8" : 0.000000,
        "16" : 0.000000,
        "32" : 0.100000,
        "64" : 0.000000,
        ">=64" : 0.000000
      },
      "latency_ns" : {
        "2" : 0.000000,
        "4" : 0.000000,
        "10" : 0.000000,
        "20" : 0.000000,
        "50" : 0.000000,
        "100" : 0.000000,
        "250" : 0.000000,
        "500" : 0.000000,
        "750" : 0.000000,
        "1000" : 0.000000
      },
      "latency_us" : {
        "2" : 0.000000,
        "4" : 0.000000,
        "10" : 0.000000,
        "20" : 0.000000,
        "50" : 0.000000,
        "100" : 0.000000,
        "250" : 0.000000,
        "500" : 0.000000,
        "750" : 0.000000,
        "1000" : 0.032768
      },
      "latency_ms" : {
        "2" : 59.076271,
        "4" : 39.402199,
        "10" : 1.387215,
        "20" : 0.070419,
        "50" : 0.025787,
        "100" : 0.010000,
        "250" : 0.000000,
        "500" : 0.000000,
        "750" : 0.000000,
        "1000" : 0.000000,
        "2000" : 0.000000,
        ">=2000" : 0.000000
      },
      "latency_depth" : 32,
      "latency_target" : 0,
      "latency_percentile" : 100.000000,
      "latency_window" : 0
    }
  ],
  "disk_util" : [
    {
      "name" : "nvme0n10",
      "read_ios" : 2620281,
      "write_ios" : 0,
      "read_sectors" : 20962248,
      "write_sectors" : 0,
      "read_merges" : 0,
      "write_merges" : 0,
      "read_ticks" : 5470114,
      "write_ticks" : 0,
      "in_queue" : 5470114,
      "util" : 99.998250
    }
  ]
}
