{
  "fio version" : "fio-3.39-28-gd2a4",
  "timestamp" : 1742514273,
  "timestamp_ms" : 1742514273076,
  "time" : "Thu Mar 20 16:44:33 2025",
  "jobs" : [
    {
      "jobname" : "FIOJOB",
      "groupid" : 0,
      "job_start" : 1742514095698,
      "error" : 0,
      "eta" : 0,
      "elapsed" : 178,
      "job options" : {
        "ioengine" : "libaio",
        "rw" : "randread",
        "size" : "10G",
        "bs" : "4k",
        "iodepth" : "32",
        "numjobs" : "2",
        "runtime" : "180",
        "loops" : "1",
        "direct" : "1",
        "log_avg_msec" : "1000",
        "invalidate" : "1",
        "write_bw_log" : "../azuredisks/nvme0n10/4k/randread-iodepth-32-numjobs-2",
        "write_lat_log" : "../azuredisks/nvme0n10/4k/randread-iodepth-32-numjobs-2",
        "write_iops_log" : "../azuredisks/nvme0n10/4k/randread-iodepth-32-numjobs-2",
        "filename" : "/dev/nvme0n10"
      },
      "read" : {
        "io_bytes" : 10737418240,
        "io_kbytes" : 10485760,
        "bw_bytes" : 60605855,
        "bw" : 59185,
        "iops" : 14796.351486,
        "runtime" : 177168,
        "total_ios" : 2621440,
        "short_ios" : 0,
        "drop_ios" : 0,
        "slat_ns" : {
          "min" : 1043,
          "max" : 93804,
          "mean" : 1267.441523,
          "stddev" : 406.959089,
          "N" : 2621440
        },
        "clat_ns" : {
          "min" : 918000,
          "max" : 374222616,
          "mean" : 2161036.449992,
          "stddev" : 1875420.347939,
          "N" : 2621440,
          "percentile" : {
            "1.000000" : 1089536,
            "5.000000" : 1335296,
            "10.000000" : 1695744,
            "20.000000" : 1777664,
            "30.000000" : 1826816,
            "40.000000" : 1892352,
            "50.000000" : 1957888,
            "60.000000" : 2039808,
            "70.000000" : 2146304,
            "80.000000" : 2375680,
            "90.000000" : 2736128,
            "95.000000" : 3162112,
            "99.000000" : 5734400,
            "99.500000" : 7438336,
            "99.900000" : 13697024,
            "99.950000" : 17432576,
            "99.990000" : 46923776
          }
        },
        "lat_ns" : {
          "min" : 919216,
          "max" : 374223827,
          "mean" : 2162303.891514,
          "stddev" : 1875420.916054,
          "N" : 2621440
        },
        "bw_min" : 41380,
        "bw_max" : 63228,
        "bw_agg" : 50.035984,
        "bw_mean" : 59228.079096,
        "bw_dev" : 2345.440358,
        "bw_samples" : 177,
        "iops_min" : 10345,
        "iops_max" : 15807,
        "iops_mean" : 14807.028249,
        "iops_stddev" : 586.359962,
        "iops_samples" : 177
      },
      "write" : {
        "io_bytes" : 0,
        "io_kbytes" : 0,
        "bw_bytes" : 0,
        "bw" : 0,
        "iops" : 0.000000,
        "runtime" : 0,
        "total_ios" : 0,
        "short_ios" : 0,
        "drop_ios" : 0,
        "slat_ns" : {
          "min" : 0,
          "max" : 0,
          "mean" : 0.000000,
          "stddev" : 0.000000,
          "N" : 0
        },
        "clat_ns" : {
          "min" : 0,
          "max" : 0,
          "mean" : 0.000000,
          "stddev" : 0.000000,
          "N" : 0
        },
        "lat_ns" : {
          "min" : 0,
          "max" : 0,
          "mean" : 0.000000,
          "stddev" : 0.000000,
          "N" : 0
        },
        "bw_min" : 0,
        "bw_max" : 0,
        "bw_agg" : 0.000000,
        "bw_mean" : 0.000000,
        "bw_dev" : 0.000000,
        "bw_samples" : 0,
        "iops_min" : 0,
        "iops_max" : 0,
        "iops_mean" : 0.000000,
        "iops_stddev" : 0.000000,
        "iops_samples" : 0
      },
      "trim" : {
        "io_bytes" : 0,
        "io_kbytes" : 0,
        "bw_bytes" : 0,
        "bw" : 0,
        "iops" : 0.000000,
        "runtime" : 0,
        "total_ios" : 0,
        "short_ios" : 0,
        "drop_ios" : 0,
        "slat_ns" : {
          "min" : 0,
          "max" : 0,
          "mean" : 0.000000,
          "stddev" : 0.000000,
          "N" : 0
        },
        "clat_ns" : {
          "min" : 0,
          "max" : 0,
          "mean" : 0.000000,
          "stddev" : 0.000000,
          "N" : 0
        },
        "lat_ns" : {
          "min" : 0,
          "max" : 0,
          "mean" : 0.000000,
          "stddev" : 0.000000,
          "N" : 0
        },
        "bw_min" : 0,
        "bw_max" : 0,
        "bw_agg" : 0.000000,
        "bw_mean" : 0.000000,
        "bw_dev" : 0.000000,
        "bw_samples" : 0,
        "iops_min" : 0,
        "iops_max" : 0,
        "iops_mean" : 0.000000,
        "iops_stddev" : 0.000000,
        "iops_samples" : 0
      },
      "sync" : {
        "total_ios" : 0,
        "lat_ns" : {
          "min" : 0,
          "max" : 0,
          "mean" : 0.000000,
          "stddev" : 0.000000,
          "N" : 0
        }
      },
      "job_runtime" : 177167,
      "usr_cpu" : 1.747504,
      "sys_cpu" : 5.496509,
      "ctx" : 2264433,
      "majf" : 0,
      "minf" : 80,
      "iodepth_level" : {
        "1" : 0.100000,
        "2" : 0.100000,
        "4" : 0.100000,
        "8" : 0.100000,
        "16" : 0.100000,
        "32" : 99.998817,
        ">=64" : 0.000000
      },
      "iodepth_submit" : {
        "0" : 0.000000,
        "4" : 100.000000,
        "8" : 0.000000,
        "16" : 0.000000,
        "32" : 0.000000,
        "64" : 0.000000,
        ">=64" : 0.000000
      },
      "iodepth_complete" : {
        "0" : 0.000000,
        "4" : 99.999962,
        "8" : 0.000000,
        "16" : 0.000000,
        "32" : 0.100000,
        "64" : 0.000000,
        ">=64" : 0.000000
      },
      "latency_ns" : {
        "2" : 0.000000,
        "4" : 0.000000,
        "10" : 0.000000,
        "20" : 0.000000,
        "50" : 0.000000,
        "100" : 0.000000,
        "250" : 0.000000,
        "500" : 0.000000,
        "750" : 0.000000,
        "1000" : 0.000000
      },
      "latency_us" : {
        "2" : 0.000000,
        "4" : 0.000000,
        "10" : 0.000000,
        "20" : 0.000000,
        "50" : 0.000000,
        "100" : 0.000000,
        "250" : 0.000000,
        "500" : 0.000000,
        "750" : 0.000000,
        "1000" : 0.031509
      },
      "latency_ms" : {
        "2" : 55.856209,
        "4" : 41.844673,
        "10" : 2.048340,
        "20" : 0.179863,
        "50" : 0.030670,
        "100" : 0.010000,
        "250" : 0.010000,
        "500" : 0.010000,
        "750" : 0.000000,
        "1000" : 0.000000,
        "2000" : 0.000000,
        ">=2000" : 0.000000
      },
      "latency_depth" : 32,
      "latency_target" : 0,
      "latency_percentile" : 100.000000,
      "latency_window" : 0
    },
    {
      "jobname" : "FIOJOB",
      "groupid" : 0,
      "job_start" : 1742514095698,
      "error" : 0,
      "eta" : 0,
      "elapsed" : 178,
      "job options" : {
        "ioengine" : "libaio",
        "rw" : "randread",
        "size" : "10G",
        "bs" : "4k",
        "iodepth" : "32",
        "numjobs" : "2",
        "runtime" : "180",
        "loops" : "1",
        "direct" : "1",
        "log_avg_msec" : "1000",
        "invalidate" : "1",
        "write_bw_log" : "../azuredisks/nvme0n10/4k/randread-iodepth-32-numjobs-2",
        "write_lat_log" : "../azuredisks/nvme0n10/4k/randread-iodepth-32-numjobs-2",
        "write_iops_log" : "../azuredisks/nvme0n10/4k/randread-iodepth-32-numjobs-2",
        "filename" : "/dev/nvme0n10"
      },
      "read" : {
        "io_bytes" : 10737418240,
        "io_kbytes" : 10485760,
        "bw_bytes" : 60669549,
        "bw" : 59247,
        "iops" : 14811.901775,
        "runtime" : 176982,
        "total_ios" : 2621440,
        "short_ios" : 0,
        "drop_ios" : 0,
        "slat_ns" : {
          "min" : 1044,
          "max" : 78889,
          "mean" : 1261.953284,
          "stddev" : 355.669638,
          "N" : 2621440
        },
        "clat_ns" : {
          "min" : 906161,