{
  "fio version" : "fio-3.39-28-gd2a4",
  "timestamp" : 1742509232,
  "timestamp_ms" : 1742509232514,
  "time" : "Thu Mar 20 15:20:32 2025",
  "jobs" : [
    {
      "jobname" : "FIOJOB",
      "groupid" : 0,
      "job_start" : 1742509052386,
      "error" : 0,
      "eta" : 0,
      "elapsed" : 181,
      "job options" : {
        "ioengine" : "libaio",
        "rw" : "randread",
        "size" : "10G",
        "bs" : "4k",
        "iodepth" : "2",
        "numjobs" : "2",
        "runtime" : "180",
        "loops" : "1",
        "direct" : "1",
        "log_avg_msec" : "1000",
        "invalidate" : "1",
        "write_bw_log" : "../azuredisks/nvme0n10/4k/randread-iodepth-2-numjobs-2",
        "write_lat_log" : "../azuredisks/nvme0n10/4k/randread-iodepth-2-numjobs-2",
        "write_iops_log" : "../azuredisks/nvme0n10/4k/randread-iodepth-2-numjobs-2",
        "filename" : "/dev/nvme0n10"
      },
      "read" : {
        "io_bytes" : 621826048,
        "io_kbytes" : 607252,
        "bw_bytes" : 3454550,
        "bw" : 3373,
        "iops" : 843.396184,
        "runtime" : 180002,
        "total_ios" : 151813,
        "short_ios" : 0,
        "drop_ios" : 0,
        "slat_ns" : {
          "min" : 1292,
          "max" : 59479,
          "mean" : 2514.387707,
          "stddev" : 1906.466079,
          "N" : 151813
        },
        "clat_ns" : {
          "min" : 1072245,
          "max" : 116128885,
          "mean" : 2367973.482040,
          "stddev" : 1060358.976868,
          "N" : 151813,
          "percentile" : {
            "1.000000" : 1744896,
            "5.000000" : 1843200,
            "10.000000" : 1892352,
            "20.000000" : 1957888,
            "30.000000" : 2007040,
            "40.000000" : 2072576,
            "50.000000" : 2146304,
            "60.000000" : 2244608,
            "70.000000" : 2375680,
            "80.000000" : 2605056,
            "90.000000" : 2965504,
            "95.000000" : 3391488,
            "99.000000" : 5734400,
            "99.500000" : 7241728,
            "99.900000" : 11468800,
            "99.950000" : 14221312,
            "99.990000" : 34340864
          }
        },
        "lat_ns" : {
          "min" : 1073900,
          "max" : 116130289,
          "mean" : 2370487.869748,
          "stddev" : 1060379.311131,
          "N" : 151813
        },
        "bw_min" : 2958,
        "bw_max" : 3576,
        "bw_agg" : 50.540658,
        "bw_mean" : 3375.316667,
        "bw_dev" : 92.006648,
        "bw_samples" : 180,
        "iops_min" : 739,
        "iops_max" : 894,
        "iops_mean" : 843.394444,
        "iops_stddev" : 23.066699,
        "iops_samples" : 180
      },
      "write" : {
        "io_bytes" : 0,
        "io_kbytes" : 0,
        "bw_bytes" : 0,
        "bw" : 0,
        "iops" : 0.000000,
        "runtime" : 0,
        "total_ios" : 0,
        "short_ios" : 0,
        "drop_ios" : 0,
        "slat_ns" : {
          "min" : 0,
          "max" : 0,
          "mean" : 0.000000,
          "stddev" : 0.000000,
          "N" : 0
        },
        "clat_ns" : {
          "min" : 0,
          "max" : 0,
          "mean" : 0.000000,
          "stddev" : 0.000000,
          "N" : 0
        },
        "lat_ns" : {
          "min" : 0,
          "max" : 0,
          "mean" : 0.000000,
          "stddev" : 0.000000,
          "N" : 0
        },
        "bw_min" : 0,
        "bw_max" : 0,
        "bw_agg" : 0.000000,
        "bw_mean" : 0.000000,
        "bw_dev" : 0.000000,
        "bw_samples" : 0,
        "iops_min" : 0,
        "iops_max" : 0,
        "iops_mean" : 0.000000,
        "iops_stddev" : 0.000000,
        "iops_samples" : 0
      },
      "trim" : {
        "io_bytes" : 0,
        "io_kbytes" : 0,
        "bw_bytes" : 0,
        "bw" : 0,
        "iops" : 0.000000,
        "runtime" : 0,
        "total_ios" : 0,
        "short_ios" : 0,
        "drop_ios" : 0,
        "slat_ns" : {
          "min" : 0,
          "max" : 0,
          "mean" : 0.000000,
          "stddev" : 0.000000,
          "N" : 0
        },
        "clat_ns" : {
          "min" : 0,
          "max" : 0,
          "mean" : 0.000000,
          "stddev" : 0.000000,
          "N" : 0
        },
        "lat_ns" : {
          "min" : 0,
          "max" : 0,
          "mean" : 0.000000,
          "stddev" : 0.000000,
          "N" : 0
        },
        "bw_min" : 0,
        "bw_max" : 0,
        "bw_agg" : 0.000000,
        "bw_mean" : 0.000000,
        "bw_dev" : 0.000000,
        "bw_samples" : 0,
        "iops_min" : 0,
        "iops_max" : 0,
        "iops_mean" : 0.000000,
        "iops_stddev" : 0.000000,
        "iops_samples" : 0
      },
      "sync" : {
        "total_ios" : 0,
        "lat_ns" : {
          "min" : 0,
          "max" : 0,
          "mean" : 0.000000,
          "stddev" : 0.000000,
          "N" : 0
        }
      },
      "job_runtime" : 180001,
      "usr_cpu" : 0.280554,
      "sys_cpu" : 0.614997,
      "ctx" : 150383,
      "majf" : 0,
      "minf" : 48,
      "iodepth_level" : {
        "1" : 0.100000,
        "2" : 99.999341,
        "4" : 0.000000,
        "8" : 0.000000,
        "16" : 0.000000,
        "32" : 0.000000,
        ">=64" : 0.000000
      },
      "iodepth_submit" : {
        "0" : 0.000000,
        "4" : 100.000000,
        "8" : 0.000000,
        "16" : 0.000000,
        "32" : 0.000000,
        "64" : 0.000000,
        ">=64" : 0.000000
      },
      "iodepth_complete" : {
        "0" : 0.000000,
        "4" : 100.000000,
        "8" : 0.000000,
        "16" : 0.000000,
        "32" : 0.000000,
        "64" : 0.000000,
        ">=64" : 0.000000
      },
      "latency_ns" : {
        "2" : 0.000000,
        "4" : 0.000000,
        "10" : 0.000000,
        "20" : 0.000000,
        "50" : 0.000000,
        "100" : 0.000000,
        "250" : 0.000000,
        "500" : 0.000000,
        "750" : 0.000000,
        "1000" : 0.000000
      },
      "latency_us" : {
        "2" : 0.000000,
        "4" : 0.000000,
        "10" : 0.000000,
        "20" : 0.000000,
        "50" : 0.000000,
        "100" : 0.000000,
        "250" : 0.000000,
        "500" : 0.000000,
        "750" : 0.000000,
        "1000" : 0.000000
      },
      "latency_ms" : {
        "2" : 27.456805,
        "4" : 69.920890,
        "10" : 2.473438,
        "20" : 0.122519,
        "50" : 0.019761,
        "100" : 0.010000,
        "250" : 0.010000,
        "500" : 0.000000,
        "750" : 0.000000,
        "1000" : 0.000000,
        "2000" : 0.000000,
        ">=2000" : 0.000000
      },
      "latency_depth" : 2,
      "latency_target" : 0,
      "latency_percentile" : 100.000000,
      "latency_window" : 0
    },
    {
      "jobname" : "FIOJOB",
      "groupid" : 0,
      "job_start" : 1742509052386,
      "error" : 0,
      "eta" : 0,
      "elapsed" : 181,
      "job options" : {
        "ioengine" : "libaio",
        "rw" : "randread",
        "size" : "10G",
        "bs" : "4k",
        "iodepth" : "2",
        "numjobs" : "2",
        "runtime" : "180",
        "loops" : "1",
        "direct" : "1",
        "log_avg_msec" : "1000",
        "invalidate" : "1",
        "write_bw_log" : "../azuredisks/nvme0n10/4k/randread-iodepth-2-numjobs-2",
        "write_lat_log" : "../azuredisks/nvme0n10/4k/randread-iodepth-2-numjobs-2",
        "write_iops_log" : "../azuredisks/nvme0n10/4k/randread-iodepth-2-numjobs-2",
        "filename" : "/dev/nvme0n10"
      },
      "read" : {
        "io_bytes" : 609038336,
        "io_kbytes" : 594764,
        "bw_bytes" : 3383508,
        "bw" : 3304,
        "iops" : 826.051933,
        "runtime" : 180002,
        "total_ios" : 148691,
        "short_ios" : 0,
        "drop_ios" : 0,
        "slat_ns" : {
          "min" : 1296,
          "max" : 57968,
          "mean" : 2517.363041,
          "stddev" : 1909.669490,
          "N" : 148691
        },
        "clat_ns" : {
          "min" : 1081878,
          "max" : 114123247,