{
  "fio version" : "fio-3.39-28-gd2a4",
  "timestamp" : 1742515441,
  "timestamp_ms" : 1742515441542,
  "time" : "Thu Mar 20 17:04:01 2025",
  "jobs" : [
    {
      "jobname" : "FIOJOB",
      "groupid" : 0,
      "job_start" : 1742515269913,
      "error" : 0,
      "eta" : 0,
      "elapsed" : 172,
      "job options" : {
        "ioengine" : "libaio",
        "rw" : "randread",
        "size" : "10G",
        "bs" : "4k",
        "iodepth" : "64",
        "numjobs" : "2",
        "runtime" : "180",
        "loops" : "1",
        "direct" : "1",
        "log_avg_msec" : "1000",
        "invalidate" : "1",
        "write_bw_log" : "../azuredisks/nvme0n10/4k/randread-iodepth-64-numjobs-2",
        "write_lat_log" : "../azuredisks/nvme0n10/4k/randread-iodepth-64-numjobs-2",
        "write_iops_log" : "../azuredisks/nvme0n10/4k/randread-iodepth-64-numjobs-2",
        "filename" : "/dev/nvme0n10"
      },
      "read" : {
        "io_bytes" : 10737418240,
        "io_kbytes" : 10485760,
        "bw_bytes" : 62650863,
        "bw" : 61182,
        "iops" : 15295.620970,
        "runtime" : 171385,
        "total_ios" : 2621440,
        "short_ios" : 0,
        "drop_ios" : 0,
        "slat_ns" : {
          "min" : 1036,
          "max" : 117319,
          "mean" : 1480.508119,
          "stddev" : 976.891981,
          "N" : 2621440
        },
        "clat_ns" : {
          "min" : 913843,
          "max" : 192530981,
          "mean" : 4182282.461275,
          "stddev" : 6872140.327465,
          "N" : 2621440,
          "percentile" : {
            "1.000000" : 1138688,
            "5.000000" : 1548288,
            "10.000000" : 1761280,
            "20.000000" : 1859584,
            "30.000000" : 1925120,
            "40.000000" : 2007040,
            "50.000000" : 2113536,
            "60.000000" : 2244608,
            "70.000000" : 2441216,
            "80.000000" : 2768896,
            "90.000000" : 4423680,
            "95.000000" : 23199744,
            "99.000000" : 33816576,
            "99.500000" : 38535168,
            "99.900000" : 41156608,
            "99.950000" : 42729472,
            "99.990000" : 107479040
          }
        },
        "lat_ns" : {
          "min" : 915184,
          "max" : 192532299,
          "mean" : 4183762.969394,
          "stddev" : 6872126.830802,
          "N" : 2621440
        },
        "bw_min" : 57988,
        "bw_max" : 66888,
        "bw_agg" : 50.025756,
        "bw_mean" : 61214.847953,
        "bw_dev" : 590.365032,
        "bw_samples" : 171,
        "iops_min" : 14497,
        "iops_max" : 16722,
        "iops_mean" : 15303.543860,
        "iops_stddev" : 147.609748,
        "iops_samples" : 171
      },
      "write" : {
        "io_bytes" : 0,
        "io_kbytes" : 0,
        "bw_bytes" : 0,
        "bw" : 0,
        "iops" : 0.000000,
        "runtime" : 0,
        "total_ios" : 0,
        "short_ios" : 0,
        "drop_ios" : 0,
        "slat_ns" : {
          "min" : 0,
          "max" : 0,
          "mean" : 0.000000,
          "stddev" : 0.000000,
          "N" : 0
        },
        "clat_ns" : {
          "min" : 0,
          "max" : 0,
          "mean" : 0.000000,
          "stddev" : 0.000000,
          "N" : 0
        },
        "lat_ns" : {
          "min" : 0,
          "max" : 0,
          "mean" : 0.000000,
          "stddev" : 0.000000,
          "N" : 0
        },
        "bw_min" : 0,
        "bw_max" : 0,
        "bw_agg" : 0.000000,
        "bw_mean" : 0.000000,
        "bw_dev" : 0.000000,
        "bw_samples" : 0,
        "iops_min" : 0,
        "iops_max" : 0,
        "iops_mean" : 0.000000,
        "iops_stddev" : 0.000000,
        "iops_samples" : 0
      },
      "trim" : {
        "io_bytes" : 0,
        "io_kbytes" : 0,
        "bw_bytes" : 0,
        "bw" : 0,
        "iops" : 0.000000,
        "runtime" : 0,
        "total_ios" : 0,
        "short_ios" : 0,
        "drop_ios" : 0,
        "slat_ns" : {
          "min" : 0,
          "max" : 0,
          "mean" : 0.000000,
          "stddev" : 0.000000,
          "N" : 0
        },
        "clat_ns" : {
          "min" : 0,
          "max" : 0,
          "mean" : 0.000000,
          "stddev" : 0.000000,
          "N" : 0
        },
        "lat_ns" : {
          "min" : 0,
          "max" : 0,
          "mean" : 0.000000,
          "stddev" : 0.000000,
          "N" : 0
        },
        "bw_min" : 0,
        "bw_max" : 0,
        "bw_agg" : 0.000000,
        "bw_mean" : 0.000000,
        "bw_dev" : 0.000000,
        "bw_samples" : 0,
        "iops_min" : 0,
        "iops_max" : 0,
        "iops_mean" : 0.000000,
        "iops_stddev" : 0.000000,
        "iops_samples" : 0
      },
      "sync" : {
        "total_ios" : 0,
        "lat_ns" : {
          "min" : 0,
          "max" : 0,
          "mean" : 0.000000,
          "stddev" : 0.000000,
          "N" : 0
        }
      },
      "job_runtime" : 171384,
      "usr_cpu" : 1.946506,
      "sys_cpu" : 5.488260,
      "ctx" : 1947437,
      "majf" : 0,
      "minf" : 438,
      "iodepth_level" : {
        "1" : 0.100000,
        "2" : 0.100000,
        "4" : 0.100000,
        "8" : 0.100000,
        "16" : 0.100000,
        "32" : 0.100000,
        ">=64" : 99.997597
      },
      "iodepth_submit" : {
        "0" : 0.000000,
        "4" : 100.000000,
        "8" : 0.000000,
        "16" : 0.000000,
        "32" : 0.000000,
        "64" : 0.000000,
        ">=64" : 0.000000
      },
      "iodepth_complete" : {
        "0" : 0.000000,
        "4" : 99.999962,
        "8" : 0.000000,
        "16" : 0.000000,
        "32" : 0.000000,
        "64" : 0.100000,
        ">=64" : 0.000000
      },
      "latency_ns" : {
        "2" : 0.000000,
        "4" : 0.000000,
        "10" : 0.000000,
        "20" : 0.000000,
        "50" : 0.000000,
        "100" : 0.000000,
        "250" : 0.000000,
        "500" : 0.000000,
        "750" : 0.000000,
        "1000" : 0.000000
      },
      "latency_us" : {
        "2" : 0.000000,
        "4" : 0.000000,
        "10" : 0.000000,
        "20" : 0.000000,
        "50" : 0.000000,
        "100" : 0.000000,
        "250" : 0.000000,
        "500" : 0.000000,
        "750" : 0.000000,
        "1000" : 0.010000
      },
      "latency_ms" : {
        "2" : 38.801231,
        "4" : 50.626450,
        "10" : 2.179146,
        "20" : 1.038513,
        "50" : 7.317772,
        "100" : 0.016479,
        "250" : 0.011253,
        "500" : 0.000000,
        "750" : 0.000000,
        "1000" : 0.000000,
        "2000" : 0.000000,
        ">=2000" : 0.000000
      },
      "latency_depth" : 64,
      "latency_target" : 0,
      "latency_percentile" : 100.000000,
      "latency_window" : 0
    },
    {
      "jobname" : "FIOJOB",
      "groupid" : 0,
      "job_start" : 1742515269913,
      "error" : 0,
      "eta" : 0,
      "elapsed" : 172,
      "job options" : {
        "ioengine" : "libaio",
        "rw" : "randread",
        "size" : "10G",
        "bs" : "4k",
        "iodepth" : "64",
        "numjobs" : "2",
        "runtime" : "180",
        "loops" : "1",
        "direct" : "1",
        "log_avg_msec" : "1000",
        "invalidate" : "1",
        "write_bw_log" : "../azuredisks/nvme0n10/4k/randread-iodepth-64-numjobs-2",
        "write_lat_log" : "../azuredisks/nvme0n10/4k/randread-iodepth-64-numjobs-2",
        "write_iops_log" : "../azuredisks/nvme0n10/4k/randread-iodepth-64-numjobs-2",
        "filename" : "/dev/nvme0n10"
      },
      "read" : {
        "io_bytes" : 10737418240,
        "io_kbytes" : 10485760,
        "bw_bytes" : 62675731,
        "bw" : 61206,
        "iops" : 15301.692185,
        "runtime" : 171317,
        "total_ios" : 2621440,
        "short_ios" : 0,
        "drop_ios" : 0,
        "slat_ns" : {
          "min" : 1046,
          "max" : 203395,
          "mean" : 1471.709624,
          "stddev" : 986.497981,
          "N" : 2621440
        },
        "clat_ns" : {
          "min" : 930565,