{
  "fio version" : "fio-3.39-28-gd2a4",
  "timestamp" : 1742515269,
  "timestamp_ms" : 1742515269632,
  "time" : "Thu Mar 20 17:01:09 2025",
  "jobs" : [
    {
      "jobname" : "FIOJOB",
      "groupid" : 0,
      "job_start" : 1742515175753,
      "error" : 0,
      "eta" : 0,
      "elapsed" : 94,
      "job options" : {
        "ioengine" : "libaio",
        "rw" : "randread",
        "size" : "10G",
        "bs" : "4k",
        "iodepth" : "64",
        "numjobs" : "1",
        "runtime" : "180",
        "loops" : "1",
        "direct" : "1",
        "log_avg_msec" : "1000",
        "invalidate" : "1",
        "write_bw_log" : "../azuredisks/nvme0n10/4k/randread-iodepth-64-numjobs-1",
        "write_lat_log" : "../azuredisks/nvme0n10/4k/randread-iodepth-64-numjobs-1",
        "write_iops_log" : "../azuredisks/nvme0n10/4k/randread-iodepth-64-numjobs-1",
        "filename" : "/dev/nvme0n10"
      },
      "read" : {
        "io_bytes" : 10737418240,
        "io_kbytes" : 10485760,
        "bw_bytes" : 114691500,
        "bw" : 112003,
        "iops" : 28000.854518,
        "runtime" : 93620,
        "total_ios" : 2621440,
        "short_ios" : 0,
        "drop_ios" : 0,
        "slat_ns" : {
          "min" : 1044,
          "max" : 170912,
          "mean" : 1403.205557,
          "stddev" : 534.153394,
          "N" : 2621440
        },
        "clat_ns" : {
          "min" : 909911,
          "max" : 191853138,
          "mean" : 2283844.440543,
          "stddev" : 2438712.129006,
          "N" : 2621440,
          "percentile" : {
            "1.000000" : 1105920,
            "5.000000" : 1302528,
            "10.000000" : 1695744,
            "20.000000" : 1794048,
            "30.000000" : 1843200,
            "40.000000" : 1908736,
            "50.000000" : 1974272,
            "60.000000" : 2072576,
            "70.000000" : 2211840,
            "80.000000" : 2408448,
            "90.000000" : 2801664,
            "95.000000" : 3293184,
            "99.000000" : 6520832,
            "99.500000" : 9371648,
            "99.900000" : 41156608,
            "99.950000" : 47972352,
            "99.990000" : 56360960
          }
        },
        "lat_ns" : {
          "min" : 911261,
          "max" : 191854503,
          "mean" : 2285247.646100,
          "stddev" : 2438728.996450,
          "N" : 2621440
        },
        "bw_min" : 23407,
        "bw_max" : 128956,
        "bw_agg" : 100.000000,
        "bw_mean" : 112043.483871,
        "bw_dev" : 22358.580950,
        "bw_samples" : 93,
        "iops_min" : 5851,
        "iops_max" : 32239,
        "iops_mean" : 28010.634409,
        "iops_stddev" : 5589.629862,
        "iops_samples" : 93
      },
      "write" : {
        "io_bytes" : 0,
        "io_kbytes" : 0,
        "bw_bytes" : 0,
        "bw" : 0,
        "iops" : 0.000000,
        "runtime" : 0,
        "total_ios" : 0,
        "short_ios" : 0,
        "drop_ios" : 0,
        "slat_ns" : {
          "min" : 0,
          "max" : 0,
          "mean" : 0.000000,
          "stddev" : 0.000000,
          "N" : 0
        },
        "clat_ns" : {
          "min" : 0,
          "max" : 0,
          "mean" : 0.000000,
          "stddev" : 0.000000,
          "N" : 0
        },
        "lat_ns" : {
          "min" : 0,
          "max" : 0,
          "mean" : 0.000000,
          "stddev" : 0.000000,
          "N" : 0
        },
        "bw_min" : 0,
        "bw_max" : 0,
        "bw_agg" : 0.000000,
        "bw_mean" : 0.000000,
        "bw_dev" : 0.000000,
        "bw_samples" : 0,
        "iops_min" : 0,
        "iops_max" : 0,
        "iops_mean" : 0.000000,
        "iops_stddev" : 0.000000,
        "iops_samples" : 0
      },
      "trim" : {
        "io_bytes" : 0,
        "io_kbytes" : 0,
        "bw_bytes" : 0,
        "bw" : 0,
        "iops" : 0.000000,
        "runtime" : 0,
        "total_ios" : 0,
        "short_ios" : 0,
        "drop_ios" : 0,
        "slat_ns" : {
          "min" : 0,
          "max" : 0,
          "mean" : 0.000000,
          "stddev" : 0.000000,
          "N" : 0
        },
        "clat_ns" : {
          "min" : 0,
          "max" : 0,
          "mean" : 0.000000,
          "stddev" : 0.000000,
          "N" : 0
        },
        "lat_ns" : {
          "min" : 0,
          "max" : 0,
          "mean" : 0.000000,
          "stddev" : 0.000000,
          "N" : 0
        },
        "bw_min" : 0,
        "bw_max" : 0,
        "bw_agg" : 0.000000,
        "bw_mean" : 0.000000,
        "bw_dev" : 0.000000,
        "bw_samples" : 0,
        "iops_min" : 0,
        "iops_max" : 0,
        "iops_mean" : 0.000000,
        "iops_stddev" : 0.000000,
        "iops_samples" : 0
      },
      "sync" : {
        "total_ios" : 0,
        "lat_ns" : {
          "min" : 0,
          "max" : 0,
          "mean" : 0.000000,
          "stddev" : 0.000000,
          "N" : 0
        }
      },
      "job_runtime" : 93619,
      "usr_cpu" : 3.311294,
      "sys_cpu" : 9.908245,
      "ctx" : 1955487,
      "majf" : 0,
      "minf" : 335,
      "iodepth_level" : {
        "1" : 0.100000,
        "2" : 0.100000,
        "4" : 0.100000,
        "8" : 0.100000,
        "16" : 0.100000,
        "32" : 0.100000,
        ">=64" : 99.997597
      },
      "iodepth_submit" : {
        "0" : 0.000000,
        "4" : 100.000000,
        "8" : 0.000000,
        "16" : 0.000000,
        "32" : 0.000000,
        "64" : 0.000000,
        ">=64" : 0.000000
      },
      "iodepth_complete" : {
        "0" : 0.000000,
        "4" : 99.999962,
        "8" : 0.000000,
        "16" : 0.000000,
        "32" : 0.000000,
        "64" : 0.100000,
        ">=64" : 0.000000
      },
      "latency_ns" : {
        "2" : 0.000000,
        "4" : 0.000000,
        "10" : 0.000000,
        "20" : 0.000000,
        "50" : 0.000000,
        "100" : 0.000000,
        "250" : 0.000000,
        "500" : 0.000000,
        "750" : 0.000000,
        "1000" : 0.000000
      },
      "latency_us" : {
        "2" : 0.000000,
        "4" : 0.000000,
        "10" : 0.000000,
        "20" : 0.000000,
        "50" : 0.000000,
        "100" : 0.000000,
        "250" : 0.000000,
        "500" : 0.000000,
        "750" : 0.000000,
        "1000" : 0.031013
      },
      "latency_ms" : {
        "2" : 52.544556,
        "4" : 44.692192,
        "10" : 2.268753,
        "20" : 0.145035,
        "50" : 0.274315,
        "100" : 0.041275,
        "250" : 0.010000,
        "500" : 0.000000,
        "750" : 0.000000,
        "1000" : 0.000000,
        "2000" : 0.000000,
        ">=2000" : 0.000000
      },
      "latency_depth" : 64,
      "latency_target" : 0,
      "latency_percentile" : 100.000000,
      "latency_window" : 0
    }
  ],
  "disk_util" : [
    {
      "name" : "nvme0n10",
      "read_ios" : 2614501,
      "write_ios" : 0,
      "read_sectors" : 20916008,
      "write_sectors" : 0,
      "read_merges" : 0,
      "write_merges" : 0,
      "read_ticks" : 5961699,
      "write_ticks" : 0,
      "in_queue" : 5961699,
      "util" : 99.959321
    }
  ]
}
