{
  "fio version" : "fio-3.39-28-gd2a4",
  "timestamp" : 1742509052,
  "timestamp_ms" : 1742509052104,
  "time" : "Thu Mar 20 15:17:32 2025",
  "jobs" : [
    {
      "jobname" : "FIOJOB",
      "groupid" : 0,
      "job_start" : 1742508871976,
      "error" : 0,
      "eta" : 0,
      "elapsed" : 181,
      "job options" : {
        "ioengine" : "libaio",
        "rw" : "randread",
        "size" : "10G",
        "bs" : "4k",
        "iodepth" : "2",
        "numjobs" : "1",
        "runtime" : "180",
        "loops" : "1",
        "direct" : "1",
        "log_avg_msec" : "1000",
        "invalidate" : "1",
        "write_bw_log" : "../azuredisks/nvme0n10/4k/randread-iodepth-2-numjobs-1",
        "write_lat_log" : "../azuredisks/nvme0n10/4k/randread-iodepth-2-numjobs-1",
        "write_iops_log" : "../azuredisks/nvme0n10/4k/randread-iodepth-2-numjobs-1",
        "filename" : "/dev/nvme0n10"
      },
      "read" : {
        "io_bytes" : 598626304,
        "io_kbytes" : 584596,
        "bw_bytes" : 3325627,
        "bw" : 3247,
        "iops" : 811.920846,
        "runtime" : 180004,
        "total_ios" : 146149,
        "short_ios" : 0,
        "drop_ios" : 0,
        "slat_ns" : {
          "min" : 1358,
          "max" : 65260,
          "mean" : 3594.331230,
          "stddev" : 2416.648335,
          "N" : 146149
        },
        "clat_ns" : {
          "min" : 1053429,
          "max" : 113349036,
          "mean" : 2458541.329205,
          "stddev" : 1044050.269516,
          "N" : 146149,
          "percentile" : {
            "1.000000" : 1810432,
            "5.000000" : 1908736,
            "10.000000" : 1957888,
            "20.000000" : 2039808,
            "30.000000" : 2113536,
            "40.000000" : 2179072,
            "50.000000" : 2244608,
            "60.000000" : 2342912,
            "70.000000" : 2473984,
            "80.000000" : 2670592,
            "90.000000" : 3063808,
            "95.000000" : 3489792,
            "99.000000" : 5799936,
            "99.500000" : 7372800,
            "99.900000" : 11468800,
            "99.950000" : 13959168,
            "99.990000" : 36438016
          }
        },
        "lat_ns" : {
          "min" : 1059135,
          "max" : 113351116,
          "mean" : 2462135.660436,
          "stddev" : 1044076.291335,
          "N" : 146149
        },
        "bw_min" : 2800,
        "bw_max" : 3476,
        "bw_agg" : 100.000000,
        "bw_mean" : 3249.733333,
        "bw_dev" : 88.269306,
        "bw_samples" : 180,
        "iops_min" : 700,
        "iops_max" : 869,
        "iops_mean" : 811.922222,
        "iops_stddev" : 22.039694,
        "iops_samples" : 180
      },
      "write" : {
        "io_bytes" : 0,
        "io_kbytes" : 0,
        "bw_bytes" : 0,
        "bw" : 0,
        "iops" : 0.000000,
        "runtime" : 0,
        "total_ios" : 0,
        "short_ios" : 0,
        "drop_ios" : 0,
        "slat_ns" : {
          "min" : 0,
          "max" : 0,
          "mean" : 0.000000,
          "stddev" : 0.000000,
          "N" : 0
        },
        "clat_ns" : {
          "min" : 0,
          "max" : 0,
          "mean" : 0.000000,
          "stddev" : 0.000000,
          "N" : 0
        },
        "lat_ns" : {
          "min" : 0,
          "max" : 0,
          "mean" : 0.000000,
          "stddev" : 0.000000,
          "N" : 0
        },
        "bw_min" : 0,
        "bw_max" : 0,
        "bw_agg" : 0.000000,
        "bw_mean" : 0.000000,
        "bw_dev" : 0.000000,
        "bw_samples" : 0,
        "iops_min" : 0,
        "iops_max" : 0,
        "iops_mean" : 0.000000,
        "iops_stddev" : 0.000000,
        "iops_samples" : 0
      },
      "trim" : {
        "io_bytes" : 0,
        "io_kbytes" : 0,
        "bw_bytes" : 0,
        "bw" : 0,
        "iops" : 0.000000,
        "runtime" : 0,
        "total_ios" : 0,
        "short_ios" : 0,
        "drop_ios" : 0,
        "slat_ns" : {
          "min" : 0,
          "max" : 0,
          "mean" : 0.000000,
          "stddev" : 0.000000,
          "N" : 0
        },
        "clat_ns" : {
          "min" : 0,
          "max" : 0,
          "mean" : 0.000000,
          "stddev" : 0.000000,
          "N" : 0
        },
        "lat_ns" : {
          "min" : 0,
          "max" : 0,
          "mean" : 0.000000,
          "stddev" : 0.000000,
          "N" : 0
        },
        "bw_min" : 0,
        "bw_max" : 0,
        "bw_agg" : 0.000000,
        "bw_mean" : 0.000000,
        "bw_dev" : 0.000000,
        "bw_samples" : 0,
        "iops_min" : 0,
        "iops_max" : 0,
        "iops_mean" : 0.000000,
        "iops_stddev" : 0.000000,
        "iops_samples" : 0
      },
      "sync" : {
        "total_ios" : 0,
        "lat_ns" : {
          "min" : 0,
          "max" : 0,
          "mean" : 0.000000,
          "stddev" : 0.000000,
          "N" : 0
        }
      },
      "job_runtime" : 180003,
      "usr_cpu" : 0.370549,
      "sys_cpu" : 0.779987,
      "ctx" : 144420,
      "majf" : 0,
      "minf" : 53,
      "iodepth_level" : {
        "1" : 0.100000,
        "2" : 99.999316,
        "4" : 0.000000,
        "8" : 0.000000,
        "16" : 0.000000,
        "32" : 0.000000,
        ">=64" : 0.000000
      },
      "iodepth_submit" : {
        "0" : 0.000000,
        "4" : 100.000000,
        "8" : 0.000000,
        "16" : 0.000000,
        "32" : 0.000000,
        "64" : 0.000000,
        ">=64" : 0.000000
      },
      "iodepth_complete" : {
        "0" : 0.000000,
        "4" : 100.000000,
        "8" : 0.000000,
        "16" : 0.000000,
        "32" : 0.000000,
        "64" : 0.000000,
        ">=64" : 0.000000
      },
      "latency_ns" : {
        "2" : 0.000000,
        "4" : 0.000000,
        "10" : 0.000000,
        "20" : 0.000000,
        "50" : 0.000000,
        "100" : 0.000000,
        "250" : 0.000000,
        "500" : 0.000000,
        "750" : 0.000000,
        "1000" : 0.000000
      },
      "latency_us" : {
        "2" : 0.000000,
        "4" : 0.000000,
        "10" : 0.000000,
        "20" : 0.000000,
        "50" : 0.000000,
        "100" : 0.000000,
        "250" : 0.000000,
        "500" : 0.000000,
        "750" : 0.000000,
        "1000" : 0.000000
      },
      "latency_ms" : {
        "2" : 14.334002,
        "4" : 82.792219,
        "10" : 2.717090,
        "20" : 0.132741,
        "50" : 0.018474,
        "100" : 0.010000,
        "250" : 0.010000,
        "500" : 0.000000,
        "750" : 0.000000,
        "1000" : 0.000000,
        "2000" : 0.000000,
        ">=2000" : 0.000000
      },
      "latency_depth" : 2,
      "latency_target" : 0,
      "latency_percentile" : 100.000000,
      "latency_window" : 0
    }
  ],
  "disk_util" : [
    {
      "name" : "nvme0n10",
      "read_ios" : 146046,
      "write_ios" : 0,
      "read_sectors" : 1168368,
      "write_sectors" : 0,
      "read_merges" : 0,
      "write_merges" : 0,
      "read_ticks" : 357862,
      "write_ticks" : 0,
      "in_queue" : 357862,
      "util" : 100.000000
    }
  ]
}
