{
  "fio version" : "fio-3.39-28-gd2a4",
  "timestamp" : 1742507789,
  "timestamp_ms" : 1742507789203,
  "time" : "Thu Mar 20 14:56:29 2025",
  "jobs" : [
    {
      "jobname" : "FIOJOB",
      "groupid" : 0,
      "job_start" : 1742507609089,
      "error" : 0,
      "eta" : 0,
      "elapsed" : 181,
      "job options" : {
        "ioengine" : "libaio",
        "rw" : "randread",
        "size" : "10G",
        "bs" : "4k",
        "iodepth" : "1",
        "numjobs" : "1",
        "runtime" : "180",
        "loops" : "1",
        "direct" : "1",
        "log_avg_msec" : "1000",
        "invalidate" : "1",
        "write_bw_log" : "../azuredisks/nvme0n10/4k/randread-iodepth-1-numjobs-1",
        "write_lat_log" : "../azuredisks/nvme0n10/4k/randread-iodepth-1-numjobs-1",
        "write_iops_log" : "../azuredisks/nvme0n10/4k/randread-iodepth-1-numjobs-1",
        "filename" : "/dev/nvme0n10"
      },
      "read" : {
        "io_bytes" : 245051392,
        "io_kbytes" : 239308,
        "bw_bytes" : 1361389,
        "bw" : 1329,
        "iops" : 332.370376,
        "runtime" : 180001,
        "total_ios" : 59827,
        "short_ios" : 0,
        "drop_ios" : 0,
        "slat_ns" : {
          "min" : 1507,
          "max" : 67461,
          "mean" : 3985.480753,
          "stddev" : 2717.021910,
          "N" : 59827
        },
        "clat_ns" : {
          "min" : 1379952,
          "max" : 118896980,
          "mean" : 3003350.695087,
          "stddev" : 1337211.718369,
          "N" : 59827,
          "percentile" : {
            "1.000000" : 2023424,
            "5.000000" : 2113536,
            "10.000000" : 2179072,
            "20.000000" : 2277376,
            "30.000000" : 2342912,
            "40.000000" : 2441216,
            "50.000000" : 2572288,
            "60.000000" : 2801664,
            "70.000000" : 3227648,
            "80.000000" : 3686400,
            "90.000000" : 4227072,
            "95.000000" : 4882432,
            "99.000000" : 6914048,
            "99.500000" : 8290304,
            "99.900000" : 13041664,
            "99.950000" : 17432576,
            "99.990000" : 40632320
          }
        },
        "lat_ns" : {
          "min" : 1381809,
          "max" : 118900156,
          "mean" : 3007336.175840,
          "stddev" : 1337263.508190,
          "N" : 59827
        },
        "bw_min" : 984,
        "bw_max" : 1572,
        "bw_agg" : 100.000000,
        "bw_mean" : 1330.127778,
        "bw_dev" : 141.672059,
        "bw_samples" : 180,
        "iops_min" : 246,
        "iops_max" : 393,
        "iops_mean" : 332.366667,
        "iops_stddev" : 35.415475,
        "iops_samples" : 180
      },
      "write" : {
        "io_bytes" : 0,
        "io_kbytes" : 0,
        "bw_bytes" : 0,
        "bw" : 0,
        "iops" : 0.000000,
        "runtime" : 0,
        "total_ios" : 0,
        "short_ios" : 0,
        "drop_ios" : 0,
        "slat_ns" : {
          "min" : 0,
          "max" : 0,
          "mean" : 0.000000,
          "stddev" : 0.000000,
          "N" : 0
        },
        "clat_ns" : {
          "min" : 0,
          "max" : 0,
          "mean" : 0.000000,
          "stddev" : 0.000000,
          "N" : 0
        },
        "lat_ns" : {
          "min" : 0,
          "max" : 0,
          "mean" : 0.000000,
          "stddev" : 0.000000,
          "N" : 0
        },
        "bw_min" : 0,
        "bw_max" : 0,
        "bw_agg" : 0.000000,
        "bw_mean" : 0.000000,
        "bw_dev" : 0.000000,
        "bw_samples" : 0,
        "iops_min" : 0,
        "iops_max" : 0,
        "iops_mean" : 0.000000,
        "iops_stddev" : 0.000000,
        "iops_samples" : 0
      },
      "trim" : {
        "io_bytes" : 0,
        "io_kbytes" : 0,
        "bw_bytes" : 0,
        "bw" : 0,
        "iops" : 0.000000,
        "runtime" : 0,
        "total_ios" : 0,
        "short_ios" : 0,
        "drop_ios" : 0,
        "slat_ns" : {
          "min" : 0,
          "max" : 0,
          "mean" : 0.000000,
          "stddev" : 0.000000,
          "N" : 0
        },
        "clat_ns" : {
          "min" : 0,
          "max" : 0,
          "mean" : 0.000000,
          "stddev" : 0.000000,
          "N" : 0
        },
        "lat_ns" : {
          "min" : 0,
          "max" : 0,
          "mean" : 0.000000,
          "stddev" : 0.000000,
          "N" : 0
        },
        "bw_min" : 0,
        "bw_max" : 0,
        "bw_agg" : 0.000000,
        "bw_mean" : 0.000000,
        "bw_dev" : 0.000000,
        "bw_samples" : 0,
        "iops_min" : 0,
        "iops_max" : 0,
        "iops_mean" : 0.000000,
        "iops_stddev" : 0.000000,
        "iops_samples" : 0
      },
      "sync" : {
        "total_ios" : 0,
        "lat_ns" : {
          "min" : 0,
          "max" : 0,
          "mean" : 0.000000,
          "stddev" : 0.000000,
          "N" : 0
        }
      },
      "job_runtime" : 180000,
      "usr_cpu" : 0.181111,
      "sys_cpu" : 0.351667,
      "ctx" : 59828,
      "majf" : 0,
      "minf" : 45,
      "iodepth_level" : {
        "1" : 100.000000,
        "2" : 0.000000,
        "4" : 0.000000,
        "8" : 0.000000,
        "16" : 0.000000,
        "32" : 0.000000,
        ">=64" : 0.000000
      },
      "iodepth_submit" : {
        "0" : 0.000000,
        "4" : 100.000000,
        "8" : 0.000000,
        "16" : 0.000000,
        "32" : 0.000000,
        "64" : 0.000000,
        ">=64" : 0.000000
      },
      "iodepth_complete" : {
        "0" : 0.000000,
        "4" : 100.000000,
        "8" : 0.000000,
        "16" : 0.000000,
        "32" : 0.000000,
        "64" : 0.000000,
        ">=64" : 0.000000
      },
      "latency_ns" : {
        "2" : 0.000000,
        "4" : 0.000000,
        "10" : 0.000000,
        "20" : 0.000000,
        "50" : 0.000000,
        "100" : 0.000000,
        "250" : 0.000000,
        "500" : 0.000000,
        "750" : 0.000000,
        "1000" : 0.000000
      },
      "latency_us" : {
        "2" : 0.000000,
        "4" : 0.000000,
        "10" : 0.000000,
        "20" : 0.000000,
        "50" : 0.000000,
        "100" : 0.000000,
        "250" : 0.000000,
        "500" : 0.000000,
        "750" : 0.000000,
        "1000" : 0.000000
      },
      "latency_ms" : {
        "2" : 0.683638,
        "4" : 86.118308,
        "10" : 12.937303,
        "20" : 0.223979,
        "50" : 0.030087,
        "100" : 0.010000,
        "250" : 0.010000,
        "500" : 0.000000,
        "750" : 0.000000,
        "1000" : 0.000000,
        "2000" : 0.000000,
        ">=2000" : 0.000000
      },
      "latency_depth" : 1,
      "latency_target" : 0,
      "latency_percentile" : 100.000000,
      "latency_window" : 0
    }
  ],
  "disk_util" : [
    {
      "name" : "nvme0n10",
      "read_ios" : 59775,
      "write_ios" : 0,
      "read_sectors" : 478200,
      "write_sectors" : 0,
      "read_merges" : 0,
      "write_merges" : 0,
      "read_ticks" : 178994,
      "write_ticks" : 0,
      "in_queue" : 178994,
      "util" : 99.550128
    }
  ]
}
