{
  "fio version" : "fio-3.39-28-gd2a4",
  "timestamp" : 1742512840,
  "timestamp_ms" : 1742512840963,
  "time" : "Thu Mar 20 16:20:40 2025",
  "jobs" : [
    {
      "jobname" : "FIOJOB",
      "groupid" : 0,
      "job_start" : 1742512660834,
      "error" : 0,
      "eta" : 0,
      "elapsed" : 181,
      "job options" : {
        "ioengine" : "libaio",
        "rw" : "randread",
        "size" : "10G",
        "bs" : "4k",
        "iodepth" : "16",
        "numjobs" : "1",
        "runtime" : "180",
        "loops" : "1",
        "direct" : "1",
        "log_avg_msec" : "1000",
        "invalidate" : "1",
        "write_bw_log" : "../azuredisks/nvme0n10/4k/randread-iodepth-16-numjobs-1",
        "write_lat_log" : "../azuredisks/nvme0n10/4k/randread-iodepth-16-numjobs-1",
        "write_iops_log" : "../azuredisks/nvme0n10/4k/randread-iodepth-16-numjobs-1",
        "filename" : "/dev/nvme0n10"
      },
      "read" : {
        "io_bytes" : 5382684672,
        "io_kbytes" : 5256528,
        "bw_bytes" : 29903305,
        "bw" : 29202,
        "iops" : 7300.611656,
        "runtime" : 180003,
        "total_ios" : 1314132,
        "short_ios" : 0,
        "drop_ios" : 0,
        "slat_ns" : {
          "min" : 1051,
          "max" : 102953,
          "mean" : 1525.377301,
          "stddev" : 1156.913395,
          "N" : 1314132
        },
        "clat_ns" : {
          "min" : 955016,
          "max" : 88486501,
          "mean" : 2189601.566170,
          "stddev" : 845467.167727,
          "N" : 1314132,
          "percentile" : {
            "1.000000" : 1236992,
            "5.000000" : 1728512,
            "10.000000" : 1777664,
            "20.000000" : 1843200,
            "30.000000" : 1892352,
            "40.000000" : 1941504,
            "50.000000" : 2007040,
            "60.000000" : 2088960,
            "70.000000" : 2211840,
            "80.000000" : 2408448,
            "90.000000" : 2736128,
            "95.000000" : 3096576,
            "99.000000" : 4816896,
            "99.500000" : 6324224,
            "99.900000" : 9764864,
            "99.950000" : 12255232,
            "99.990000" : 27131904
          }
        },
        "lat_ns" : {
          "min" : 956318,
          "max" : 88488099,
          "mean" : 2191126.943471,
          "stddev" : 845481.707714,
          "N" : 1314132
        },
        "bw_min" : 26800,
        "bw_max" : 30666,
        "bw_agg" : 100.000000,
        "bw_mean" : 29218.833333,
        "bw_dev" : 599.229044,
        "bw_samples" : 180,
        "iops_min" : 6700,
        "iops_max" : 7666,
        "iops_mean" : 7304.583333,
        "iops_stddev" : 149.797363,
        "iops_samples" : 180
      },
      "write" : {
        "io_bytes" : 0,
        "io_kbytes" : 0,
        "bw_bytes" : 0,
        "bw" : 0,
        "iops" : 0.000000,
        "runtime" : 0,
        "total_ios" : 0,
        "short_ios" : 0,
        "drop_ios" : 0,
        "slat_ns" : {
          "min" : 0,
          "max" : 0,
          "mean" : 0.000000,
          "stddev" : 0.000000,
          "N" : 0
        },
        "clat_ns" : {
          "min" : 0,
          "max" : 0,
          "mean" : 0.000000,
          "stddev" : 0.000000,
          "N" : 0
        },
        "lat_ns" : {
          "min" : 0,
          "max" : 0,
          "mean" : 0.000000,
          "stddev" : 0.000000,
          "N" : 0
        },
        "bw_min" : 0,
        "bw_max" : 0,
        "bw_agg" : 0.000000,
        "bw_mean" : 0.000000,
        "bw_dev" : 0.000000,
        "bw_samples" : 0,
        "iops_min" : 0,
        "iops_max" : 0,
        "iops_mean" : 0.000000,
        "iops_stddev" : 0.000000,
        "iops_samples" : 0
      },
      "trim" : {
        "io_bytes" : 0,
        "io_kbytes" : 0,
        "bw_bytes" : 0,
        "bw" : 0,
        "iops" : 0.000000,
        "runtime" : 0,
        "total_ios" : 0,
        "short_ios" : 0,
        "drop_ios" : 0,
        "slat_ns" : {
          "min" : 0,
          "max" : 0,
          "mean" : 0.000000,
          "stddev" : 0.000000,
          "N" : 0
        },
        "clat_ns" : {
          "min" : 0,
          "max" : 0,
          "mean" : 0.000000,
          "stddev" : 0.000000,
          "N" : 0
        },
        "lat_ns" : {
          "min" : 0,
          "max" : 0,
          "mean" : 0.000000,
          "stddev" : 0.000000,
          "N" : 0
        },
        "bw_min" : 0,
        "bw_max" : 0,
        "bw_agg" : 0.000000,
        "bw_mean" : 0.000000,
        "bw_dev" : 0.000000,
        "bw_samples" : 0,
        "iops_min" : 0,
        "iops_max" : 0,
        "iops_mean" : 0.000000,
        "iops_stddev" : 0.000000,
        "iops_samples" : 0
      },
      "sync" : {
        "total_ios" : 0,
        "lat_ns" : {
          "min" : 0,
          "max" : 0,
          "mean" : 0.000000,
          "stddev" : 0.000000,
          "N" : 0
        }
      },
      "job_runtime" : 180002,
      "usr_cpu" : 1.069988,
      "sys_cpu" : 3.323296,
      "ctx" : 1205904,
      "majf" : 0,
      "minf" : 62,
      "iodepth_level" : {
        "1" : 0.100000,
        "2" : 0.100000,
        "4" : 0.100000,
        "8" : 0.100000,
        "16" : 99.998859,
        "32" : 0.000000,
        ">=64" : 0.000000
      },
      "iodepth_submit" : {
        "0" : 0.000000,
        "4" : 100.000000,
        "8" : 0.000000,
        "16" : 0.000000,
        "32" : 0.000000,
        "64" : 0.000000,
        ">=64" : 0.000000
      },
      "iodepth_complete" : {
        "0" : 0.000000,
        "4" : 99.999924,
        "8" : 0.000000,
        "16" : 0.100000,
        "32" : 0.000000,
        "64" : 0.000000,
        ">=64" : 0.000000
      },
      "latency_ns" : {
        "2" : 0.000000,
        "4" : 0.000000,
        "10" : 0.000000,
        "20" : 0.000000,
        "50" : 0.000000,
        "100" : 0.000000,
        "250" : 0.000000,
        "500" : 0.000000,
        "750" : 0.000000,
        "1000" : 0.000000
      },
      "latency_us" : {
        "2" : 0.000000,
        "4" : 0.000000,
        "10" : 0.000000,
        "20" : 0.000000,
        "50" : 0.000000,
        "100" : 0.000000,
        "250" : 0.000000,
        "500" : 0.000000,
        "750" : 0.000000,
        "1000" : 0.010000
      },
      "latency_ms" : {
        "2" : 48.772498,
        "4" : 49.507203,
        "10" : 1.623581,
        "20" : 0.069171,
        "50" : 0.019328,
        "100" : 0.010000,
        "250" : 0.000000,
        "500" : 0.000000,
        "750" : 0.000000,
        "1000" : 0.000000,
        "2000" : 0.000000,
        ">=2000" : 0.000000
      },
      "latency_depth" : 16,
      "latency_target" : 0,
      "latency_percentile" : 100.000000,
      "latency_window" : 0
    }
  ],
  "disk_util" : [
    {
      "name" : "nvme0n10",
      "read_ios" : 1313197,
      "write_ios" : 0,
      "read_sectors" : 10505576,
      "write_sectors" : 0,
      "read_merges" : 0,
      "write_merges" : 0,
      "read_ticks" : 2870115,
      "write_ticks" : 0,
      "in_queue" : 2870115,
      "util" : 100.000000
    }
  ]
}
