{
  "fio version" : "fio-3.39-28-gd2a4",
  "timestamp" : 1742255629,
  "timestamp_ms" : 1742255629774,
  "time" : "Mon Mar 17 16:53:49 2025",
  "jobs" : [
    {
      "jobname" : "lat_test_qd_1",
      "groupid" : 0,
      "job_start" : 1742253829654,
      "error" : 0,
      "eta" : 0,
      "elapsed" : 1801,
      "job options" : {
        "name" : "lat_test_qd_1",
        "filename" : "/dev/nvme0n2",
        "ioengine" : "libaio",
        "direct" : "1",
        "size" : "1G",
        "runtime" : "1800",
        "time_based" : "1",
        "bs" : "4k",
        "rw" : "randrw",
        "rwmixread" : "70",
        "numjobs" : "1",
        "group_reporting" : "1",
        "log_avg_msec" : "1000",
        "iodepth" : "1",
        "write_lat_log" : "logs/latency_by_qd_1"
      },
      "read" : {
        "io_bytes" : 2736001024,
        "io_kbytes" : 2671876,
        "bw_bytes" : 1519999,
        "bw" : 1484,
        "iops" : 371.093683,
        "runtime" : 1800001,
        "total_ios" : 667969,
        "short_ios" : 0,
        "drop_ios" : 0,
        "slat_ns" : {
          "min" : 1403,
          "max" : 226525,
          "mean" : 3750.093620,
          "stddev" : 2755.867241,
          "N" : 667969
        },
        "clat_ns" : {
          "min" : 1326717,
          "max" : 190039069,
          "mean" : 2111663.217250,
          "stddev" : 1339597.065853,
          "N" : 667969,
          "percentile" : {
            "1.000000" : 1613824,
            "5.000000" : 1695744,
            "10.000000" : 1744896,
            "20.000000" : 1810432,
            "30.000000" : 1875968,
            "40.000000" : 1925120,
            "50.000000" : 1974272,
            "60.000000" : 2039808,
            "70.000000" : 2113536,
            "80.000000" : 2211840,
            "90.000000" : 2441216,
            "95.000000" : 2736128,
            "99.000000" : 4358144,
            "99.500000" : 5799936,
            "99.900000" : 10551296,
            "99.950000" : 14745600,
            "99.990000" : 62652416
          }
        },
        "lat_ns" : {
          "min" : 1328433,
          "max" : 190044500,
          "mean" : 2115413.310869,
          "stddev" : 1339615.678392,
          "N" : 667969
        },
        "bw_min" : 777,
        "bw_max" : 1720,
        "bw_agg" : 100.000000,
        "bw_mean" : 1485.353987,
        "bw_dev" : 84.836538,
        "bw_samples" : 3599,
        "iops_min" : 194,
        "iops_max" : 430,
        "iops_mean" : 371.122534,
        "iops_stddev" : 21.178146,
        "iops_samples" : 3599
      },
      "write" : {
        "io_bytes" : 1173606400,
        "io_kbytes" : 1146100,
        "bw_bytes" : 652003,
        "bw" : 636,
        "iops" : 159.180467,
        "runtime" : 1800001,
        "total_ios" : 286525,
        "short_ios" : 0,
        "drop_ios" : 0,
        "slat_ns" : {
          "min" : 1420,
          "max" : 75602,
          "mean" : 3886.731758,
          "stddev" : 2787.466608,
          "N" : 286525
        },
        "clat_ns" : {
          "min" : 697930,
          "max" : 188312206,
          "mean" : 1342457.981436,
          "stddev" : 1240041.979712,
          "N" : 286525,
          "percentile" : {
            "1.000000" : 823296,
            "5.000000" : 872448,
            "10.000000" : 905216,
            "20.000000" : 954368,
            "30.000000" : 995328,
            "40.000000" : 1036288,
            "50.000000" : 1073152,
            "60.000000" : 1138688,
            "70.000000" : 1220608,
            "80.000000" : 1384448,
            "90.000000" : 1859584,
            "95.000000" : 2703360,
            "99.000000" : 5341184,
            "99.500000" : 7045120,
            "99.900000" : 11993088,
            "99.950000" : 14876672,
            "99.990000" : 41680896
          }
        },
        "lat_ns" : {
          "min" : 703774,
          "max" : 188313841,
          "mean" : 1346344.713194,
          "stddev" : 1240069.830899,
          "N" : 286525
        },
        "bw_min" : 336,
        "bw_max" : 905,
        "bw_agg" : 100.000000,
        "bw_mean" : 637.105029,
        "bw_dev" : 74.826021,
        "bw_samples" : 3599,
        "iops_min" : 84,
        "iops_max" : 226,
        "iops_mean" : 159.190331,
        "iops_stddev" : 18.701338,
        "iops_samples" : 3599
      },
      "trim" : {
        "io_bytes" : 0,
        "io_kbytes" : 0,
        "bw_bytes" : 0,
        "bw" : 0,
        "iops" : 0.000000,
        "runtime" : 0,
        "total_ios" : 0,
        "short_ios" : 0,
        "drop_ios" : 0,
        "slat_ns" : {
          "min" : 0,
          "max" : 0,
          "mean" : 0.000000,
          "stddev" : 0.000000,
          "N" : 0
        },
        "clat_ns" : {
          "min" : 0,
          "max" : 0,
          "mean" : 0.000000,
          "stddev" : 0.000000,
          "N" : 0
        },
        "lat_ns" : {
          "min" : 0,
          "max" : 0,
          "mean" : 0.000000,
          "stddev" : 0.000000,
          "N" : 0
        },
        "bw_min" : 0,
        "bw_max" : 0,
        "bw_agg" : 0.000000,
        "bw_mean" : 0.000000,
        "bw_dev" : 0.000000,
        "bw_samples" : 0,
        "iops_min" : 0,
        "iops_max" : 0,
        "iops_mean" : 0.000000,
        "iops_stddev" : 0.000000,
        "iops_samples" : 0
      },
      "sync" : {
        "total_ios" : 0,
        "lat_ns" : {
          "min" : 0,
          "max" : 0,
          "mean" : 0.000000,
          "stddev" : 0.000000,
          "N" : 0
        }
      },
      "job_runtime" : 1800000,
      "usr_cpu" : 0.272389,
      "sys_cpu" : 0.539333,
      "ctx" : 954495,
      "majf" : 0,
      "minf" : 191,
      "iodepth_level" : {
        "1" : 100.000000,
        "2" : 0.000000,
        "4" : 0.000000,
        "8" : 0.000000,
        "16" : 0.000000,
        "32" : 0.000000,
        ">=64" : 0.000000
      },
      "iodepth_submit" : {
        "0" : 0.000000,
        "4" : 100.000000,
        "8" : 0.000000,
        "16" : 0.000000,
        "32" : 0.000000,
        "64" : 0.000000,
        ">=64" : 0.000000
      },
      "iodepth_complete" : {
        "0" : 0.000000,
        "4" : 100.000000,
        "8" : 0.000000,
        "16" : 0.000000,
        "32" : 0.000000,
        "64" : 0.000000,
        ">=64" : 0.000000
      },
      "latency_ns" : {
        "2" : 0.000000,
        "4" : 0.000000,
        "10" : 0.000000,
        "20" : 0.000000,
        "50" : 0.000000,
        "100" : 0.000000,
        "250" : 0.000000,
        "500" : 0.000000,
        "750" : 0.000000,
        "1000" : 0.000000
      },
      "latency_us" : {
        "2" : 0.000000,
        "4" : 0.000000,
        "10" : 0.000000,
        "20" : 0.000000,
        "50" : 0.000000,
        "100" : 0.000000,
        "250" : 0.000000,
        "500" : 0.000000,
        "750" : 0.010000,
        "1000" : 9.558468
      },
      "latency_ms" : {
        "2" : 55.236911,
        "4" : 33.646518,
        "10" : 1.423477,
        "20" : 0.097434,
        "50" : 0.021268,
        "100" : 0.010000,
        "250" : 0.010000,
        "500" : 0.000000,
        "750" : 0.000000,
        "1000" : 0.000000,
        "2000" : 0.000000,
        ">=2000" : 0.000000
      },
      "latency_depth" : 1,
      "latency_target" : 0,
      "latency_percentile" : 100.000000,
      "latency_window" : 0
    }
  ],
  "disk_util" : [
    {
      "name" : "nvme0n2",
      "read_ios" : 667966,
      "write_ios" : 286510,
      "read_sectors" : 5345432,
      "write_sectors" : 2292080,
      "read_merges" : 0,
      "write_merges" : 0,
      "read_ticks" : 1404635,
      "write_ticks" : 382106,
      "in_queue" : 1786742,
      "util" : 99.286162
    }
  ]
}
