{
  "fio version" : "fio-3.39-28-gd2a4",
  "timestamp" : 1742257430,
  "timestamp_ms" : 1742257430220,
  "time" : "Mon Mar 17 17:23:50 2025",
  "jobs" : [
    {
      "jobname" : "lat_test_qd_2",
      "groupid" : 0,
      "job_start" : 1742255630099,
      "error" : 0,
      "eta" : 0,
      "elapsed" : 1801,
      "job options" : {
        "name" : "lat_test_qd_2",
        "filename" : "/dev/nvme0n2",
        "ioengine" : "libaio",
        "direct" : "1",
        "size" : "1G",
        "runtime" : "1800",
        "time_based" : "1",
        "bs" : "4k",
        "rw" : "randrw",
        "rwmixread" : "70",
        "numjobs" : "1",
        "group_reporting" : "1",
        "log_avg_msec" : "1000",
        "iodepth" : "2",
        "write_lat_log" : "logs/latency_by_qd_2"
      },
      "read" : {
        "io_bytes" : 5424488448,
        "io_kbytes" : 5297352,
        "bw_bytes" : 3013601,
        "bw" : 2942,
        "iops" : 735.742516,
        "runtime" : 1800002,
        "total_ios" : 1324338,
        "short_ios" : 0,
        "drop_ios" : 0,
        "slat_ns" : {
          "min" : 1087,
          "max" : 121812,
          "mean" : 3433.442289,
          "stddev" : 2530.751254,
          "N" : 1324338
        },
        "clat_ns" : {
          "min" : 1314797,
          "max" : 201261058,
          "mean" : 2128852.449024,
          "stddev" : 1242518.810806,
          "N" : 1324338,
          "percentile" : {
            "1.000000" : 1597440,
            "5.000000" : 1679360,
            "10.000000" : 1728512,
            "20.000000" : 1810432,
            "30.000000" : 1859584,
            "40.000000" : 1925120,
            "50.000000" : 1990656,
            "60.000000" : 2056192,
            "70.000000" : 2146304,
            "80.000000" : 2244608,
            "90.000000" : 2506752,
            "95.000000" : 2834432,
            "99.000000" : 4751360,
            "99.500000" : 6324224,
            "99.900000" : 11075584,
            "99.950000" : 15400960,
            "99.990000" : 55836672
          }
        },
        "lat_ns" : {
          "min" : 1316357,
          "max" : 201264248,
          "mean" : 2132285.891313,
          "stddev" : 1242539.596827,
          "N" : 1324338
        },
        "bw_min" : 1312,
        "bw_max" : 3432,
        "bw_agg" : 100.000000,
        "bw_mean" : 2944.824396,
        "bw_dev" : 161.898230,
        "bw_samples" : 3599,
        "iops_min" : 328,
        "iops_max" : 858,
        "iops_mean" : 736.099750,
        "iops_stddev" : 40.456144,
        "iops_samples" : 3599
      },
      "write" : {
        "io_bytes" : 2326536192,
        "io_kbytes" : 2272008,
        "bw_bytes" : 1292518,
        "bw" : 1262,
        "iops" : 315.556316,
        "runtime" : 1800002,
        "total_ios" : 568002,
        "short_ios" : 0,
        "drop_ios" : 0,
        "slat_ns" : {
          "min" : 1172,
          "max" : 192637,
          "mean" : 3558.472030,
          "stddev" : 2622.457993,
          "N" : 568002
        },
        "clat_ns" : {
          "min" : 692751,
          "max" : 185667222,
          "mean" : 1358901.358030,
          "stddev" : 1281165.573889,
          "N" : 568002,
          "percentile" : {
            "1.000000" : 815104,
            "5.000000" : 864256,
            "10.000000" : 897024,
            "20.000000" : 946176,
            "30.000000" : 987136,
            "40.000000" : 1028096,
            "50.000000" : 1073152,
            "60.000000" : 1138688,
            "70.000000" : 1220608,
            "80.000000" : 1400832,
            "90.000000" : 1957888,
            "95.000000" : 2932736,
            "99.000000" : 5472256,
            "99.500000" : 7045120,
            "99.900000" : 11468800,
            "99.950000" : 13959168,
            "99.990000" : 43253760
          }
        },
        "lat_ns" : {
          "min" : 694431,
          "max" : 185668817,
          "mean" : 1362459.830060,
          "stddev" : 1281187.291899,
          "N" : 568002
        },
        "bw_min" : 624,
        "bw_max" : 1707,
        "bw_agg" : 99.982205,
        "bw_mean" : 1262.959989,
        "bw_dev" : 116.869145,
        "bw_samples" : 3599,
        "iops_min" : 156,
        "iops_max" : 426,
        "iops_mean" : 315.579883,
        "iops_stddev" : 29.221228,
        "iops_samples" : 3599
      },
      "trim" : {
        "io_bytes" : 0,
        "io_kbytes" : 0,
        "bw_bytes" : 0,
        "bw" : 0,
        "iops" : 0.000000,
        "runtime" : 0,
        "total_ios" : 0,
        "short_ios" : 0,
        "drop_ios" : 0,
        "slat_ns" : {
          "min" : 0,
          "max" : 0,
          "mean" : 0.000000,
          "stddev" : 0.000000,
          "N" : 0
        },
        "clat_ns" : {
          "min" : 0,
          "max" : 0,
          "mean" : 0.000000,
          "stddev" : 0.000000,
          "N" : 0
        },
        "lat_ns" : {
          "min" : 0,
          "max" : 0,
          "mean" : 0.000000,
          "stddev" : 0.000000,
          "N" : 0
        },
        "bw_min" : 0,
        "bw_max" : 0,
        "bw_agg" : 0.000000,
        "bw_mean" : 0.000000,
        "bw_dev" : 0.000000,
        "bw_samples" : 0,
        "iops_min" : 0,
        "iops_max" : 0,
        "iops_mean" : 0.000000,
        "iops_stddev" : 0.000000,
        "iops_samples" : 0
      },
      "sync" : {
        "total_ios" : 0,
        "lat_ns" : {
          "min" : 0,
          "max" : 0,
          "mean" : 0.000000,
          "stddev" : 0.000000,
          "N" : 0
        }
      },
      "job_runtime" : 1800001,
      "usr_cpu" : 0.480278,
      "sys_cpu" : 1.039333,
      "ctx" : 1863137,
      "majf" : 0,
      "minf" : 191,
      "iodepth_level" : {
        "1" : 0.100000,
        "2" : 99.999947,
        "4" : 0.000000,
        "8" : 0.000000,
        "16" : 0.000000,
        "32" : 0.000000,
        ">=64" : 0.000000
      },
      "iodepth_submit" : {
        "0" : 0.000000,
        "4" : 100.000000,
        "8" : 0.000000,
        "16" : 0.000000,
        "32" : 0.000000,
        "64" : 0.000000,
        ">=64" : 0.000000
      },
      "iodepth_complete" : {
        "0" : 0.000000,
        "4" : 100.000000,
        "8" : 0.000000,
        "16" : 0.000000,
        "32" : 0.000000,
        "64" : 0.000000,
        ">=64" : 0.000000
      },
      "latency_ns" : {
        "2" : 0.000000,
        "4" : 0.000000,
        "10" : 0.000000,
        "20" : 0.000000,
        "50" : 0.000000,
        "100" : 0.000000,
        "250" : 0.000000,
        "500" : 0.000000,
        "750" : 0.000000,
        "1000" : 0.000000
      },
      "latency_us" : {
        "2" : 0.000000,
        "4" : 0.000000,
        "10" : 0.000000,
        "20" : 0.000000,
        "50" : 0.000000,
        "100" : 0.000000,
        "250" : 0.000000,
        "500" : 0.000000,
        "750" : 0.010000,
        "1000" : 10.148599
      },
      "latency_ms" : {
        "2" : 53.879430,
        "4" : 34.140746,
        "10" : 1.684845,
        "20" : 0.106376,
        "50" : 0.022723,
        "100" : 0.010000,
        "250" : 0.010000,
        "500" : 0.000000,
        "750" : 0.000000,
        "1000" : 0.000000,
        "2000" : 0.000000,
        ">=2000" : 0.000000
      },
      "latency_depth" : 2,
      "latency_target" : 0,
      "latency_percentile" : 100.000000,
      "latency_window" : 0
    }
  ],
  "disk_util" : [
    {
      "name" : "nvme0n2",
      "read_ios" : 1324287,
      "write_ios" : 567961,
      "read_sectors" : 10596000,
      "write_sectors" : 4543688,
      "read_merges" : 0,
      "write_merges" : 0,
      "read_ticks" : 2807586,
      "write_ticks" : 766946,
      "in_queue" : 3574532,
      "util" : 100.000000
    }
  ]
}
